"PaymentTypeCode","PayMonth","Payments","Amount"
"CH","2026-09","16","259658.3100"
"GECAF","2026-09","4","30380.4200"
"PDIM","2026-09","2","216.5400"
"PT","2026-09","180","0.0000"
"STRIP","2026-09","564","1124559.0800"
"WIRE","2026-09","2","106957.6900"
"CH","2026-08","14","165997.1300"
"GECAF","2026-08","4","6653.9200"
"PT","2026-08","192","0.0000"
"STRIP","2026-08","568","1417504.1500"
"CASH","2026-07","2","299.2000"
"CH","2026-07","17","223614.7900"
"GECAF","2026-07","9","47517.7700"
"PDIM","2026-07","1","1404.0000"
"PT","2026-07","210","0.0000"
"STRIP","2026-07","520","1387321.5200"
"CASH","2026-06","2","15379.0700"
"CH","2026-06","18","300945.9600"
"GECAF","2026-06","7","57888.9000"
"PDIM","2026-06","13","5481.0700"
"PT","2026-06","212","739.9200"
"STRIP","2026-06","611","1711840.6600"
"CASH","2026-05","2","2684.8000"
"CH","2026-05","15","334389.8800"
"GECAF","2026-05","9","56813.1700"
"PDIM","2026-05","40","17657.6200"
"PT","2026-05","174","0.0000"
"STRIP","2026-05","561","1399019.4100"
"WIRE","2026-05","2","11124.9700"
"CASH","2026-04","1","63.8700"
"CH","2026-04","11","188509.4500"
"GECAF","2026-04","6","38223.0900"
"PDIM","2026-04","156","146293.9100"
"PT","2026-04","197","-201.3500"
"STRIP","2026-04","451","1194730.3100"
"WELLS","2026-04","1","7890.9000"
"WIRE","2026-04","1","40795.0400"
"CASH","2026-03","2","3523.6100"
"CH","2026-03","8","142668.2800"
"GECAF","2026-03","5","35973.9400"
"PDIM","2026-03","580","1302356.4800"
"PT","2026-03","194","0.0100"
"STRIP","2026-03","1","626.7100"
"WIRE","2026-03","5","210943.8200"
"CH","2026-02","22","260837.8300"
"GECAF","2026-02","3","18678.1200"
"PDIM","2026-02","519","1400530.2800"
"PT","2026-02","190","0.0200"
"WIRE","2026-02","1","57229.2900"
"CASH","2026-01","2","3388.6400"
"CH","2026-01","22","485195.3200"
"GECAF","2026-01","3","8510.9500"
"PDIM","2026-01","547","1711443.6900"
"PT","2026-01","142","0.0000"
"WIRE","2026-01","4","280069.3700"
"CASH","2025-12","2","7607.3300"
"CH","2025-12","9","134799.1000"
"GECAF","2025-12","7","44021.1400"
"PDIM","2025-12","540","1807463.9400"
"PT","2025-12","148","0.0000"
"CASH","2025-11","1","6118.0300"
"CH","2025-11","13","118518.9400"
"GECAF","2025-11","5","41422.0200"
"PDIM","2025-11","461","1150977.9700"
"PT","2025-11","124","0.0000"
"WIRE","2025-11","2","51053.0800"
"CASH","2025-10","2","12863.0600"
"CH","2025-10","12","73550.8900"
"GECAF","2025-10","7","52858.5200"
"PDIM","2025-10","533","1280907.5700"
"PT","2025-10","156","0.0000"
"WIRE","2025-10","4","202355.4600"
"CASH","2025-09","2","5227.6000"
"CH","2025-09","13","256158.2600"
"GECAF","2025-09","4","13223.3300"
"PDIM","2025-09","518","1495520.3000"
"PT","2025-09","167","-173.1500"
"WIRE","2025-09","2","61186.2900"
"CASH","2025-08","1","17.3100"
"CH","2025-08","15","172925.7000"
"GECAF","2025-08","6","34862.1000"
"PDIM","2025-08","484","1059538.9700"
"PT","2025-08","145","108.2500"
"CASH","2025-07","1","12.9900"
"CH","2025-07","18","678214.9900"
"GECAF","2025-07","11","55226.7000"
"PDIM","2025-07","557","1164595.3200"
"PT","2025-07","171","-3934.2200"
"WIRE","2025-07","3","74545.7900"
"CASH","2025-06","2","1546.8500"
"CH","2025-06","22","353844.9500"
"GECAF","2025-06","6","33277.4900"
"PDIM","2025-06","554","1278068.8000"
"PT","2025-06","134","-2799.3800"
"CASH","2025-05","9","41022.5600"
"CH","2025-05","24","351628.5800"
"EFT","2025-05","7","1279.5300"
"GECAF","2025-05","3","10146.9200"
"PDIM","2025-05","599","1412621.9300"
"PT","2025-05","171","-597.5100"
"WIRE","2025-05","1","69264.5000"
"CASH","2025-04","4","5462.7400"
"CH","2025-04","15","291736.7400"
"GECAF","2025-04","5","40859.3200"
"PDIM","2025-04","572","1385985.7900"
"PT","2025-04","192","-194.7400"
"WIRE","2025-04","5","381761.1400"
"CH","2025-03","28","241340.7400"
"GECAF","2025-03","2","16943.1200"
"PDIM","2025-03","532","1510813.4900"
"PT","2025-03","184","-0.0100"
"WIRE","2025-03","3","43365.8100"
"CASH","2025-02","2","92.4500"
"CH","2025-02","19","346269.4900"
"PDIM","2025-02","513","1301903.7900"
"PT","2025-02","148","0.0000"
"WELLS","2025-02","1","4026.0700"
"WIRE","2025-02","1","6353.1400"
"CASH","2025-01","2","6882.9300"
"CH","2025-01","17","204311.3000"
"GECAF","2025-01","7","26681.5300"
"PDIM","2025-01","551","1598587.1800"
"PT","2025-01","160","0.0000"
"WIRE","2025-01","3","33207.9900"
"CASH","2024-12","2","1478.2100"
"CH","2024-12","17","244324.6500"
"GECAF","2024-12","7","24732.8000"
"PDIM","2024-12","506","1347275.2300"
"PT","2024-12","120","0.0000"
"WIRE","2024-12","1","6125.8700"
"CASH","2024-11","4","4630.2200"
"CH","2024-11","27","276965.8500"
"GECAF","2024-11","1","4484.1000"
"PDIM","2024-11","554","1295266.6000"
"PT","2024-11","132","0.0000"
"VISA","2024-11","1","-108.2500"
"WIRE","2024-11","1","3571.1600"
"CASH","2024-10","3","1544.6200"
"CH","2024-10","18","140408.9100"
"GECAF","2024-10","8","33936.4400"
"PDIM","2024-10","479","1165562.6100"
"PT","2024-10","152","0.0000"
"WIRE","2024-10","2","40014.6500"
"BAD","2024-09","2","-0.0500"
"CASH","2024-09","5","20145.2800"
"CH","2024-09","15","109430.1500"
"GECAF","2024-09","3","9818.1500"
"PDIM","2024-09","511","1112286.2100"
"PT","2024-09","149","-200.0000"
"WIRE","2024-09","2","25193.0600"
"AMEX","2024-08","2","723.5200"
"CH","2024-08","27","348547.5800"
"GECAF","2024-08","2","6519.5800"
"PDIM","2024-08","498","1105277.5500"
"PT","2024-08","154","0.0000"
"VISA","2024-08","3","1460.8300"
"WELLS","2024-08","1","860.5300"
"WIRE","2024-08","1","6125.8700"
"AMEX","2024-07","3","496.8600"
"BAD","2024-07","3","0.0100"
"CASH","2024-07","5","17681.9800"
"CH","2024-07","22","153104.4600"
"GECAF","2024-07","3","30844.0400"
"PDIM","2024-07","519","1155011.5100"
"PT","2024-07","168","0.0000"
"VISA","2024-07","10","1919.1400"
"WIRE","2024-07","1","20662.9100"
"AMEX","2024-06","2","746.9200"
"BAD","2024-06","8","0.0000"
"CASH","2024-06","2","624.3500"
"CH","2024-06","25","290134.5800"
"GECAF","2024-06","4","41425.5800"
"PDIM","2024-06","461","1092637.7600"
"PT","2024-06","160","0.0000"
"VISA","2024-06","23","9069.6800"
"WELLS","2024-06","1","6054.2600"
"WIRE","2024-06","4","76419.8100"
"AMEX","2024-05","11","3698.3100"
"BAD","2024-05","6","-0.0900"
"CASH","2024-05","3","6271.3200"
"CH","2024-05","25","337738.8300"
"GECAF","2024-05","5","21729.1700"
"PDIM","2024-05","458","1254146.8300"
"PT","2024-05","165","33146.7900"
"VISA","2024-05","42","16445.8000"
"WIRE","2024-05","5","48169.5600"
"AMEX","2024-04","45","103707.5300"
"BAD","2024-04","11","-4900.9900"
"CH","2024-04","22","251468.8400"
"GECAF","2024-04","6","58398.3200"
"PDIM","2024-04","206","709243.0200"
"PT","2024-04","175","11173.5600"
"VISA","2024-04","174","300837.4500"
"WIRE","2024-04","1","130742.7600"
"AMEX","2024-03","107","290777.6400"
"BAD","2024-03","5","4.0900"
"CASH","2024-03","3","1636.4000"
"CH","2024-03","30","237080.1400"
"GECAF","2024-03","1","12371.2000"
"PT","2024-03","160","0.0000"
"VISA","2024-03","348","729518.8200"
"AMEX","2024-02","112","394081.1800"
"BAD","2024-02","3","28.1800"
"CASH","2024-02","1","140.6700"
"CH","2024-02","28","373855.0500"
"GECAF","2024-02","2","25618.1300"
"PT","2024-02","133","1427.8200"
"VISA","2024-02","326","786423.9300"
"WIRE","2024-02","1","10943.5500"
"AMEX","2024-01","102","343629.2200"
"BAD","2024-01","2","0.4600"
"CH","2024-01","25","217902.6500"
"GECAF","2024-01","5","12810.0500"
"PT","2024-01","159","162.3200"
"VISA","2024-01","340","678196.8100"
"WIRE","2024-01","2","56192.3500"
"AMEX","2023-12","71","200196.4200"
"BAD","2023-12","4","1.0600"
"CASH","2023-12","1","1500.0000"
"CH","2023-12","18","286540.1800"
"GECAF","2023-12","3","26497.4200"
"PT","2023-12","156","0.0000"
"VISA","2023-12","269","685343.1400"
"WIRE","2023-12","2","41782.9900"
"AMEX","2023-11","89","351374.8700"
"BAD","2023-11","3","86.6700"
"CASH","2023-11","6","4486.1700"
"CH","2023-11","24","119503.9800"
"GECAF","2023-11","2","25570.9700"
"PT","2023-11","184","0.0000"
"VISA","2023-11","314","932827.6300"
"WIRE","2023-11","1","122500.0000"
"AMEX","2023-10","78","376618.4900"
"CASH","2023-10","11","8463.8100"
"CH","2023-10","25","280437.6800"
"GECAF","2023-10","2","24246.9400"
"PT","2023-10","157","9455.4000"
"VISA","2023-10","296","739372.4100"
"AMEX","2023-09","80","369230.1300"
"CASH","2023-09","2","2709.2500"
"CH","2023-09","33","346704.4500"
"GECAF","2023-09","1","10560.4900"
"PT","2023-09","162","0.0000"
"VISA","2023-09","251","662208.0600"
"AMEX","2023-08","71","259096.0600"
"CASH","2023-08","1","1286.9300"
"CH","2023-08","27","330627.0600"
"GECAF","2023-08","3","7895.3200"
"PT","2023-08","182","16419.5600"
"VISA","2023-08","300","746041.1100"
"AMEX","2023-07","95","319928.0800"
"CASH","2023-07","7","-5803.0900"
"CH","2023-07","25","177648.8900"
"PT","2023-07","172","-3738.5100"
"VISA","2023-07","308","803253.7000"
"AMEX","2023-06","80","274967.1800"
"CASH","2023-06","6","1291.5500"
"CH","2023-06","43","254551.3100"
"GECAF","2023-06","3","8750.5500"
"PT","2023-06","146","-2435.7900"
"VISA","2023-06","300","715609.0300"
"AMEX","2023-05","89","359203.4000"
"CASH","2023-05","2","0.3700"
"CH","2023-05","30","331999.3300"
"GECAF","2023-05","1","3699.7700"
"PT","2023-05","132","8067.1500"
"VISA","2023-05","358","924603.1400"
"AMEX","2023-04","61","193331.4400"
"CASH","2023-04","1","10.0000"
"CH","2023-04","27","210818.1100"
"GECAF","2023-04","2","37500.0000"
"PT","2023-04","103","6382.4200"
"VISA","2023-04","253","693425.5700"
"AMEX","2023-03","71","274914.6400"
"CASH","2023-03","3","653.7100"
"CH","2023-03","54","232258.7600"
"GECAF","2023-03","2","6060.2400"
"PT","2023-03","97","-18241.9600"
"VISA","2023-03","309","817329.2300"
"AMEX","2023-02","43","146950.2600"
"CASH","2023-02","2","2106.5000"
"CH","2023-02","36","234733.8700"
"GECAF","2023-02","1","12000.0000"
"PT","2023-02","75","18241.9600"
"VISA","2023-02","202","452451.9800"
"AMEX","2023-01","69","220921.2400"
"CASH","2023-01","1","549.5000"
"CH","2023-01","34","183575.4000"
"EFT","2023-01","1","192.8500"
"GECAF","2023-01","4","18251.6400"
"PT","2023-01","92","0.0000"
"VISA","2023-01","249","406259.5900"
"AMEX","2022-12","61","274350.4300"
"CASH","2022-12","2","6856.2600"
"CH","2022-12","32","272200.6800"
"PT","2022-12","110","0.0000"
"VISA","2022-12","214","623877.1800"
"WIRE","2022-12","1","28209.9500"
"AMEX","2022-11","74","237843.8400"
"CASH","2022-11","2","8900.0000"
"CH","2022-11","35","126185.3700"
"GECAF","2022-11","1","3358.7800"
"PT","2022-11","106","0.0000"
"VISA","2022-11","254","730417.4800"
"AMEX","2022-10","55","299117.5400"
"CASH","2022-10","3","16264.7200"
"CH","2022-10","40","202401.3300"
"GECAF","2022-10","1","12170.5900"
"PT","2022-10","132","0.0000"
"VISA","2022-10","195","543068.1400"
"AMEX","2022-09","57","196946.8200"
"CASH","2022-09","1","2000.0000"
"CH","2022-09","46","237440.5400"
"GECAF","2022-09","2","-1892.7800"
"PT","2022-09","124","0.0000"
"VISA","2022-09","264","676720.4400"
"AMEX","2022-08","63","199458.8100"
"CASH","2022-08","5","7529.9700"
"CH","2022-08","59","584333.6500"
"GECAF","2022-08","2","3818.8400"
"PT","2022-08","156","0.0000"
"VISA","2022-08","250","582349.8400"
"AMEX","2022-07","62","119691.4300"
"CASH","2022-07","3","2752.1300"
"CH","2022-07","42","158883.6300"
"GECAF","2022-07","3","6356.9100"
"PT","2022-07","98","0.0000"
"VISA","2022-07","222","449365.5700"
"AMEX","2022-06","62","159308.0100"
"CASH","2022-06","6","9903.4100"
"CH","2022-06","54","535275.1300"
"GECAF","2022-06","2","22647.8300"
"PT","2022-06","206","0.0000"
"VISA","2022-06","293","753534.9000"
"WIRE","2022-06","1","28209.9500"
"AMEX","2022-05","75","297296.3100"
"CASH","2022-05","1","1.0000"
"CH","2022-05","52","316292.5400"
"GECAF","2022-05","5","3356.4400"
"PT","2022-05","192","0.0000"
"VISA","2022-05","259","814456.9100"
"AMEX","2022-04","45","364444.2000"
"CASH","2022-04","5","4644.5200"
"CH","2022-04","43","298319.2200"
"GECAF","2022-04","2","3613.6900"
"PT","2022-04","146","0.0000"
"VISA","2022-04","298","751461.8200"
"AMEX","2022-03","102","403628.0800"
"CASH","2022-03","2","6500.0000"
"CH","2022-03","51","297816.5500"
"GECAF","2022-03","2","9524.8600"
"PT","2022-03","154","0.0000"
"VISA","2022-03","328","941037.2700"
"AMEX","2022-02","62","272986.3600"
"CASH","2022-02","4","4583.1500"
"CH","2022-02","47","452196.4100"
"PT","2022-02","107","143.2000"
"VISA","2022-02","282","715882.7700"
"AMEX","2022-01","60","194055.0200"
"CASH","2022-01","6","7692.4300"
"CH","2022-01","35","275389.5300"
"GECAF","2022-01","2","14832.9300"
"PT","2022-01","54","0.0000"
"VISA","2022-01","259","717585.2000"
"AMEX","2021-12","63","217907.8700"
"CASH","2021-12","1","2821.9200"
"CH","2021-12","38","197166.4300"
"GECAF","2021-12","4","17464.4400"
"PT","2021-12","112","22905.7000"
"VISA","2021-12","259","590055.2400"
"WELLS","2021-12","1","1057.5800"
"AMEX","2021-11","68","326847.5800"
"CASH","2021-11","5","271.4600"
"CH","2021-11","54","288802.3200"
"PT","2021-11","80","0.0000"
"VISA","2021-11","306","693742.9300"
"WELLS","2021-11","1","7716.0200"
"AMEX","2021-10","79","322467.2200"
"CASH","2021-10","2","5505.9300"
"CH","2021-10","54","216269.1400"
"GECAF","2021-10","4","-4167.8700"
"PT","2021-10","91","-676.8100"
"VISA","2021-10","342","708193.4500"
"AMEX","2021-09","99","418627.4600"
"CASH","2021-09","2","681.7300"
"CH","2021-09","51","415331.7200"
"GECAF","2021-09","6","60959.6800"
"PT","2021-09","114","0.0000"
"VISA","2021-09","362","929624.9100"
"WELLS","2021-09","2","0.0000"
"AMEX","2021-08","96","398778.3700"
"CASH","2021-08","4","10954.9000"
"CH","2021-08","68","334783.6000"
"GECAF","2021-08","3","14383.7800"
"PT","2021-08","86","0.0000"
"VISA","2021-08","393","754427.3900"
"WELLS","2021-08","1","9681.8500"
"AMEX","2021-07","83","299806.5500"
"CASH","2021-07","8","42995.7200"
"CH","2021-07","57","63790.8100"
"GECAF","2021-07","4","19352.4800"
"PT","2021-07","66","0.0000"
"VISA","2021-07","430","742961.9700"
"WELLS","2021-07","1","8384.6300"
"AMEX","2021-06","89","183100.7300"
"CASH","2021-06","2","9300.0000"
"CH","2021-06","57","265647.0600"
"PT","2021-06","41","-677.8200"
"VISA","2021-06","430","889374.2800"
"AMEX","2021-05","67","357774.0300"
"CASH","2021-05","7","4496.0100"
"CH","2021-05","70","362663.4300"
"GECAF","2021-05","1","3064.4500"
"PT","2021-05","60","0.0000"
"VISA","2021-05","359","764918.0800"
"WELLS","2021-05","2","8532.4800"
"AMEX","2021-04","88","420989.5000"
"CASH","2021-04","5","8435.1700"
"CH","2021-04","77","518604.2700"
"GECAF","2021-04","1","1195.0000"
"PT","2021-04","102","0.0000"
"VISA","2021-04","356","530779.8500"
"AMEX","2021-03","24","117798.0300"
"CASH","2021-03","3","1113.6100"
"CH","2021-03","102","214187.6200"
"CSALE","2021-03","227","916783.6400"
"CSERV","2021-03","145","27324.7600"
"CTECH","2021-03","8","1525.9600"
"GECAF","2021-03","1","3304.7100"
"PT","2021-03","60","0.0000"
"VISA","2021-03","86","155002.1700"
"WELLS","2021-03","1","10048.3700"
"CASH","2021-02","1","892.9000"
"CH","2021-02","64","184767.6900"
"CSALE","2021-02","231","718655.7800"
"CSERV","2021-02","87","15379.1100"
"CTECH","2021-02","11","3207.2300"
"GECAF","2021-02","1","-2604.3900"
"PT","2021-02","12","0.0000"
"CASH","2021-01","4","141.6900"
"CH","2021-01","64","156936.3800"
"CSALE","2021-01","282","852465.6800"
"CSERV","2021-01","97","16026.1900"
"CTECH","2021-01","17","4724.2100"
"GECAF","2021-01","2","9604.3900"
"PT","2021-01","50","0.0000"
"CASH","2020-12","5","612.5400"
"CH","2020-12","57","184764.5100"
"CSALE","2020-12","290","1093595.0500"
"CSERV","2020-12","105","21658.9400"
"CTECH","2020-12","38","7977.8000"
"GECAF","2020-12","2","10460.7000"
"PT","2020-12","72","0.0000"
"CASH","2020-11","6","1353.3000"
"CH","2020-11","65","272010.6800"
"CSALE","2020-11","249","973596.0500"
"CSERV","2020-11","101","17523.7200"
"CTECH","2020-11","63","16502.2100"
"GECAF","2020-11","2","7904.4500"
"PT","2020-11","74","0.0000"
"CASH","2020-10","3","292.6900"
"CH","2020-10","80","296960.5900"
"CSALE","2020-10","275","911010.4900"
"CSERV","2020-10","100","19077.3100"
"CTECH","2020-10","55","12667.8900"
"PT","2020-10","100","0.0000"
"WELLS","2020-10","3","31747.6400"
"CASH","2020-09","11","1448.7600"
"CCPPI","2020-09","2","7017.0500"
"CH","2020-09","59","149098.1100"
"CSALE","2020-09","334","1163124.2300"
"CSERV","2020-09","91","17291.4300"
"CTECH","2020-09","40","11038.8100"
"GECAF","2020-09","3","21256.4800"
"PT","2020-09","82","0.0000"
"CASH","2020-08","6","1510.9200"
"CCPP2","2020-08","31","8368.6800"
"CCPPI","2020-08","61","179562.0700"
"CH","2020-08","56","127672.7900"
"CSALE","2020-08","276","863276.1500"
"CSERV","2020-08","89","19218.9800"
"CTECH","2020-08","29","7580.7000"
"GECAF","2020-08","2","42118.5300"
"PT","2020-08","92","0.0000"
"CASH","2020-07","9","7016.3900"
"CCARD","2020-07","22","36260.1100"
"CCOUT","2020-07","1","162.3800"
"CCPP2","2020-07","134","32486.6000"
"CCPPI","2020-07","239","570842.4000"
"CH","2020-07","60","198533.4600"
"CSALE","2020-07","133","351490.8500"
"CSERV","2020-07","37","6094.4700"
"GECAF","2020-07","1","10000.0000"
"PT","2020-07","88","0.0000"
"WELLS","2020-07","3","1673.3900"
"CASH","2020-06","6","16051.9100"
"CCPP2","2020-06","237","50842.1100"
"CCPPI","2020-06","336","1029505.8700"
"CH","2020-06","55","112243.5600"
"GECAF","2020-06","3","9100.1500"
