"EtaMonth","Lines","QtyOpen","OpenCost"
"","36","36","0.0000"
"1899-12","2","2","1642.7000"
"2008-04","1","1","189.0000"
"2013-05","1","1","846.0000"
"2013-09","1","1","0.0000"
"2015-12","1","1","0.0000"
"2017-02","1","1","0.0000"
"2018-10","1","1","679.0000"
"2019-01","1","3","1077.0000"
"2019-04","1","1","0.0000"
"2019-05","1","1","0.0000"
"2019-07","1","1","0.0000"
"2020-09","1","1","2963.2400"
"2021-11","4","5","233.6900"
"2022-02","2","2","0.0000"
"2022-03","1","1","0.0000"
"2022-08","3","3","0.0000"
"2022-09","2","2","0.0000"
"2022-10","1","1","0.0000"
"2022-11","10","10","517.0000"
"2022-12","6","6","0.0000"
"2023-01","5","5","0.0000"
"2023-03","6","6","187.0000"
"2023-05","9","9","187.0000"
"2023-06","1","1","0.0000"
"2023-07","1","1","0.0000"
"2023-08","3","3","0.0000"
"2023-09","7","7","529.0000"
"2023-10","1","1","0.0000"
"2023-11","4","4","134.0000"
"2024-01","10","10","0.0000"
"2024-02","3","4","0.0000"
"2024-03","2","2","0.0000"
"2024-04","3","3","0.0000"
"2024-05","10","10","670.0000"
"2024-06","5","5","0.0000"
"2024-07","7","7","1624.0000"
"2024-08","8","8","0.0000"
"2024-09","5","5","405.3000"
"2024-10","4","4","0.0000"
"2024-11","4","5","0.0000"
"2025-01","7","8","0.0000"
"2025-02","3","3","0.0000"
"2025-03","4","4","0.0100"
"2025-04","18","18","1403.0000"
"2025-05","1","2","0.0000"
"2025-06","8","9","4551.8700"
"2025-07","5","5","0.0000"
"2025-08","7","7","0.0000"
"2025-09","8","9","2990.0000"
"2025-10","5","5","0.0000"
"2025-11","2","3","0.0000"
"2025-12","11","13","401.0200"
"2026-01","5","18","0.0000"
"2026-02","16","18","0.0000"
"2026-03","10","11","336.0000"
"2026-04","38","54","0.0000"
"2026-05","5","6","0.0000"
"2026-06","42","43","1266.0000"
"2026-07","40","44","7146.9000"
"2026-08","76","96","0.0000"
"2026-09","115","260","898.0000"
"2026-10","134","135","0.0000"
"2026-11","8","8","0.0000"
"2026-12","45","45","0.0000"
"2027-01","1","1","0.0000"
