"DueMonth","Units","Cost"
"1899-12","1444","1173441.3200"
"2010-10","5","12543.7500"
"2011-03","1","0.0100"
"2011-11","1","0.0100"
"2012-09","1","0.0100"
"2013-03","1","249.0000"
"2016-07","2","0.0200"
"2018-07","2","264.3300"
"2018-12","1","67.0000"
"2019-01","4","0.0000"
"2020-08","1","196.5000"
"2020-12","1","189.2400"
"2021-02","1","0.0000"
"2021-03","6","1114.0000"
"2021-04","1","4816.0000"
"2021-06","1","151.2400"
"2021-09","1","208.0800"
"2022-02","10","134591.5100"
"2022-05","2","0.0000"
"2022-06","5","127.0000"
"2022-11","3","5036.8500"
"2023-01","1","1022.0000"
"2023-04","1","713.0000"
"2023-05","3","55.0000"
"2023-06","2","265.5000"
"2023-07","2","1888.4900"
"2023-09","2","0.0000"
"2024-01","3","0.0100"
"2024-02","1","60.0000"
"2024-04","1","0.0100"
"2024-05","3","1455.0000"
"2024-12","9","2211.0700"
"2025-08","1","0.0100"
"2025-09","2","1404.0000"
"2026-02","1","0.0100"
"2026-03","3","3273.3400"
"2026-04","1","0.0000"
"2026-06","2","0.0000"
"2026-09","41","2915.5000"
