family_code,family,task,base_hours,hourly_rate,price,labor_taxable_default,tax_mixed_by_brand,hours_vary_by_brand,brand_count,epass_code_stems,flags
AC,HVAC,Additional Component Replacement,0.5,150,75.0,N,no,no,5,AC100,modifier
AC,HVAC,Charge Unit with Refrigerant Per Manufacturer Specifications,1.5,150,225.0,N,no,no,5,AC101,
AC,HVAC,Condensate Drain Cleaning/Clear Debris,0.75,150,112.5,N,no,no,5,AC102,
AC,HVAC,Condensate Drain Repair/Replacement PVC Fittings - Major,1.25,150,187.5,N,no,no,5,AC103,
AC,HVAC,Condensate Drain Repair/Replacement PVC Fittings - Minor,1.25,150,187.5,N,no,no,5,AC104,
AC,HVAC,Cosmetic Part Replacement,0.5,150,75.0,N,no,no,5,AC105,
AC,HVAC,Difficult Access Fee,1,150,150,N,no,no,5,AC106,modifier modifier
AC,HVAC,Fire Ant Treatment at Outdoor Unit,0.5,150,75.0,N,no,no,5,AC109,
AC,HVAC,Flex Duct Replacement Per Duct Run - 10-inch Diameter - Over 25 Feet - Materials NOT Included,1.5,150,225.0,N,no,no,5,AC110,
AC,HVAC,Flex Duct Replacement Per Duct Run - 10-inch Diameter - Under 25 Feet - Materials NOT Included,1.25,150,187.5,N,no,no,5,AC111,
AC,HVAC,Flex Duct Replacement Per Duct Run - 12-inch Diameter - Over 25 Feet - Materials NOT Included,1.75,150,262.5,N,no,no,5,AC112,
AC,HVAC,Flex Duct Replacement Per Duct Run - 12-inch Diameter - Under 25 Feet - Materials NOT Included,1.25,150,187.5,N,no,no,5,AC113,
AC,HVAC,Flex Duct Replacement Per Duct Run - 14-inch Diameter - Over 25 Feet - Materials NOT Included,1.75,150,262.5,N,no,no,5,AC114,
AC,HVAC,Flex Duct Replacement Per Duct Run - 14-inch Diameter - Under 25 Feet - Materials NOT Included,1.25,150,187.5,N,no,no,5,AC115,
AC,HVAC,Flex Duct Replacement Per Duct Run - 16-inch Diameter - Over 25 Feet - Materials NOT Included,2,150,300,N,no,no,5,AC116,
AC,HVAC,Flex Duct Replacement Per Duct Run - 16-inch Diameter - Under 25 Feet - Materials NOT Included,1.5,150,225.0,N,no,no,5,AC117,
AC,HVAC,Flex Duct Replacement Per Duct Run - 18-inch Diameter - Over 25 Feet - Materials NOT Included,2.25,150,337.5,N,no,no,5,AC118,
AC,HVAC,Flex Duct Replacement Per Duct Run - 18-inch Diameter - Under 25 Feet - Materials NOT Included,1.75,150,262.5,N,no,no,5,AC119,
AC,HVAC,Flex Duct Replacement Per Duct Run - 20-inch Diameter - Over 25 Feet - Materials NOT Included,2.5,150,375.0,N,no,no,5,AC120,
AC,HVAC,Flex Duct Replacement Per Duct Run - 20-inch Diameter - Under 25 Feet - Materials NOT Included,2,150,300,N,no,no,5,AC121,
AC,HVAC,Flex Duct Replacement Per Duct Run - 4-inch Diameter - Over 25 Feet - Materials NOT Included,1.5,150,225.0,N,no,no,5,AC122,
AC,HVAC,Flex Duct Replacement Per Duct Run - 4-inch Diameter - Under 25 Feet - Materials NOT Included,1,150,150,N,no,no,5,AC123,
AC,HVAC,Flex Duct Replacement Per Duct Run - 5-inch Diameter - Over 25 Feet - Materials NOT Included,1.5,150,225.0,N,no,no,5,AC124,
AC,HVAC,Flex Duct Replacement Per Duct Run - 5-inch Diameter - Under 25 Feet - Materials NOT Included,1,150,150,N,no,no,5,AC125,
AC,HVAC,Flex Duct Replacement Per Duct Run - 6-inch Diameter - Over 25 Feet - Materials NOT Included,1.5,150,225.0,N,no,no,5,AC126,
AC,HVAC,Flex Duct Replacement Per Duct Run - 6-inch Diameter - Under 25 Feet - Materials NOT Included,1,150,150,N,no,no,5,AC127,
AC,HVAC,Flex Duct Replacement Per Duct Run - 7-inch Diameter - Over 25 Feet - Materials NOT Included,1.5,150,225.0,N,no,no,5,AC128,
AC,HVAC,Flex Duct Replacement Per Duct Run - 7-inch Diameter - Under 25 Feet - Materials NOT Included,1,150,150,N,no,no,5,AC129,
AC,HVAC,Flex Duct Replacement Per Duct Run - 8-inch Diameter - Over 25 Feet - Materials NOT Included,1.5,150,225.0,N,no,no,5,AC130,
AC,HVAC,Flex Duct Replacement Per Duct Run - 8-inch Diameter - Under 25 Feet - Materials NOT Included,1,150,150,N,no,no,5,AC131,
AC,HVAC,Flex Duct Replacement Per Duct Run - 9-inch Diameter - Over 25 Feet - Materials NOT Included,1.5,150,225.0,N,no,no,5,AC132,
AC,HVAC,Flex Duct Replacement Per Duct Run - 9-inch Diameter - Under 25 Feet - Materials NOT Included,1,150,150,N,no,no,5,AC133,
AC,HVAC,"Inspect Indoor Unit, Outdoor Unit, Refrigerant Lines",1.25,150,187.5,N,no,no,5,AC134,
AC,HVAC,Major Cabinet Component,4,150,600,N,no,no,5,AC135,
AC,HVAC,Major Component,4,150,600,N,no,no,5,AC136,
AC,HVAC,Minor Cabinet Component,1,150,150,N,no,no,5,AC137,
AC,HVAC,Minor Component,1,150,150,N,no,no,5,AC138,
AC,HVAC,Minor Duct Repair,1,150,150,N,no,no,5,AC139,
AC,HVAC,"Perform HVAC System Maintenance (Additional Unit) - Includes visual inspection of indoor/outdoor units, check and record refrigerant levels, clean filters, check and record temperature differential, inspect drain.",0.6,150,90.0,N,no,no,5,AC141,modifier
AC,HVAC,"Perform HVAC System Maintenance - Includes visual inspection of indoor/outdoor units, check and record refrigerant levels, clean filters, check and record temperature differential, inspect drain.",1,150,150,N,no,no,5,AC140,
AC,HVAC,Perform Maintenance on Electronic Air Cleaner,0.75,150,112.5,N,no,no,5,AC142,
AC,HVAC,Problem Could Not Be Not Reproduced,0.5,150,75.0,N,no,no,5,AC144,
AC,HVAC,Refrigerant Leak Repair Minor,2,150,300,N,no,no,5,AC145,
AC,HVAC,Refrigerant Recovery,1,150,150,N,no,no,5,AC146,
AC,HVAC,Repair Burnt Wire(s) or Loose Connection - Outdoor/Indoor Unit,0.75,150,112.5,N,no,no,5,AC147,
AC,HVAC,Replace Air Filter(s),0.4,150,60.0,N,no,no,5,AC148,
AC,HVAC,Return Air Grill Replacement,0.5,150,75.0,N,no,no,5,AC149,
AC,HVAC,Supply Grill Replacement,0.25,150,37.5,N,no,no,5,AC150,
AC,HVAC,Thermostat/Control Replacement,1,150,150,N,no,no,5,AC151,
CE,Cooking - Electric,Additional Component Replacement,0.5,130,65.0,Y,yes,no,29,CE600,modifier
CE,Cooking - Electric,Address Noise Complaint,0.5,130,65.0,Y,yes,no,29,CE601,
CE,Cooking - Electric,Bake Element Replacement (Exposed),1,130,130,Y,yes,no,29,CE402,
CE,Cooking - Electric,Bake Element Replacement - Hidden (Double Oven) - Typically Two Technicians,2.5,130,325.0,Y,yes,no,29,CE400,two-tech hidden
CE,Cooking - Electric,Bake Element Replacement - Hidden (Single Oven),2,130,260,Y,yes,no,29,CE401,hidden
CE,Cooking - Electric,Broil Element Replacement (Concealed),1.5,130,195.0,Y,yes,no,29,CE403,
CE,Cooking - Electric,Broil Element Replacement (Exposed),1,130,130,Y,yes,no,29,CE404,
CE,Cooking - Electric,Cabinet Component Repair - Major,3,130,390,Y,yes,no,29,CE602,
CE,Cooking - Electric,Cabinet Component Repair - Minor,1,130,130,Y,yes,no,29,CE603,
CE,Cooking - Electric,Calibrate Oven Temperature Calibration,0.75,130,97.5,Y,yes,no,29,CE405,
CE,Cooking - Electric,Ceran Glass Cooktop Replacement,1.5,130,195.0,Y,yes,no,29,CE406,
CE,Cooking - Electric,Coil Element Burner Receptacle Replacement,0.5,130,65.0,Y,yes,no,29,CE407,
CE,Cooking - Electric,Component Replacement/Repair - Major,3,130,390,Y,yes,no,29,CE604,
CE,Cooking - Electric,Component Replacement/Repair - Minor,1,130,130,Y,yes,no,29,CE605,
CE,Cooking - Electric,Convect Element Replacement (Front Service),1,130,130,Y,yes,no,29,CE410,
CE,Cooking - Electric,Convect Element Replacement - Double Oven (Requires Oven Removal) - Two Technicians,2.5,130,325.0,Y,yes,no,29,CE408,two-tech
CE,Cooking - Electric,Convect Element Replacement - Single Oven (Requires Oven Removal),2,130,260,Y,yes,no,29,CE409,
CE,Cooking - Electric,Convection Fan Motor/Blade Replacement,1.5,130,195.0,Y,yes,no,29,CE411,
CE,Cooking - Electric,Cooling Fan Motor/Blade Replacement,1.5,130,195.0,Y,yes,no,29,CE412,
CE,Cooking - Electric,Cosmetic Part Replacement - Major,0.75,130,97.5,Y,yes,no,29,CE606,
CE,Cooking - Electric,Cosmetic Part Replacement - Minor,0.25,130,32.5,Y,yes,no,29,CE607,
CE,Cooking - Electric,Difficult Access Fee,0.5,130,65.0,Y,yes,no,29,CE608,modifier modifier
CE,Cooking - Electric,Door Component Replacement - Oven Glass-Liner-Handle-etc.,0.75,130,97.5,Y,yes,yes,29,CE413,
CE,Cooking - Electric,Door Hinge Assembly Replacement,1,130,130,Y,yes,no,29,CE414,
CE,Cooking - Electric,Door Hinge Receiver Replacement (Double Wall Oven) - Typically Two Technicians,2,130,260,Y,yes,no,29,CE415,two-tech
CE,Cooking - Electric,Door Hinge Receiver Replacement (Pro Range),2,130,260,Y,yes,no,29,CE416,pro
CE,Cooking - Electric,Door Hinge Receiver Replacement (Single Wall Oven),1.25,130,162.5,Y,yes,no,29,CE417,
CE,Cooking - Electric,Door Hinge Receiver Replacement (Standard Freestanding Range),1,130,130,Y,yes,no,29,CE418,
CE,Cooking - Electric,Door Lock/Latch Assembly Replacement,1,130,130,Y,yes,no,29,CE419,
CE,Cooking - Electric,Door/Window Cleaning Double Oven,1,130,130,Y,yes,no,29,CE420,
CE,Cooking - Electric,Door/Window Cleaning Single Oven,0.75,130,97.5,Y,yes,no,29,CE421,
CE,Cooking - Electric,Drip Bowl Replacement - Coil Element,0.2,130,26.0,Y,yes,no,29,CE422,
CE,Cooking - Electric,Electronic Control/Module Replacement,1,130,130,Y,yes,no,29,CE423,
CE,Cooking - Electric,Griddle/Grill Component Replacement,0.5,130,65.0,Y,yes,no,29,CE424,
CE,Cooking - Electric,Grill/Griddle Thermostat Replacement,1,130,130,Y,yes,no,29,CE425,
CE,Cooking - Electric,Hi-Limit Thermal Cutout Replacement (Front Service),0.75,130,97.5,Y,yes,no,29,CE426,
CE,Cooking - Electric,Hi-Limit Thermal Cutout Replacement (Rear Service),1,130,130,Y,yes,yes,29,CE427,rear-service
CE,Cooking - Electric,Level Unit/Adjust Unit,0.5,130,65.0,Y,yes,no,29,CE609,
CE,Cooking - Electric,Leveling Legs/Wheel Replacement (Pro Range),1,130,130,Y,yes,yes,29,CE428,pro
CE,Cooking - Electric,Leveling Legs/Wheel Replacement (Standard Range),0.5,130,65.0,Y,yes,yes,29,CE429,
CE,Cooking - Electric,Light Bulb Replacement (Front Service),0.2,130,26.0,Y,yes,no,29,CE430,
CE,Cooking - Electric,Light Bulb Replacement (Rear Service),0.5,130,65.0,Y,yes,no,29,CE431,rear-service
CE,Cooking - Electric,Oven Temp Sensor (Thermistor) Replacement,0.75,130,97.5,Y,yes,yes,29,CE432,
CE,Cooking - Electric,Oven Thermostat Replacement,2,130,260,Y,yes,no,29,CE433,
CE,Cooking - Electric,Power Cord/Electrical Conduit Replacement,0.5,130,65.0,Y,yes,no,29,CE434,
CE,Cooking - Electric,Probe Jack Replacement,1,130,130,Y,yes,no,29,CE435,
CE,Cooking - Electric,Problem Could Not Be Reproduced,0.5,130,65.0,Y,yes,no,29,CE610,
CE,Cooking - Electric,Rack Replacement - Oven,0.15,130,19.5,Y,yes,no,29,CE436,
CE,Cooking - Electric,Repair Burnt Wire(s) or Loose Connection(s),0.75,130,97.5,Y,yes,no,29,CE611,
CE,Cooking - Electric,Reset Home Circuit Breaker,0.25,130,32.5,Y,yes,no,29,CE612,
CE,Cooking - Electric,Surface Element Replacement - Ceran Glass Top,1.5,130,195.0,Y,yes,no,29,CE437,
CE,Cooking - Electric,Surface Element Replacement - Coil Top,0.35,130,45.5,Y,yes,no,29,CE438,
CE,Cooking - Electric,Switch Replacement - Burner/Selector,1,130,130,Y,yes,no,29,CE439,
CE,Cooking - Electric,Terminal Block Replacement - Electrical Connection,0.5,130,65.0,Y,yes,no,29,CE440,
CE,Cooking - Electric,Transformer Replacement,0.75,130,97.5,Y,yes,no,29,CE441,
CF,Coffee,Additional Component Replacement,0.5,130,65.0,N,no,no,13,CF600,modifier
CF,Coffee,Address Noise Complaint,0.5,130,65.0,N,no,no,13,CF601,
CF,Coffee,Brew Unit Replacement,0.25,130,32.5,N,no,no,13,CF400,
CF,Coffee,Cabinet Component Repair - Major,3,130,390,N,no,no,13,CF602,
CF,Coffee,Cabinet Component Repair - Minor,1,130,130,N,no,no,13,CF603,
CF,Coffee,Cleaning & Maintenance,1.5,130,195.0,N,no,no,13,CF401,
CF,Coffee,Coffee Bean Storage Bin Replacement,0.25,130,32.5,N,no,no,13,CF402,
CF,Coffee,Component Replacement/Repair - Major,3,130,390,N,no,no,13,CF604,
CF,Coffee,Component Replacement/Repair - Minor,1,130,130,N,no,no,13,CF605,
CF,Coffee,Component Sensing Device Replacement,1,130,130,N,no,no,13,CF403,
CF,Coffee,Connecting Tube(s)-Clamp(s) Replacement,0.75,130,97.5,N,no,no,13,CF404,
CF,Coffee,Cosmetic Part Replacement - Major,0.75,130,97.5,N,no,no,13,CF606,
CF,Coffee,Cosmetic Part Replacement - Minor,0.25,130,32.5,N,no,no,13,CF607,
CF,Coffee,Descale Unit Only,0.75,130,97.5,N,no,no,13,CF405,
CF,Coffee,Difficult Access Fee,0.5,130,65.0,N,no,no,13,CF608,modifier modifier
CF,Coffee,Drive Motor Replacement,1.5,130,195.0,N,no,no,13,CF406,
CF,Coffee,Electronic Control/Module Replacement,1.5,130,195.0,N,no,no,13,CF407,
CF,Coffee,Flow Meter Replacement,1,130,130,N,no,no,13,CF408,
CF,Coffee,Grind Chamber Replacement,1.5,130,195.0,N,no,no,13,CF409,
CF,Coffee,Heater Assembly Replacement,1.5,130,195.0,N,no,no,13,CF410,
CF,Coffee,Interference Limiter Replacement,1,130,130,N,no,no,13,CF411,
CF,Coffee,Level Unit/Adjust Unit,0.5,130,65.0,N,no,no,13,CF609,
CF,Coffee,Light Bulb Replacement,0.25,130,32.5,N,no,no,13,CF412,
CF,Coffee,Microswitch Replacement,1,130,130,N,no,no,13,CF413,
CF,Coffee,Power Cord/Electrical Conduit Replacement,0.5,130,65.0,N,no,no,13,CF414,
CF,Coffee,Pressure Relief Valve Replacement,1.25,130,162.5,N,no,no,13,CF415,
CF,Coffee,Problem Could Not Be Reproduced,0.5,130,65.0,N,no,no,13,CF610,
CF,Coffee,Refuse Bin Replacement,0.25,130,32.5,N,no,no,13,CF416,
CF,Coffee,Repair Burnt Wire(s) or Loose Connection(s),0.75,130,97.5,N,no,no,13,CF611,
CF,Coffee,Reset Home Circuit Breaker,0.25,130,32.5,N,no,no,13,CF612,
CF,Coffee,Solenoid Replacement,1,130,130,N,no,no,13,CF417,
CF,Coffee,Steam Generator Replacement,1.25,130,162.5,N,no,no,13,CF418,
CF,Coffee,Temp Sensor Replacement,1,130,130,N,no,no,13,CF419,
CF,Coffee,Thermal Limiter Replacement,1,130,130,N,no,no,13,CF420,
CF,Coffee,Water Pump Replacement,1.25,130,162.5,N,no,no,13,CF421,
CF,Coffee,Water Reservoir Replacement,0.25,130,32.5,N,no,no,13,CF422,
CF,Coffee,Water Valve Replacement,1,130,130,N,no,no,13,CF423,
CG,Cooking - Gas,Additional Component Replacement,0.5,130,65.0,Y,yes,no,30,CG600,modifier
CG,Cooking - Gas,Address Noise Complaint,0.5,130,65.0,Y,yes,no,30,CG601,
CG,Cooking - Gas,Bake Burner Assembly Replacement (Pro Oven/Range),1,130,130,Y,yes,yes,30,CG400,pro
CG,Cooking - Gas,Bake Burner Assembly Replacement (Standard Oven/Range),0.75,130,97.5,Y,yes,yes,30,CG401,
CG,Cooking - Gas,Broil Burner Assembly Replacement (Pro Oven/Range),1,130,130,Y,yes,yes,30,CG402,pro
CG,Cooking - Gas,Broil Burner Assembly Replacement (Standard Oven/Range),0.75,130,97.5,Y,yes,yes,30,CG403,
CG,Cooking - Gas,Burner Grate(s)/Cap(s) Replacement,0.15,130,19.5,Y,yes,yes,30,CG404,
CG,Cooking - Gas,Burner Ignition Component Replacement,0.75,130,97.5,Y,yes,no,30,CG405,
CG,Cooking - Gas,Burner Valve Replacement - Surface Burner,1.5,130,195.0,Y,yes,no,30,CG406,
CG,Cooking - Gas,Cabinet Component Repair - Major,3,130,390,Y,yes,no,30,CG602,
CG,Cooking - Gas,Cabinet Component Repair - Minor,1,130,130,Y,yes,no,30,CG603,
CG,Cooking - Gas,Component Replacement/Repair - Major,3,130,390,Y,yes,no,30,CG604,
CG,Cooking - Gas,Component Replacement/Repair - Minor,1,130,130,Y,yes,no,30,CG605,
CG,Cooking - Gas,Convection Fan Motor/Blade Replacement (Pro Oven/Range),1.5,130,195.0,Y,yes,yes,30,CG407,pro
CG,Cooking - Gas,Convection Fan Motor/Blade Replacement (Standard Oven/Range),1,130,130,Y,yes,yes,30,CG408,
CG,Cooking - Gas,Cooktop Burner Assembly Replacement,0.75,130,97.5,Y,yes,yes,30,CG409,
CG,Cooking - Gas,Cooling Fan Motor/Blade Replacement (Pro Oven/Range),1.5,130,195.0,Y,yes,yes,30,CG410,pro
CG,Cooking - Gas,Cooling Fan Motor/Blade Replacement (Standard Oven/Range),0.75,130,97.5,Y,yes,yes,30,CG411,
CG,Cooking - Gas,Cosmetic Part Replacement - Major,0.75,130,97.5,Y,yes,no,30,CG606,
CG,Cooking - Gas,Cosmetic Part Replacement - Minor,0.25,130,32.5,Y,yes,no,30,CG607,
CG,Cooking - Gas,Difficult Access Fee,0.5,130,65.0,Y,yes,no,30,CG608,modifier modifier
CG,Cooking - Gas,Door Component Replacement - Oven Glass-Liner-Handle-etc.,0.75,130,97.5,Y,yes,yes,30,CG412,
CG,Cooking - Gas,Door Hinge Assembly Replacement,1,130,130,Y,yes,no,30,CG413,
CG,Cooking - Gas,Door Hinge Receiver Replacement (Double Wall Oven),1.75,130,227.5,Y,yes,yes,30,CG414,
CG,Cooking - Gas,Door Hinge Receiver Replacement (Pro Range),1.75,130,227.5,Y,yes,yes,30,CG415,pro
CG,Cooking - Gas,Door Hinge Receiver Replacement (Single Wall Oven),1,130,130,Y,yes,yes,30,CG416,
CG,Cooking - Gas,Door Hinge Receiver Replacement (Standard Range),1,130,130,Y,yes,yes,30,CG417,
CG,Cooking - Gas,Door Lock/Latch Assembly Replacement,1,130,130,Y,yes,no,30,CG418,
CG,Cooking - Gas,Door/Window Cleaning (Double Oven),1,130,130,Y,yes,no,30,CG419,
CG,Cooking - Gas,Door/Window Cleaning (Single Oven),0.75,130,97.5,Y,yes,no,30,CG420,
CG,Cooking - Gas,Electronic Control/Module Replacement,1,130,130,Y,yes,no,30,CG421,
CG,Cooking - Gas,Gas Supply Flex Line Replacement,0.5,130,65.0,Y,yes,yes,30,CG422,
CG,Cooking - Gas,Griddle/Grill Component Replacement,0.5,130,65.0,Y,yes,no,30,CG423,
CG,Cooking - Gas,Griddle/Grill Thermostat Replacement,1.25,130,162.5,Y,yes,yes,30,CG424,
CG,Cooking - Gas,Hi-Limit Thermal Cutout Replacement - Front Service,0.75,130,97.5,Y,yes,no,30,CG425,
CG,Cooking - Gas,Hi-Limit Thermal Cutout Replacement - Rear Service,1,130,130,Y,yes,yes,30,CG426,rear-service
CG,Cooking - Gas,Level Unit/Adjust Unit,0.5,130,65.0,Y,yes,no,30,CG609,
CG,Cooking - Gas,Leveling Legs/Wheel Replacement - Pro Range,1,130,130,Y,yes,yes,30,CG427,pro
CG,Cooking - Gas,Leveling Legs/Wheel Replacement - Standard Range,0.5,130,65.0,Y,yes,yes,30,CG428,
CG,Cooking - Gas,Light Bulb Replacement (Front Service),0.2,130,26.0,Y,yes,no,30,CG429,
CG,Cooking - Gas,Light Bulb Replacement (Rear Service),0.5,130,65.0,Y,yes,no,30,CG430,rear-service
CG,Cooking - Gas,Locate and Repair Gas Leak Locate and Repair (Difficult Access),1,130,130,Y,yes,yes,30,CG431,modifier
CG,Cooking - Gas,Locate and Repair Gas Leak Locate and Repair (Readily Accessible),0.5,130,65.0,Y,yes,yes,30,CG432,
CG,Cooking - Gas,Orifice(s) Replacement (Cooktop),0.5,130,65.0,Y,yes,yes,30,CG433,
CG,Cooking - Gas,Orifice(s) Replacement (Oven),0.75,130,97.5,Y,yes,yes,30,CG434,
CG,Cooking - Gas,Oven Ignitor (HSI) Replacement,0.75,130,97.5,Y,yes,yes,30,CG435,
CG,Cooking - Gas,Oven Temp Sensor (Thermistor) Replacement,0.75,130,97.5,Y,yes,no,30,CG436,
CG,Cooking - Gas,Oven Temperature Calibration,0.75,130,97.5,Y,yes,no,30,CG437,
CG,Cooking - Gas,Oven Thermostat Replacement,2,130,260,Y,yes,no,30,CG438,
CG,Cooking - Gas,Power Cord/Electrical Conduit Replacement,0.5,130,65.0,Y,yes,no,30,CG439,
CG,Cooking - Gas,Probe Jack Replacement,0.75,130,97.5,Y,yes,no,30,CG440,
CG,Cooking - Gas,Problem Could Not Be Reproduced,0.5,130,65.0,Y,yes,no,30,CG610,
CG,Cooking - Gas,Rack Replacement - Oven,0.15,130,19.5,Y,yes,no,30,CG441,
CG,Cooking - Gas,Regulator Replacement (Standard Access),0.75,130,97.5,Y,yes,yes,30,CG442,
CG,Cooking - Gas,Regulator Replacement Pro Range (Difficult Access),1.5,130,195.0,Y,yes,yes,30,CG443,pro modifier
CG,Cooking - Gas,Repair Burnt Wire(s) or Loose Connection(s),0.75,130,97.5,Y,yes,no,30,CG611,
CG,Cooking - Gas,Reset Home Circuit Breaker,0.25,130,32.5,Y,yes,no,30,CG612,
CG,Cooking - Gas,Safety Valve Replacement,1,130,130,Y,yes,no,30,CG444,
CG,Cooking - Gas,Simmer Setting Adjustment - Gas Burner,0.3,130,39.0,Y,yes,no,30,CG445,
CG,Cooking - Gas,Solenoid Replacement,0.75,130,97.5,Y,yes,no,30,CG446,
CG,Cooking - Gas,Switch Assembly Replacement,0.75,130,97.5,Y,yes,no,30,CG447,
CG,Cooking - Gas,Terminal Block Replacement - Electrical Connection,0.5,130,65.0,Y,yes,no,30,CG448,
CG,Cooking - Gas,Thermocouple Replacement,0.75,130,97.5,Y,yes,no,30,CG449,
CG,Cooking - Gas,Transformer Replacement,1,130,130,Y,yes,no,30,CG450,
CO,Cooktop,Additional Component Replacement,0.5,130,65.0,N,no,no,6,CO600,modifier
CO,Cooktop,Address Noise Complaint,0.5,130,65.0,N,no,no,6,CO601,
CO,Cooktop,Bin Replacement,0.25,130,32.5,N,no,no,6,CO400,
CO,Cooktop,Bin Roller Replacement,0.75,130,97.5,N,no,no,6,CO401,
CO,Cooktop,Cabinet Component Repair - Major,3,130,390,N,no,no,6,CO602,
CO,Cooktop,Cabinet Component Repair - Minor,1,130,130,N,no,no,6,CO603,
CO,Cooktop,Clear Debris from Drawer Mechanism,0.35,130,45.5,N,no,no,6,CO402,
CO,Cooktop,Component Replacement/Repair - Major,3,130,390,N,no,no,6,CO604,
CO,Cooktop,Component Replacement/Repair - Minor,1,130,130,N,no,no,6,CO605,
CO,Cooktop,Cosmetic Part Replacement - Minor,0.75,130,97.5,N,no,yes,6,CO606|CO607,
CO,Cooktop,Difficult Access Fee,0.5,130,65.0,N,no,no,6,CO608,modifier modifier
CO,Cooktop,Drive Chain Replacement,0.75,130,97.5,N,no,no,6,CO403,
CO,Cooktop,Drive Motor Replacement,1,130,130,N,no,no,6,CO404,
CO,Cooktop,Electronic Control/Module Replacement,0.75,130,97.5,N,no,no,6,CO405,
CO,Cooktop,Fan Motor/Blade Replacement,0.75,130,97.5,N,no,no,6,CO406,
CO,Cooktop,Foot Pedal/Actuator Replacement,0.75,130,97.5,N,no,no,6,CO407,
CO,Cooktop,Gear(s) Replacement,0.75,130,97.5,N,no,no,6,CO408,
CO,Cooktop,Level Unit/Adjust Unit,0.5,130,65.0,N,no,no,6,CO609,
CO,Cooktop,Lubricate Power Nuts/Screws,0.5,130,65.0,N,no,no,6,CO409,
CO,Cooktop,Microswitch Replacement,0.75,130,97.5,N,no,no,6,CO410,
CO,Cooktop,Power Cord/Electrical Conduit Replacement,0.5,130,65.0,N,no,no,6,CO411,
CO,Cooktop,Power Nut(s) Replacement,1,130,130,N,no,no,6,CO412,
CO,Cooktop,Power Screw Assembly Replacement,1,130,130,N,no,no,6,CO413,
CO,Cooktop,Problem Could Not Be Reproduced,0.5,130,65.0,N,no,no,6,CO610,
CO,Cooktop,Ram Assembly Components Replacement,1,130,130,N,no,no,6,CO414,
CO,Cooktop,Reinstallation of Unit,0.5,130,65.0,N,no,no,6,CO415,
CO,Cooktop,Repair Burnt Wire(s) or Loose Connection(s),0.75,130,97.5,N,no,no,6,CO611,
CO,Cooktop,Reset Home Circuit Breaker,0.25,130,32.5,N,no,no,6,CO612,
CO,Cooktop,Start Switch Replacement,0.75,130,97.5,N,no,no,6,CO416,
DI,Disposal?,Additional Component Replacement,0.5,130,65.0,N,no,no,2,DI600,modifier
DI,Disposal?,Address Noise Complaint,0.5,130,65.0,N,no,no,2,DI601,
DI,Disposal?,Cabinet Component Repair - Major,3,130,390,N,no,no,2,DI602,
DI,Disposal?,Cabinet Component Repair - Minor,1,130,130,N,no,no,2,DI603,
DI,Disposal?,Clear Debris From Disposal Mechanism,0.25,130,32.5,N,no,no,2,DI400,
DI,Disposal?,Component Replacement/Repair - Major,3,130,390,N,no,no,2,DI604,
DI,Disposal?,Component Replacement/Repair - Minor,1,130,130,N,no,no,2,DI605,
DI,Disposal?,Cosmetic Part Replacement - Minor,0.75,130,97.5,N,no,yes,2,DI606|DI607,
DI,Disposal?,Difficult Access Fee,0.5,130,65.0,N,no,no,2,DI608,modifier modifier
DI,Disposal?,Level Unit/Adjust Unit,0.5,130,65.0,N,no,no,2,DI609,
DI,Disposal?,Power Cord/Electrical Conduit Replacement,0.5,130,65.0,N,no,no,2,DI401,
DI,Disposal?,Problem Could Not Be Reproduced,0.5,130,65.0,N,no,no,2,DI610,
DI,Disposal?,Remove Knock-Out for DW Connection,0.25,130,32.5,N,no,no,2,DI402,
DI,Disposal?,Repair Burnt Wire(s) or Loose Connection(s),0.75,130,97.5,N,no,no,2,DI611,
DI,Disposal?,Replace Disposal (Exact Match Replacement Only) - NO PLUMBING,2,130,260,N,no,no,2,DI403,
DI,Disposal?,Reset Home Circuit Breaker,0.25,130,32.5,N,no,no,2,DI612,
DI,Disposal?,Reset Motor Overload,0.25,130,32.5,N,no,no,2,DI404,
DISL,Discount Labor,Discounted Courtesy Labor,0.25,130,32.5,N,no,no,58,DISL1,
DR,Dryer,Additional Component Replacement,0.5,130,65.0,Y,no,no,15,DR600,modifier
DR,Dryer,Address Noise Complaint,0.5,130,65.0,Y,no,no,15,DR601,
DR,Dryer,Belt Replacement,0.75,130,97.5,Y,no,yes,16,DR401,
DR,Dryer,Blower Wheel Replacement,1,130,130,Y,no,yes,16,DR402,
DR,Dryer,Burner Tube Assembly,0.75,130,97.5,Y,no,no,16,DR403,
DR,Dryer,Cabinet Component Repair - Major,3,130,390,Y,no,no,15,DR602,
DR,Dryer,Cabinet Component Repair - Minor,1,130,130,Y,no,no,15,DR603,
DR,Dryer,Clear Lint/Debris From Venting,0.5,130,65.0,Y,no,no,16,DR404,
DR,Dryer,Component Replacement/Repair - Major,3,130,390,Y,no,no,15,DR604,
DR,Dryer,Component Replacement/Repair - Minor,1,130,130,Y,no,no,15,DR605,
DR,Dryer,Cosmetic Part Replacement - Major,0.75,130,97.5,Y,no,no,15,DR606,
DR,Dryer,Cosmetic Part Replacement - Minor,0.25,130,32.5,Y,no,no,15,DR607,
DR,Dryer,Difficult Access Fee,0.5,130,65.0,Y,no,no,15,DR608,modifier modifier
DR,Dryer,Door Switch Replacement,0.75,130,97.5,Y,no,no,15,DR405,
DR,Dryer,Drum Replacement,1.25,130,162.5,Y,no,no,15,DR406,
DR,Dryer,Electronic Control/Timer/Pad Replacement,0.75,130,97.5,Y,no,no,15,DR407,
DR,Dryer,Gas Valve Assembly Replacement,1,130,130,Y,no,no,15,DR408,
DR,Dryer,Heating Element Replacement,0.75,130,97.5,Y,no,no,15,DR409,
DR,Dryer,Hi-Limit/Thermal Fuse Replacement,0.5,130,65.0,Y,no,no,15,DR410,
DR,Dryer,Igniter (HSI) Replacement,0.5,130,65.0,Y,no,no,15,DR411,
DR,Dryer,Interference Suppressor Replacement,0.5,130,65.0,Y,no,no,15,DR412,
DR,Dryer,LP or Nat Gas Conversion,0.75,130,97.5,Y,no,no,1,DR415,
DR,Dryer,LP or Natural Gas Conversion,0.75,130,97.5,Y,no,no,14,DR415,
DR,Dryer,Level Unit/Adjust Unit,0.25,130,32.5,Y,no,yes,15,DR413|DR609,
DR,Dryer,Light Bulb Replacement,0.25,130,32.5,Y,no,no,15,DR414,
DR,Dryer,Motor Replacement - Drum/Drive,1.25,130,162.5,Y,no,yes,15,DR416,
DR,Dryer,Power Cord/Electrical Conduit Replacement,0.5,130,65.0,Y,no,no,15,DR417,
DR,Dryer,Problem Could Not Be Reproduced,0.5,130,65.0,Y,no,no,15,DR610,
DR,Dryer,Repair Burnt Wire(s) or Loose Connection(s),0.75,130,97.5,Y,no,no,15,DR611,
DR,Dryer,Reset Home Circuit Breaker,0.25,130,32.5,Y,no,no,15,DR612,
DR,Dryer,Terminal Block Replacement - Electrical Connection,0.75,130,97.5,Y,no,no,15,DR418,
DR,Dryer,Thermostat Replacement,0.5,130,65.0,Y,no,yes,15,DR419,
DR,Dryer,Tub Roller/Idler Pulley/Belt Kit Replacement,1,130,130,Y,no,yes,15,DR420,
DR,Dryer,Vent Hose & Clamp(s) Replacement,0.5,130,65.0,Y,no,no,15,DR421,
DW,Dishwasher,Additional Component Replacement,0.5,130,65.0,N,no,no,24,DW600,modifier
DW,Dishwasher,Address Noise Complaint,0.5,130,65.0,N,no,no,24,DW601,
DW,Dishwasher,Address Washability Concerns,0.25,130,32.5,N,no,no,24,DW400,
DW,Dishwasher,Address Water Leak (Tub-Door-Etc.),0.75,130,97.5,N,no,no,24,DW401,
DW,Dishwasher,Cabinet Component Repair - Major,3,130,390,N,no,no,24,DW602,
DW,Dishwasher,Cabinet Component Repair - Minor,1,130,130,N,no,no,24,DW603,
DW,Dishwasher,Component Replacement/Repair - Major,3,130,390,N,no,no,24,DW604,
DW,Dishwasher,Component Replacement/Repair - Minor,1,130,130,N,no,no,24,DW605,
DW,Dishwasher,Cosmetic Part Replacement - Major,0.75,130,97.5,N,no,no,24,DW606,
DW,Dishwasher,Cosmetic Part Replacement - Minor,0.25,130,32.5,N,no,no,24,DW607,
DW,Dishwasher,Debris Removal & Cleaning From Drain/Sink Connection,0.5,130,65.0,N,no,no,24,DW402,
DW,Dishwasher,Debris Removal from Sump/Impeller/Drain,0.5,130,65.0,N,no,no,24,DW403,
DW,Dishwasher,Detergent Cup Assembly Replacement,0.75,130,97.5,N,no,no,24,DW404,
DW,Dishwasher,Difficult Access Fee,0.5,130,65.0,N,no,no,24,DW608,modifier modifier
DW,Dishwasher,Door Panel/Console Replacement (Outer),0.5,130,65.0,N,no,no,24,DW405,
DW,Dishwasher,Door Replacement (Inner),0.75,130,97.5,N,no,no,24,DW406,
DW,Dishwasher,Door Seal Replacement,0.5,130,65.0,N,no,no,24,DW407,
DW,Dishwasher,Door Spring Tension/Balance Adjustment (Front Accessible),0.25,130,32.5,N,no,no,24,DW408,
DW,Dishwasher,Door Spring Tension/Balance Adjustment (Unit Removed For Access),0.5,130,65.0,N,no,no,24,DW409,
DW,Dishwasher,Door Spring/Balance Kit Replacement,1,130,130,N,no,no,24,DW410,
DW,Dishwasher,Door Switch Replacement,0.75,130,97.5,N,no,no,24,DW411,
DW,Dishwasher,Drain Hose Replacement,0.75,130,97.5,N,no,yes,24,DW412,
DW,Dishwasher,Drain Pump Replacement,1.5,130,195.0,N,no,no,24,DW413,
DW,Dishwasher,Drying Fan Motor/Blade Replacement,1,130,130,N,no,no,24,DW414,
DW,Dishwasher,Electrical Disconnect was Turned Off (Light Switch),0.15,130,19.5,N,no,no,24,DW415,
DW,Dishwasher,Electronic Control/Timer/Pad Replacement,1,130,130,N,no,no,24,DW416,
DW,Dishwasher,Float Switch Replacement,0.75,130,97.5,N,no,no,24,DW417,
DW,Dishwasher,Flow Meter Replacement,1,130,130,N,no,no,24,DW418,
DW,Dishwasher,Heating Element Replacement,1,130,130,N,no,no,24,DW419,
DW,Dishwasher,Interference Suppressor Replacement,0.5,130,65.0,N,no,no,24,DW420,
DW,Dishwasher,Level Unit/Adjust Unit,0.5,130,65.0,N,no,no,24,DW609,
DW,Dishwasher,Light Bulb Replacement (Front Access),0.25,130,32.5,N,no,no,24,DW421,
DW,Dishwasher,"Light Bulb Replacement (Rear Access - Unit De-installation, Re-install)",1,130,130,N,no,no,24,DW422,
DW,Dishwasher,No Water at Supply,0.25,130,32.5,N,no,no,24,DW423,
DW,Dishwasher,Power Cord/Electrical Conduit Replacement,0.5,130,65.0,N,no,no,24,DW424,
DW,Dishwasher,Pressure Switch Replacement,1,130,130,N,no,no,24,DW425,
DW,Dishwasher,Problem Could Not Be Reproduced,0.5,130,65.0,N,no,no,24,DW610,
DW,Dishwasher,Pump and/or Motor Assembly Replacement,2,130,260,N,no,no,24,DW426,
DW,Dishwasher,Rack or Rack Component Replacement,0.5,130,65.0,N,no,no,24,DW427,
DW,Dishwasher,Reinstallation of Unit,0.75,130,97.5,N,no,no,24,DW428,
DW,Dishwasher,Repair Burnt Wire(s) or Loose Connection(s),0.75,130,97.5,N,no,no,24,DW611,
DW,Dishwasher,Reset Home Circuit Breaker,0.25,130,32.5,N,no,no,24,DW612,
DW,Dishwasher,Salt Reservoir Replacement,2,130,260,N,no,no,24,DW429,
DW,Dishwasher,Tub/Tank Replacement,3,130,390,N,no,no,24,DW430,
DW,Dishwasher,Turbidity Sensor Replacement,1,130,130,N,no,no,24,DW431,
DW,Dishwasher,WLAN WIFI Card Replacement,1,130,130,N,no,no,24,DW436,
DW,Dishwasher,Wash Arm/Water Feed Tube Clean/Replace,0.5,130,65.0,N,no,no,24,DW432,
DW,Dishwasher,Water Intake Assembly Replacement,2,130,260,N,no,no,24,DW433,
DW,Dishwasher,Water Supply Line Replacement,0.5,130,65.0,N,no,no,24,DW434,
DW,Dishwasher,Water Valve Replacement,0.75,130,97.5,N,no,no,24,DW435,
GR,Grill,Additional Component Replacement,0.5,130,65.0,N,yes,no,21,GR600,modifier
GR,Grill,Address Noise Complaint,0.5,130,65.0,N,yes,no,21,GR601,
GR,Grill,Battery Replacement,0.25,130,32.5,N,yes,no,21,GR400,
GR,Grill,Burner Assembly Replacement - Infrared,1,130,130,N,yes,no,21,GR401,
GR,Grill,Burner Grate(s)/Cap(s) Replacement,0.25,130,32.5,N,yes,no,21,GR402,
GR,Grill,Burner Ignition Component Replacement,0.75,130,97.5,N,yes,no,21,GR403,
GR,Grill,Burner Valve Replacement,1,130,130,N,yes,no,21,GR404,
GR,Grill,Burner(s) Adjustment,0.25,130,32.5,N,yes,no,21,GR405,
GR,Grill,Burner(s) Assembly Replacement,0.75,130,97.5,N,yes,no,21,GR406,
GR,Grill,Cabinet Component Repair - Major,3,130,390,N,yes,no,21,GR602,
GR,Grill,Cabinet Component Repair - Minor,1,130,130,N,yes,no,21,GR603,
GR,Grill,Component Replacement/Repair - Major,3,130,390,N,yes,no,21,GR604,
GR,Grill,Component Replacement/Repair - Minor,1,130,130,N,yes,no,21,GR605,
GR,Grill,Cosmetic Part Replacement - Major,0.75,130,97.5,N,yes,no,21,GR606,
GR,Grill,Cosmetic Part Replacement - Minor,0.25,130,32.5,N,yes,no,21,GR607,
GR,Grill,Difficult Access Fee,0.5,130,65.0,N,yes,no,21,GR608,modifier modifier
GR,Grill,Electronic Control/Module Replacement,1,130,130,N,yes,no,21,GR407,
GR,Grill,Gas Supply Flex Line Replacement,0.5,130,65.0,N,yes,no,21,GR408,
GR,Grill,Griddle/Grill Grate Component Replacement,0.25,130,32.5,N,yes,no,21,GR409,
GR,Grill,Ignitor (HSI) Replacement,0.75,130,97.5,N,yes,no,21,GR410,
GR,Grill,Lava Rock/Ceramic Heat Deflector Replacement,0.5,130,65.0,N,yes,no,21,GR411,
GR,Grill,Level Unit/Adjust Unit,0.5,130,65.0,N,yes,no,21,GR609,
GR,Grill,Light Bulb Replacement,0.5,130,65.0,N,yes,no,21,GR412,
GR,Grill,Locate and Repair Gas Leak Locate and Repair (Difficult Access),1,130,130,N,yes,no,21,GR413,modifier
GR,Grill,Locate and Repair Gas Leak Locate and Repair (Readily Accessible),0.5,130,65.0,N,yes,no,21,GR414,
GR,Grill,Orifice(s) Replacement,0.75,130,97.5,N,yes,no,21,GR415,
GR,Grill,Outdoor Grill Cleaning (In Place),2,130,260,N,yes,no,21,GR416,
GR,Grill,Outdoor Grill Cleaning (Removed from Installation),3,130,390,N,yes,no,21,GR417,
GR,Grill,Power Cord/Electrical Conduit Replacement,0.5,130,65.0,N,yes,no,21,GR418,
GR,Grill,Problem Could Not Be Reproduced,0.5,130,65.0,N,yes,no,21,GR610,
GR,Grill,Regulator Replacement (Difficult Access),1.5,130,195.0,N,yes,no,21,GR419,modifier
GR,Grill,Regulator Replacement (Standard Access),0.75,130,97.5,N,yes,no,21,GR420,
GR,Grill,Repair Burnt Wire(s) or Loose Connection(s),0.75,130,97.5,N,yes,no,21,GR611,
GR,Grill,Reset Home Circuit Breaker,0.25,130,32.5,N,yes,no,21,GR612,
GR,Grill,Safety Valve Replacement,1,130,130,N,yes,no,21,GR421,
GR,Grill,Solenoid Replacement,1,130,130,N,yes,no,21,GR422,
GR,Grill,Switch Assembly Replacement,0.75,130,97.5,N,yes,no,21,GR423,
GR,Grill,Thermocouple Replacement,1,130,130,N,yes,no,21,GR424,
GR,Grill,Transformer Replacement,1,130,130,N,yes,no,21,GR425,
ID,Install/Delivery?,Address Noise Complaint - Indoor Unit,0.4,150,60.0,Y,no,no,5,ID100,
ID,Install/Delivery?,Armaflex Replacement Where Accessible - Indoor Unit,1,150,150,Y,no,no,5,ID101,
ID,Install/Delivery?,Blower Wheel Replacement Indoor Unit,2.5,150,375.0,Y,no,no,5,ID102,
ID,Install/Delivery?,Capacitor (Run) Replacement Indoor Unit,0.75,150,112.5,Y,no,no,5,ID103,
ID,Install/Delivery?,Circuit Breaker Reset - Indoor Unit,0.24642857142857144,150,36.96,Y,no,no,5,ID104,
ID,Install/Delivery?,"Coil Cleaning - Indoor Unit (Attic Application), In Place Cleaning",3,150,450,Y,no,no,5,ID106,
ID,Install/Delivery?,"Coil Cleaning - Indoor Unit (Closet Application), In Place Cleaning",2,150,300,Y,no,no,5,ID107,
ID,Install/Delivery?,Coil Cleaning - Indoor Unit - In Place with No Return Duct,1.5,150,225.0,Y,no,no,5,ID105,
ID,Install/Delivery?,"Coil Replacement - Indoor Unit (Attic Application), Remove Coil, May Require Refrigerant Removal",6,150,900,Y,no,no,5,ID109,
ID,Install/Delivery?,"Coil Replacement - Indoor Unit (Closet Application), Remove Coil, May Require Refrigerant Removal",5,150,750,Y,no,no,5,ID108,
ID,Install/Delivery?,Defrost Control Replacement - Indoor Unit,1,150,150,Y,no,no,5,ID110,
ID,Install/Delivery?,Drain Pan Replacement (Primary) - Indoor Unit,4,150,600,Y,no,no,5,ID111,
ID,Install/Delivery?,Electrical Disconnect Replacement - Indoor Unit,1.5,150,225.0,Y,no,no,5,ID112,
ID,Install/Delivery?,Gas Burner(s) Flame Adjustment - Indoor Unit,1,150,150,Y,no,no,5,ID113,
ID,Install/Delivery?,Gas Burner(s) Replacement - Indoor Unit,2,150,300,Y,no,no,5,ID114,
ID,Install/Delivery?,Gas Valve Replacement - Indoor Unit,2,150,300,Y,no,no,5,ID115,
ID,Install/Delivery?,Heat Strip (Assembly) Replacement - Indoor Unit,2,150,300,Y,no,no,5,ID116,
ID,Install/Delivery?,Heat Strip (Per Strip) Restring Kit Per Strip - Indoor Unit,2,150,300,Y,no,no,5,ID117,
ID,Install/Delivery?,Hi-Limit/Thermal Cutout Replacement - Indoor Unit,1,150,150,Y,no,no,5,ID118,
ID,Install/Delivery?,Ignitor/Hot Surface Ignition Replacement - Indoor Unit,1,150,150,Y,no,no,5,ID119,
ID,Install/Delivery?,Low Voltage Fuse Replacement - Indoor Unit,0.5,150,75.0,Y,no,no,5,ID120|ID121,
ID,Install/Delivery?,Motor Mount Replacement - Indoor Unit,2,150,300,Y,no,no,5,ID122,
ID,Install/Delivery?,Motor Replacement Standard - Indoor Unit - Includes Capacitor,2.25,150,337.5,Y,no,no,5,ID123,
ID,Install/Delivery?,Motor Replacement Variable Speed - Indoor Unit,2.25,150,337.5,Y,no,no,5,ID124,
ID,Install/Delivery?,Refrigerant Leak Repair Indoor Coil (Attic Unit),3.5,150,525.0,Y,no,no,5,ID125,
ID,Install/Delivery?,Refrigerant Leak Repair Indoor Coil (Closet Unit),2.5,150,375.0,Y,no,no,5,ID126,
ID,Install/Delivery?,Relay/Control/Sequencer/Contactor Replacement - Indoor Unit,1,150,150,Y,no,no,5,ID127,
ID,Install/Delivery?,Repair Burnt Wire(s) or Loose Connection - Indoor Unit,0.75,150,112.5,Y,no,no,5,ID128,
ID,Install/Delivery?,Safety Drain Kill Switch Replacement,1,150,150,Y,no,no,5,ID129,
ID,Install/Delivery?,Safety Drain Pan Replacement,2.5,150,375.0,Y,no,no,5,ID130,
ID,Install/Delivery?,Sensor/Thermistor Replacement - Indoor Unit,1,150,150,Y,no,no,5,ID131,
ID,Install/Delivery?,Set Control Dip Switches - Indoor Unit,0.75,150,112.5,Y,no,no,5,ID132,
ID,Install/Delivery?,Stepper Motor Replacement for Electronic Expansion Valve,1.5,150,225.0,Y,no,no,5,ID133,
ID,Install/Delivery?,Thermal Fuse Replacement - Indoor Unit,0.6,150,90.0,Y,no,no,5,ID134,
ID,Install/Delivery?,Thermostatic/Electronic Expansion Valve Replacement,5,150,750,Y,no,no,5,ID135,
IM,Ice Maker,Additional Component Replacement,0.5,130,65.0,N,no,no,16,IM600,modifier
IM,Ice Maker,Address Noise Complaint,0.5,130,65.0,N,no,no,16,IM601,
IM,Ice Maker,Cabinet Component Repair - Major,3,130,390,N,no,no,16,IM602,
IM,Ice Maker,Cabinet Component Repair - Minor,1,130,130,N,no,no,16,IM603,
IM,Ice Maker,Circulation Pump Replacement,1,130,130,N,no,no,16,IM400,
IM,Ice Maker,Cleaning & Maintenance (Cleaning Solution Only) - No Disassembly Included,0.25,130,32.5,N,no,no,15,IM402,
IM,Ice Maker,Cleaning & Maintenance - Complete cleaning including disassembly of water circulation components to allow for access. Reassembly of all components. Run clean cycle with cleaning solution.,1.5,130,195.0,N,no,no,16,IM401,
IM,Ice Maker,Clear Debris From Drain Hose,0.75,130,97.5,N,no,no,16,IM403,
IM,Ice Maker,Component Replacement/Repair - Major,3,130,390,N,no,no,16,IM604,
IM,Ice Maker,Component Replacement/Repair - Minor,1,130,130,N,no,no,16,IM605,
IM,Ice Maker,Condensate Pump Filter Screen Cleaning,1.5,130,195.0,N,no,no,16,IM404,
IM,Ice Maker,Condenser Fan Motor / Blade Replacement,1.5,130,195.0,N,no,no,16,IM405,
IM,Ice Maker,Cosmetic Part Replacement - Major,0.75,130,97.5,N,no,no,16,IM606,
IM,Ice Maker,Cosmetic Part Replacement - Minor,0.25,130,32.5,N,no,no,16,IM607,
IM,Ice Maker,Cutter Grid Replacement,0.75,130,97.5,N,no,no,16,IM406,
IM,Ice Maker,Descale (Cleaning Solution Only) - No Disassembly Included,0.25,130,32.5,N,no,no,1,IM402,
IM,Ice Maker,Difficult Access Fee,0.5,130,65.0,N,no,no,16,IM608,modifier modifier
IM,Ice Maker,Door Adjustment,0.25,130,32.5,N,no,no,16,IM407,
IM,Ice Maker,Door Gasket Replacement,0.5,130,65.0,N,no,no,16,IM408,
IM,Ice Maker,Door Replacement,0.75,130,97.5,N,no,no,16,IM409,
IM,Ice Maker,Drain Hose Replacement,0.75,130,97.5,N,no,no,16,IM410,
IM,Ice Maker,Drain Pump Complete or Component Replacement,1,130,130,N,no,no,16,IM411,
IM,Ice Maker,Drain Pump Replacement (Rear Access),1.25,130,162.5,N,no,no,16,IM412,
IM,Ice Maker,Electronic Control/ Module/ Pad Replacement,1,130,130,N,no,no,16,IM413,
IM,Ice Maker,Evaporator Fan Motor / Blade Replacement,1,130,130,N,no,yes,16,IM414,
IM,Ice Maker,Fan/ Light Switch Replacement,0.5,130,65.0,N,no,no,16,IM415,
IM,Ice Maker,Hot Gas Valve Electrical Coil Replacement,0.75,130,97.5,N,no,no,16,IM416,
IM,Ice Maker,Ice Thickness Control Replacement,1,130,130,N,no,no,16,IM417,
IM,Ice Maker,Level Unit/Adjust Unit,0.5,130,65.0,N,no,no,16,IM609,
IM,Ice Maker,Light Bulb Replacement,0.25,130,32.5,N,no,no,16,IM418,
IM,Ice Maker,Power Cord/Electrical Conduit Replacement,0.5,130,65.0,N,no,no,16,IM419,
IM,Ice Maker,Problem Could Not Be Reproduced,0.5,130,65.0,N,no,no,16,IM610,
IM,Ice Maker,Recover Refrigerant,0.25,130,32.5,N,no,no,16,IM420,
IM,Ice Maker,Relay/ Start Device Replacement,1,130,130,N,no,no,16,IM421,
IM,Ice Maker,Repair Burnt Wire(s) or Loose Connection(s),0.75,130,97.5,N,no,no,16,IM611,
IM,Ice Maker,Reset Home Circuit Breaker,0.25,130,32.5,N,no,no,16,IM612,
IM,Ice Maker,Sealed System - Coil Replacement - Condenser,3,130,390,N,no,no,16,IM500,sealed-system
IM,Ice Maker,Sealed System - Coil Replacement - Evaporator,3,130,390,N,no,no,16,IM501,sealed-system
IM,Ice Maker,Sealed System - Compressor/Filter Drier Replacement,3,130,390,N,no,no,16,IM502,sealed-system
IM,Ice Maker,Sealed System - Filter Drier Replacement,2,130,260,N,no,no,16,IM503,sealed-system
IM,Ice Maker,Sealed System - Heat Exchanger/Filter Drier Replacement,3,130,390,N,no,no,16,IM504,sealed-system
IM,Ice Maker,Sealed System - Hot Gas Valve/Filter Drier Replacement,2,130,260,N,no,no,16,IM505,sealed-system
IM,Ice Maker,"Sealed System - Repair Refrigerant Leak, Replace Filter Drier If Needed. Includes materials & supplies necessary to braze new components in place. Includes system evacuation & charging. Refrigerant not included.",2,130,260,N,no,no,16,IM506,sealed-system
IM,Ice Maker,"Sealed System 1-Replace Compressor, Evaporator, & Filter Drier. Includes removal of all old components & disposal. Includes materials and supplies necessary to braze new components in place. Includes system evacuation & charging. Refrigerant not included.",3.5,130,455.0,N,no,no,16,IM507,sealed-system
IM,Ice Maker,"Sealed System 2 - Compressor, Evaporator, Condenser, Heat Exchanger, and Filter Drier. Includes removal of all old components & disposal. Includes materials & supplies necessary to braze new components in place. Includes system evacuation & charging.",4.5,130,585.0,N,no,no,16,IM508,sealed-system
IM,Ice Maker,Sensor Replacement - Bin Level,0.5,130,65.0,N,no,no,16,IM422,
IM,Ice Maker,Sensor Replacement - Water Level,0.5,130,65.0,N,no,no,16,IM423,
IM,Ice Maker,Sensor/Thermistor Replacement,0.5,130,65.0,N,no,no,16,IM424,
IM,Ice Maker,Technician Install of Ice Maker,0.25,130,32.5,N,no,no,8,IM613,
IM,Ice Maker,Transformer Replacement,1,130,130,N,no,no,16,IM425,
IM,Ice Maker,Water Filter Replacement,0.25,130,32.5,N,no,no,16,IM426,
IM,Ice Maker,Water Line Replacement,0.75,130,97.5,N,no,no,16,IM427,
IM,Ice Maker,Water Valve Replacement,0.75,130,97.5,N,no,no,16,IM428,
INSHP,In Shop,In Shop Repairs,0.25,130,32.5,Y,no,yes,63,INSHP,
L,Additional Labor,Additional One Tech/Installer Labor,0.5,130,65.0,Y,yes,no,59,L1,modifier
L,Additional Labor,Additional Three Tech/Installer Labor,1,130,130,Y,yes,no,59,L3,modifier
L,Additional Labor,Additional Two Tech/Installer Labor,0.75,130,97.5,Y,yes,no,59,L2,two-tech modifier
MS,Misc,Miscellaneous Labor,0.25,130,32.5,Y,yes,no,59,MS1,
MW,Microwave,Additional Component Replacement,0.5,130,65.0,Y,yes,no,22,MW600,modifier
MW,Microwave,Address Noise Complaint,0.5,130,65.0,Y,yes,no,22,MW601,
MW,Microwave,Bake Element Replacement,0.75,130,97.5,Y,yes,no,22,MW400,
MW,Microwave,Broil Element Replacement,0.75,130,97.5,Y,yes,no,22,MW401,
MW,Microwave,Cabinet Component Repair - Major,3,130,390,Y,yes,no,22,MW602,
MW,Microwave,Cabinet Component Repair - Minor,1,130,130,Y,yes,no,22,MW603,
MW,Microwave,Capacitor Replacement,0.5,130,65.0,Y,yes,no,22,MW402,
MW,Microwave,Component Replacement/Repair - Major,3,130,390,Y,yes,no,22,MW604,
MW,Microwave,Component Replacement/Repair - Minor,1,130,130,Y,yes,no,22,MW605,
MW,Microwave,Convect Element Replacement,0.75,130,97.5,Y,yes,no,22,MW403,
MW,Microwave,Convect Fan Motor/Blade Replacement,1,130,130,Y,yes,no,22,MW404,
MW,Microwave,Cook/Humidity Sensor Replacement,0.75,130,97.5,Y,yes,no,22,MW405,
MW,Microwave,Cooling Fan Motor/Blade Replacement,0.75,130,97.5,Y,yes,no,22,MW406,
MW,Microwave,Cosmetic Part Replacement - Major,0.75,130,97.5,Y,yes,no,22,MW606,
MW,Microwave,Cosmetic Part Replacement - Minor,0.25,130,32.5,Y,yes,no,22,MW607,
MW,Microwave,Difficult Access Fee,0.5,130,65.0,Y,yes,no,22,MW608,modifier modifier
MW,Microwave,Door Component Replacement,0.5,130,65.0,Y,yes,no,22,MW407,
MW,Microwave,Electronic Control/Module Replacement,0.75,130,97.5,Y,yes,no,22,MW408,
MW,Microwave,Hi-Voltage Diode Replacement,0.5,130,65.0,Y,yes,no,22,MW409,
MW,Microwave,Interlock Switch Replacement/Adjustment,1,130,130,Y,yes,no,22,MW410,
MW,Microwave,Level Unit/Adjust Unit,0.5,130,65.0,Y,yes,no,22,MW609,
MW,Microwave,Light Bulb Replacement,0.25,130,32.5,Y,yes,no,22,MW411,
MW,Microwave,Magnetron Tube Replacement,0.75,130,97.5,Y,yes,no,22,MW412,
MW,Microwave,Power Cord/Electrical Conduit Replacement,0.5,130,65.0,Y,yes,no,22,MW413,
MW,Microwave,Probe Jack Replacement,0.75,130,97.5,Y,yes,no,22,MW414,
MW,Microwave,Problem Could Not Be Reproduced,0.5,130,65.0,Y,yes,no,22,MW610,
MW,Microwave,Quartz Halogen Heating Bulb Replacement,0.75,130,97.5,Y,yes,no,22,MW415,
MW,Microwave,Rack Replacement - Oven,0.15,130,19.5,Y,yes,no,22,MW416,
MW,Microwave,Repair Burnt Wire(s) or Loose Connection(s),0.75,130,97.5,Y,yes,no,22,MW611,
MW,Microwave,Reset Home Circuit Breaker,0.25,130,32.5,Y,yes,no,22,MW612,
MW,Microwave,Terminal Block Replacement - Electrical Connection,0.5,130,65.0,Y,yes,no,22,MW417,
MW,Microwave,Thermal/Line Fuse Replacement,0.25,130,32.5,Y,yes,no,22,MW418,
MW,Microwave,Torsion Spring Replacement,0.5,130,65.0,Y,yes,no,22,MW419,
MW,Microwave,Transformer Replacement,0.75,130,97.5,Y,yes,no,22,MW420,
MW,Microwave,Turntable Motor Replacement,0.5,130,65.0,Y,yes,no,22,MW421,
MW,Microwave,Ventilation Fan Motor/Blade (OTR) Replacement,1,130,130,Y,yes,no,22,MW422,
MW,Microwave,Waveguide Shield Replacement,0.25,130,32.5,Y,yes,no,22,MW423,
OD,Outdoor?,Address Noise Complaint - Outdoor Unit,0.5,150,75.0,Y,no,no,5,OD100,
OD,Outdoor?,Armaflex Replacement Where Accessible - Outdoor Unit,0.8,150,120.0,Y,no,no,5,OD101,
OD,Outdoor?,Capacitor (Run) Replacement - Outdoor Unit,0.75,150,112.5,Y,no,no,5,OD102,
OD,Outdoor?,"Capacitor Start Kit Replacement - Includes Start Capacitor/Relay, Wiring",1,150,150,Y,no,no,5,OD103,
OD,Outdoor?,Circuit Breaker Reset - Outdoor Unit,0.35,150,52.5,Y,no,no,5,OD104,
OD,Outdoor?,Coil Repair - Outdoor Unit - Install Coupling Repair Kit,6,150,900,Y,no,no,5,OD105,
OD,Outdoor?,Coil Replacement - Outdoor Unit,7,150,1050,Y,no,no,5,OD106,
OD,Outdoor?,Compressor Replacement - Outdoor Unit,7,150,1050,Y,no,no,5,OD107,
OD,Outdoor?,Contactor/Relay Replacement - Outdoor Unit,1,150,150,Y,no,no,5,OD108,
OD,Outdoor?,Defrost Control Replacement - Outdoor Unit,1,150,150,Y,no,no,5,OD109,
OD,Outdoor?,Electrical Disconnect Replacement - Outdoor Unit,2,150,300,Y,no,no,5,OD111,
OD,Outdoor?,Electronic Control Replacement - Outdoor Unit,1,150,150,Y,no,no,5,OD110,
OD,Outdoor?,Fan Blade Replacement - Outdoor Unit,1.5,150,225.0,Y,no,no,5,OD112,
OD,Outdoor?,Filter Drier Replacement - Outdoor Unit,3,150,450,Y,no,no,5,OD113,
OD,Outdoor?,Low Voltage Fuse Replacement - Outdoor Unit,0.4,150,60.0,Y,no,no,5,OD114,
OD,Outdoor?,Motor Replacement - Outdoor Unit -Includes Capacitor,2.5,150,375.0,Y,no,no,5,OD115,
OD,Outdoor?,Muffler Replacement - Outdoor Unit,4,150,600,Y,no,no,5,OD116,
OD,Outdoor?,Outdoor Unit Pad Replacement,2.5,150,375.0,Y,no,no,5,OD117,
OD,Outdoor?,Refrigerant Leak Repair - Outdoor Unit,3,150,450,Y,no,no,5,OD118,
OD,Outdoor?,Refrigerant Service Valve Replacement - Outdoor Unit,3,150,450,Y,no,no,5,OD119,
OD,Outdoor?,Reversing Valve Coil Replacement - Outdoor Unit,0.8,150,120.0,Y,no,no,5,OD120,
OD,Outdoor?,Reversing Valve Replacement - Outdoor Unit,7,150,1050,Y,no,no,5,OD121,
OD,Outdoor?,Sensor/Thermistor Replacement - Outdoor Unit,1,150,150,Y,no,no,5,OD122,
OD,Outdoor?,Set Control Dip Switches - Outdoor Unit,0.75,150,112.5,Y,no,no,5,OD123,
OD,Outdoor?,Stepper Motor Replacement for Electronic Expansion Valve,1.5,150,225.0,Y,no,no,5,OD124,
OD,Outdoor?,Thermal Fuse Replacement - Outdoor Unit,0.6,150,90.0,Y,no,no,5,OD125,
OD,Outdoor?,Thermostatic/Electronic Expansion Valve Replacement - Outdoor Unit,5,150,750,Y,no,no,5,OD126,
OD,Outdoor?,Valve Core Replacement - Refrigerant Valve - Outdoor Unit,0.8,150,120.0,Y,no,no,5,OD127,
OD,Outdoor?,Variable Speed Drive Replacement - Outdoor Unit,2,150,300,Y,no,no,5,OD128,
RE,Refrigeration,Additional Component Replacement,0.5,130,65.0,Y,yes,no,32,RE600,modifier
RE,Refrigeration,Address Noise Complaint,0.5,130,65.0,Y,yes,no,32,RE601,
RE,Refrigeration,Auger Motor/Cubed-Crushed Solenoid Replacement,0.75,130,97.5,Y,yes,no,32,RE400,
RE,Refrigeration,Cabinet Component Repair - Major,3,130,390,Y,yes,no,32,RE602,
RE,Refrigeration,Cabinet Component Repair - Minor,1,130,130,Y,yes,no,32,RE603,
RE,Refrigeration,Clear Debris/Ice From Defrost Drain,0.5,130,65.0,Y,yes,no,32,RE401,
RE,Refrigeration,Cold Control (Thermostat) Replacement,0.75,130,97.5,Y,yes,no,32,RE402,
RE,Refrigeration,Component Replacement/Repair - Major,3,130,390,Y,yes,no,32,RE604,
RE,Refrigeration,Component Replacement/Repair - Minor,1,130,130,Y,yes,no,32,RE605,
RE,Refrigeration,Condensate Drain Pan Replacement,0.25,130,32.5,Y,yes,no,32,RE403,
RE,Refrigeration,Condenser Fan Motor/Blade Replacement,1,130,130,Y,yes,no,32,RE404,
RE,Refrigeration,Cosmetic Part Replacement - Major,0.75,130,97.5,Y,yes,no,32,RE606,
RE,Refrigeration,Cosmetic Part Replacement - Minor,0.25,130,32.5,Y,yes,no,32,RE607,
RE,Refrigeration,Damper/Damper Control Replacement,1,130,130,Y,yes,no,32,RE405,
RE,Refrigeration,Defrost Bimetal Replacement,1,130,130,Y,yes,no,32,RE406,
RE,Refrigeration,Defrost Evaporator Manually,0.5,130,65.0,Y,yes,no,32,RE407,
RE,Refrigeration,Defrost Heater/Drain Heater Replacement,1,130,130,Y,yes,no,32,RE408,
RE,Refrigeration,Defrost Timer/Adaptive Control Replacement,0.75,130,97.5,Y,yes,no,32,RE409,
RE,Refrigeration,Deice Fill Tube Manually,0.5,130,65.0,Y,yes,no,32,RE410,
RE,Refrigeration,Difficult Access Fee,0.5,130,65.0,Y,yes,no,32,RE608,modifier modifier
RE,Refrigeration,Door Adjustment/Realign,0.5,130,65.0,Y,yes,no,32,RE412,
RE,Refrigeration,Door Gasket Replacement (Bracketed Retainer Type) -It is recommended that if at all possible that the door be left closed for at least 24 hours after the new gasket has been installed in order to allow the door gasket to seat properly.,1.25,130,162.5,Y,no,no,1,RE413,
RE,Refrigeration,Door Gasket Replacement (Bracketed Retainer Type) Leave door closed for 24 hours after replacement for best results. A blow dryer may be used on low to help form new gasket and remove wrinkles.,1.25,130,162.5,Y,yes,no,31,RE413,
RE,Refrigeration,Door Gasket Replacement (Push-In Type) - It is recommended that if at all possible that the door be left closed for at least 24 hours after the new gasket has been installed in order to allow the door gasket to seat properly.,0.75,130,97.5,Y,no,no,1,RE414,
RE,Refrigeration,Door Gasket Replacement (Push-in Type) Leave door closed for 24 hours after replacement for best results. A blow dryer may be used on low to help form new gasket and remove wrinkles.,0.75,130,97.5,Y,yes,no,31,RE414,
RE,Refrigeration,Door Replacement,1.5,130,195.0,Y,yes,no,32,RE411,
RE,Refrigeration,Double/Single Water Valve Replacement,0.5,130,65.0,Y,yes,no,32,RE415,
RE,Refrigeration,Electronic Control/Module Replacement,1,130,130,Y,yes,no,32,RE416,
RE,Refrigeration,Evaporator Fan Motor/Blade Replacement,1,130,130,Y,yes,no,32,RE417,
RE,Refrigeration,Fan/Light Switch Replacement,0.5,130,65.0,Y,yes,no,32,RE418,
RE,Refrigeration,Ice Maker Kit/Component Replacement,0.75,130,97.5,Y,yes,no,32,RE419,
RE,Refrigeration,Ice Storage Bin Replacement,0.25,130,32.5,Y,yes,no,32,RE420,
RE,Refrigeration,Ice/Water Dispenser Component Replacement,1,130,130,Y,yes,no,32,RE421,
RE,Refrigeration,Level-Adjust Built-in Unit,1,130,130,Y,yes,no,32,RE609,built-in
RE,Refrigeration,Level-Adjust Freestanding Unit,0.5,130,65.0,Y,yes,no,32,RE610,
RE,Refrigeration,Light Bulb Replacement,0.25,130,32.5,Y,yes,no,32,RE422,
RE,Refrigeration,Power Cord/Electrical Conduit Replacement,0.5,130,65.0,Y,yes,no,32,RE423,
RE,Refrigeration,Problem Could Not Be Reproduced,0.5,130,65.0,Y,yes,no,32,RE611,
RE,Refrigeration,Refrigerant Recovery Fee,0.5,130,65.0,Y,yes,no,32,RE424,
RE,Refrigeration,Relay/Start Device Replacement,0.75,130,97.5,Y,yes,no,32,RE425,
RE,Refrigeration,Repair Burnt Wire(s) or Loose Connection(s),0.75,130,97.5,Y,yes,no,32,RE612,
RE,Refrigeration,Replace Leveling Legs/Wheels - Built-in Refrigeration,1.5,130,195.0,Y,yes,no,32,RE426,built-in
RE,Refrigeration,Replace Leveling Legs/Wheels - Freestanding Refrigeration,0.5,130,65.0,Y,yes,no,32,RE427,
RE,Refrigeration,Reset Home Circuit Breaker,0.25,130,32.5,Y,yes,no,32,RE613,
RE,Refrigeration,"Sealed System - COMPRESSOR, FILTER DRIER Replacement. Remove old components. Includes materials & supplies necessary to braze in new components. System evacuation & charging. Refrigerant not included.",6,130,780,Y,yes,no,30,RE500,sealed-system
RE,Refrigeration,"Sealed System - CONDENSER COIL, FILTER DRIER Replacement. Remove old components. Includes materials & supplies necessary to braze in new components. System evacuation & charging. Refrigerant not included.",5,130,650,Y,yes,no,32,RE501,sealed-system
RE,Refrigeration,"Sealed System - Compressor, Filter Drier Replacement. Includes removal of all old components & disposal. Includes materials & supplies necessary to braze new components in place. Includes system evacuation & charging. Refrigerant not included.",6,130,780,Y,no,no,2,RE500,sealed-system
RE,Refrigeration,"Sealed System - EVAPORATOR COIL, FILTER DRIER Replacement. Remove old components. Includes materials & supplies necessary to braze in new components. System evacuation & charging. Refrigerant not included.",5,130,650,Y,yes,no,32,RE502,sealed-system
RE,Refrigeration,Sealed System - FILTER DRIER Replacement. Remove old components. Includes materials & supplies necessary to braze in new components. System evacuation & charging. Refrigerant not included.,2.5,130,325.0,Y,yes,no,32,RE503,sealed-system
RE,Refrigeration,Sealed System - HEAT EXCHANGER & FILTER DRIER Replacement. Remove old components. Includes materials & supplies necessary to braze in new components. System evacuation & charging. Refrigerant not included.,6,130,780,Y,yes,no,32,RE504,sealed-system
RE,Refrigeration,Sealed System - REFRIGERANT LEAK REPAIR. Replace filter drier if needed. Includes materials & supplies necessary to repair. System evacuation & charging. Refrigerant not included.,2,130,260,Y,yes,no,32,RE505,sealed-system
RE,Refrigeration,"Sealed System 1- Replace COMPRESSOR, EVAPORATOR, & FILTER DRIER. Remove old components. Includes materials & supplies needed to braze in new components. System evacuation & charging. Refrigerant not included.",5.5,130,715.0,Y,no,no,9,RE506,sealed-system
RE,Refrigeration,"Sealed System 1-Replace COMPRESSOR, EVAPORATOR, & FILTER DRIER. Remove old components. Includes materials & supplies needed to braze in new components. System evacuation & charging. Refrigerant not included.",5.5,130,715.0,Y,yes,no,22,RE506,sealed-system
RE,Refrigeration,"Sealed System 1-Replace Compressor, Evaporator, & Filter Drier. Includes removal of all old components & disposal. Includes materials and supplies necessary to braze new components in place. Includes system evacuation & charging. Refrigerant not included.",5.5,130,715.0,Y,no,no,1,RE506,sealed-system
RE,Refrigeration,"Sealed System 2 - Compressor, Evaporator, Condenser, Heat Exchanger, and Filter Drier. Includes removal of all old components & disposal. Includes materials & supplies necessary to braze new components in place. Includes system evacuation & charging.",6.5,130,845.0,Y,yes,no,32,RE507,sealed-system
RE,Refrigeration,Shelf/Storage Bin Replacement,0.25,130,32.5,Y,yes,no,32,RE428,
RE,Refrigeration,Thermistor/Sensor Replacement,0.75,130,97.5,Y,yes,no,32,RE429,
RE,Refrigeration,Transformer Replacement,0.5,130,65.0,Y,yes,no,32,RE430,
RE,Refrigeration,Vacuum and/or Clean Condenser Coils,0.5,130,65.0,Y,yes,no,32,RE431,
RE,Refrigeration,WLAN WIFI Card Replacement - Includes de-installation and re-installation of unit to allow access to component.,1.5,130,195.0,Y,yes,no,32,RE435,
RE,Refrigeration,Water Filter Replacement,0.25,130,32.5,Y,yes,no,32,RE432,
RE,Refrigeration,Water Line Replacement,0.25,130,32.5,Y,yes,no,32,RE433,
RE,Refrigeration,Water Reservoir Replacement,0.5,130,65.0,Y,yes,no,32,RE434,
SO,Wall Oven,Additional Component Replacement,0.5,130,65.0,N,no,no,13,SO600,modifier
SO,Wall Oven,Address Noise Complaint,0.5,130,65.0,N,no,no,13,SO601,
SO,Wall Oven,Bake Element Replacement,0.75,130,97.5,N,no,no,13,SO400,
SO,Wall Oven,Broil Element Replacement,0.75,130,97.5,N,no,no,13,SO401,
SO,Wall Oven,Cabinet Component Repair - Major,3,130,390,N,no,no,13,SO602,
SO,Wall Oven,Cabinet Component Repair - Minor,1,130,130,N,no,no,13,SO603,
SO,Wall Oven,Capacitor Replacement,0.5,130,65.0,N,no,no,13,SO402,
SO,Wall Oven,Component Replacement/Repair - Major,3,130,390,N,no,no,13,SO604,
SO,Wall Oven,Component Replacement/Repair - Minor,1,130,130,N,no,no,13,SO605,
SO,Wall Oven,Connecting Tube(s)/Clamp(s) Replacement,0.5,130,65.0,N,no,no,13,SO403,
SO,Wall Oven,Convect Element Replacement,0.75,130,97.5,N,no,no,13,SO404,
SO,Wall Oven,Convect Fan Motor/Blade Replacement,1,130,130,N,no,no,13,SO405,
SO,Wall Oven,Cooling Fan Motor/Blade Replacement,0.75,130,97.5,N,no,no,13,SO406,
SO,Wall Oven,Cosmetic Part Replacement - Major,0.75,130,97.5,N,no,no,13,SO606,
SO,Wall Oven,Cosmetic Part Replacement - Minor,0.25,130,32.5,N,no,no,13,SO607,
SO,Wall Oven,Descale & Clean Unit,0.75,130,97.5,N,no,no,13,SO407,
SO,Wall Oven,Difficult Access Fee,0.5,130,65.0,N,no,no,13,SO608,modifier modifier
SO,Wall Oven,Door Component Replacement,0.5,130,65.0,N,no,no,13,SO408,
SO,Wall Oven,Door Interlock Switch Replacement/Adjustment,1,130,130,N,no,no,13,SO409,
SO,Wall Oven,Electronic Control/Module Replacement,1.5,130,195.0,N,no,no,13,SO410,
SO,Wall Oven,Flow Meter Replacement - Water,1,130,130,N,no,no,13,SO411,
SO,Wall Oven,Heater Assembly Replacement,1.5,130,195.0,N,no,no,13,SO412,
SO,Wall Oven,Interference Limiter Replacement,1,130,130,N,no,no,13,SO413,
SO,Wall Oven,Level Unit/Adjust Unit,0.5,130,65.0,N,no,no,13,SO609,
SO,Wall Oven,Light Bulb Replacement (Front Access),0.25,130,32.5,N,no,no,13,SO414,
SO,Wall Oven,Light Bulb Replacement (Rear Access),0.5,130,65.0,N,no,no,13,SO415,
SO,Wall Oven,Power Cord/Electrical Conduit Replacement,0.5,130,65.0,N,no,no,13,SO416,
SO,Wall Oven,Pressure Relief Valve Replacement,1,130,130,N,no,no,13,SO417,
SO,Wall Oven,Probe Jack Replacement,0.75,130,97.5,N,no,no,13,SO418,
SO,Wall Oven,Problem Could Not Be Reproduced,0.5,130,65.0,N,no,no,13,SO610,
SO,Wall Oven,Rack Replacement - Oven,0.15,130,19.5,N,no,no,13,SO419,
SO,Wall Oven,Repair Burnt Wire(s) or Loose Connection(s),0.75,130,97.5,N,no,no,13,SO611,
SO,Wall Oven,Reset Home Circuit Breaker,0.25,130,32.5,N,no,no,13,SO612,
SO,Wall Oven,Sensor Replacement - Cook/Humidity,0.75,130,97.5,N,no,no,13,SO420,
SO,Wall Oven,Sensor/Thermistor Replacement,0.75,130,97.5,N,no,no,13,SO421,
SO,Wall Oven,Solenoid Replacement,1,130,130,N,no,no,13,SO422,
SO,Wall Oven,Steam Generator Replacement,1,130,130,N,no,no,13,SO423,
SO,Wall Oven,Temp Sensor Replacement,1,130,130,N,no,no,13,SO424,
SO,Wall Oven,Terminal Block Replacement - Electrical Connection,0.5,130,65.0,N,no,no,13,SO425,
SO,Wall Oven,Thermal Limiter Replacement,1,130,130,N,no,no,13,SO426,
SO,Wall Oven,Thermal/Line Fuse Replacement,0.25,130,32.5,N,no,no,13,SO427,
SO,Wall Oven,Transformer Replacement,0.75,130,97.5,N,no,no,13,SO428,
SO,Wall Oven,Water Leak Repair,0.75,130,97.5,N,no,no,13,SO429,
SO,Wall Oven,Water Pump Replacement,1,130,130,N,no,no,13,SO430,
SO,Wall Oven,Water Reservoir Replacement,0.25,130,32.5,N,no,no,13,SO431,
VA,Vacuum?,Disassemble Unit and Clean Components,0.5,130,65.0,Y,no,no,2,VA401,
VA,Vacuum?,Power Cord/Electrical Conduit Replacement,0.5,130,65.0,Y,no,no,2,VA402,
VA,Vacuum?,Repair Burnt Wire/Loose Connection,0.5,130,65.0,Y,no,no,2,VA403,
VA,Vacuum?,Repair or Replace Major Chassis Component,0.75,130,97.5,Y,no,no,2,VA404,
VA,Vacuum?,Repair or Replace Minor Chassis Component,0.3,130,39.0,Y,no,no,2,VA405,
VA,Vacuum?,Replace Bag and/or Filter,0.2,130,26.0,Y,no,no,2,VA406,
VA,Vacuum?,Replace Belt,0.35,130,45.5,Y,no,no,2,VA407,
VA,Vacuum?,Replace Blower Assembly,0.8,130,104.0,Y,no,no,2,VA408,
VA,Vacuum?,Replace Hose,0.35,130,45.5,Y,no,no,2,VA409,
VA,Vacuum?,Replace Motor,0.8,130,104.0,Y,no,no,2,VA410,
VA,Vacuum?,Replace Roller Brush Assembly,0.35,130,45.5,Y,no,no,2,VA411,
VA,Vacuum?,Replace Switch/Switch Assembly,0.5,130,65.0,Y,no,no,2,VA412,
VA,Vacuum?,Replace Thermal Limiter/Fuse Assembly,0.5,130,65.0,Y,no,no,2,VA413,
VA,Vacuum?,Replace Wiring Harness,0.8,130,104.0,Y,no,no,2,VA414,
VH,Vent Hood,Additional Component Replacement,0.5,130,65.0,N,no,no,37,VH600,modifier
VH,Vent Hood,Address Noise Complaint,0.5,130,65.0,N,no,no,37,VH601,
VH,Vent Hood,Blower Motor Replacement (Pro Hood),1.25,130,162.5,N,no,yes,37,VH400,pro
VH,Vent Hood,Blower Motor Replacement (Standard Hood),0.5,130,65.0,N,no,yes,37,VH401,
VH,Vent Hood,Cabinet Component Repair - Major,3,130,390,N,no,no,37,VH602,
VH,Vent Hood,Cabinet Component Repair - Minor,1,130,130,N,no,no,37,VH603,
VH,Vent Hood,Component Replacement/Repair - Major,3,130,390,N,no,no,37,VH604,
VH,Vent Hood,Component Replacement/Repair - Minor,1,130,130,N,no,no,37,VH605,
VH,Vent Hood,Correct Electrical Wiring at Hood Connection,0.75,130,97.5,N,no,no,37,VH402,
VH,Vent Hood,Correct Electrical Wiring at Remote/Inline Blower Connection,1,130,130,N,no,no,37,VH403,
VH,Vent Hood,Cosmetic Part Replacement - Major,0.75,130,97.5,N,no,no,37,VH606,
VH,Vent Hood,Cosmetic Part Replacement - Minor,0.25,130,32.5,N,no,no,37,VH607,
VH,Vent Hood,Difficult Access Fee,0.5,130,65.0,N,no,no,37,VH608,modifier modifier
VH,Vent Hood,Duct Connection Repair/Seal,0.5,130,65.0,N,no,no,37,VH404,
VH,Vent Hood,Electronic Control Replacement,0.75,130,97.5,N,no,yes,37,VH405,
VH,Vent Hood,Filter Cleaning - Baffle/Mesh (Pro Hood),0.5,130,65.0,N,no,no,37,VH406,pro
VH,Vent Hood,Filter Cleaning - Baffle/Mesh (Standard Hood),0.35,130,45.5,N,no,no,37,VH407,
VH,Vent Hood,Filter Replacement - Baffle/Mesh,0.35,130,45.5,N,no,no,37,VH408,
VH,Vent Hood,Level Unit/Adjust Unit,0.5,130,65.0,N,no,no,37,VH609,
VH,Vent Hood,Light Bulb Receptacle Replacement (Pro Hood),0.5,130,65.0,N,no,yes,37,VH409,pro
VH,Vent Hood,Light Bulb Receptacle Replacement (Standard Hood),0.5,130,65.0,N,no,no,37,VH410,
VH,Vent Hood,Light Bulb Replacement,0.25,130,32.5,N,no,no,37,VH411,
VH,Vent Hood,Power Cord/Electrical Conduit Replacement,0.5,130,65.0,N,no,no,37,VH412,
VH,Vent Hood,Problem Could Not Be Reproduced,0.5,130,65.0,N,no,no,37,VH610,
VH,Vent Hood,Repair Burnt Wire(s) or Loose Connection(s),0.75,130,97.5,N,no,no,37,VH611,
VH,Vent Hood,Reset Home Circuit Breaker,0.25,130,32.5,N,no,no,36,VH612,
VH,Vent Hood,Switch Replacement - Light/Fan,0.75,130,97.5,N,no,yes,37,VH413,
WA,Washer,Additional Component Replacement,0.5,130,65.0,Y,no,no,14,WA600,modifier
WA,Washer,Address Noise Complaint,0.5,130,65.0,Y,no,no,14,WA601,
WA,Washer,Belt(s) Replacement,0.75,130,97.5,Y,no,no,14,WA400,
WA,Washer,Cabinet Component Repair - Major,3,130,390,Y,no,no,14,WA602,
WA,Washer,Cabinet Component Repair - Minor,1,130,130,Y,no,no,14,WA603,
WA,Washer,Component Replacement/Repair - Major,3,130,390,Y,no,no,14,WA604,
WA,Washer,Component Replacement/Repair - Minor,1,130,130,Y,no,no,14,WA605,
WA,Washer,Cosmetic Part Replacement - Major,0.75,130,97.5,Y,no,no,14,WA606,
WA,Washer,Cosmetic Part Replacement - Minor,0.25,130,32.5,Y,no,no,14,WA607,
WA,Washer,Detergent Dispenser Replacement,0.75,130,97.5,Y,no,no,14,WA401,
WA,Washer,Difficult Access Fee,0.5,130,65.0,Y,no,no,14,WA608,modifier modifier
WA,Washer,Door Assembly Replacement,1,130,130,Y,no,no,14,WA402,
WA,Washer,Door/Lid Switch Assembly Replacement,0.5,130,65.0,Y,no,no,14,WA403,
WA,Washer,Drive Motor Replacement,1.25,130,162.5,Y,no,no,14,WA404,
WA,Washer,Electronic Control/Timer/Pad Replacement,1,130,130,Y,no,no,14,WA405,
WA,Washer,Gasket Replacement (Bellows or Regular),1.5,130,195.0,Y,no,no,14,WA406,
WA,Washer,Heating Element Replacement,1.5,130,195.0,Y,no,no,14,WA407,
WA,Washer,Hose(s) or Clamp(s) Replacement,0.5,130,65.0,Y,no,no,14,WA408,
WA,Washer,Inner/Outer Tub/Bearing Replacement -Front Load Washer,3,130,390,Y,no,no,14,WA409,
WA,Washer,Inner/Outer Tub/Bearing Replacement -Top Load Washer,2.5,130,325.0,Y,no,no,14,WA410,
WA,Washer,Interference Suppressor Replacement,0.5,130,65.0,Y,no,no,14,WA411,
WA,Washer,Level Unit/Adjust Unit,0.5,130,65.0,Y,no,no,14,WA609,
WA,Washer,Light Bulb Replacement,0.5,130,65.0,Y,no,no,14,WA412,
WA,Washer,Motor Coupling/Link Replacement,0.5,130,65.0,Y,no,no,14,WA413,
WA,Washer,Power Cord/Electrical Conduit Replacement,0.5,130,65.0,Y,no,no,14,WA414,
WA,Washer,Problem Could Not Be Reproduced,0.5,130,65.0,Y,no,no,14,WA610,
WA,Washer,Pump/Pump Motor Replacement,1,130,130,Y,no,no,14,WA415,
WA,Washer,Remove Debris From Pin Trap,0.5,130,65.0,Y,no,no,14,WA416,
WA,Washer,Repair Burnt Wire(s) or Loose Connection(s),0.75,130,97.5,Y,no,no,14,WA611,
WA,Washer,Replace Leveling Legs/Wheels- Built-in Under Counter or Stacked,1,130,130,Y,no,no,14,WA417,built-in
WA,Washer,Replace Leveling Legs/Wheels- Freestanding (non built-in and not stacked),0.5,130,65.0,Y,no,no,14,WA418,built-in
WA,Washer,Reset Home Circuit Breaker,0.25,130,32.5,Y,no,no,14,WA612,
WA,Washer,Stacked and/or Built-in Access Fee - Additional fee in order to obtain appropriate access to service unit.,0.35,130,45.5,Y,no,no,14,WA613,built-in modifier modifier
WA,Washer,Suspension Component(s) Replacement,1.25,130,162.5,Y,no,no,14,WA419,
WA,Washer,Transmission/Clutch Assembly Replacement,2.5,130,325.0,Y,no,no,14,WA420,
WA,Washer,WLAN WIFI Card Replacement,0.25,130,32.5,Y,no,no,14,WA422,
WA,Washer,Water Valve Replacement,0.75,130,97.5,Y,no,no,14,WA421,
WD,Warming Drawer,Additional Component Replacement,0.5,130,65.0,N,no,no,14,WD600,modifier
WD,Warming Drawer,Address Noise Complaint,0.5,130,65.0,N,no,no,14,WD601,
WD,Warming Drawer,Cabinet Component Repair - Major,3,130,390,N,no,no,14,WD602,
WD,Warming Drawer,Cabinet Component Repair - Minor,1,130,130,N,no,no,14,WD603,
WD,Warming Drawer,Component Replacement/Repair - Major,3,130,390,N,no,no,14,WD604,
WD,Warming Drawer,Component Replacement/Repair - Minor,1,130,130,N,no,no,14,WD605,
WD,Warming Drawer,Convection Element Replacement,1,130,130,N,no,no,14,WD400,
WD,Warming Drawer,Convection Fan Motor/Blade Replacement,1,130,130,N,no,no,14,WD401,
WD,Warming Drawer,Cooling Fan Motor/Blade Replacement,1,130,130,N,no,no,14,WD402,
WD,Warming Drawer,Cosmetic Part Replacement - Major,0.75,130,97.5,N,no,no,14,WD606,
WD,Warming Drawer,Cosmetic Part Replacement - Minor,0.25,130,32.5,N,no,no,14,WD607,
WD,Warming Drawer,Difficult Access Fee,0.5,130,65.0,N,no,no,14,WD608,modifier modifier
WD,Warming Drawer,Drawer Panel Alignment/Adjustment,0.5,130,65.0,N,no,no,14,WD403,
WD,Warming Drawer,Drawer Rail Component(s) Replacement,0.75,130,97.5,N,no,no,14,WD404,
WD,Warming Drawer,Electronic Control/Module Replacement,1,130,130,N,no,no,14,WD405,
WD,Warming Drawer,HI-Limit Thermal Cutout Replacement,1,130,130,N,no,no,14,WD407,
WD,Warming Drawer,Heat Element Replacement,1,130,130,N,no,no,14,WD406,
WD,Warming Drawer,Level Unit/Adjust Unit,0.5,130,65.0,N,no,no,14,WD609,
WD,Warming Drawer,Light Bulb Replacement,0.25,130,32.5,N,no,no,14,WD408,
WD,Warming Drawer,Power Cord/Electrical Conduit Replacement,0.5,130,65.0,N,no,no,14,WD409,
WD,Warming Drawer,Problem Could Not Be Reproduced,0.5,130,65.0,N,no,no,14,WD610,
WD,Warming Drawer,Repair Burnt Wire(s) or Loose Connection(s),0.75,130,97.5,N,no,no,14,WD611,
WD,Warming Drawer,Reset Home Circuit Breaker,0.25,130,32.5,N,no,no,14,WD612,
