"ID","Monday","Tuesday","Wednesday","Thursday","Friday","Saturday","Sunday","TripChargeCode","DeliveryMiscCode","LocationCode","Code","DefaultCallsFriday","DefaultCallsMonday","DefaultCallsSaturday","DefaultCallsSunday","DefaultCallsThursday","DefaultCallsTuesday","DefaultCallsWednesday","Description"
"31","True","True","True","True","True","True","True","","","","DS","50","50","50","6","50","50","50","Dripping Springs"
"32","True","True","True","True","True","True","True","","","","WIMB","22","22","22","6","22","22","22","Wimberley"
"34","True","True","True","True","True","True","True","","","","ROUND","22","22","22","6","22","22","22","Round Moutain"
"35","True","True","True","True","True","True","True","","","","LAKE","22","22","22","6","22","22","22","Lakeway-Steiner Ranch"
"36","True","True","True","True","True","True","True","","","","BLANC","22","22","22","6","22","22","22","Blanco"
"38","True","True","True","True","True","True","True","","","","BUDA","22","22","22","6","22","22","22","Buda"
"39","True","True","True","True","True","True","True","","","","OUT","22","22","22","6","22","22","22","O//S Normal Service Area"
"42","True","True","True","True","True","True","True","","","","SHOP","30","30","30","6","30","30","30","In Shop Repair"
"43","True","True","True","True","True","True","True","","","","OAKHL","22","22","22","6","22","22","22","Oakhill"
"45","True","True","True","True","True","True","True","","","","AUS N","22","22","22","6","22","22","22","Austin North"
"46","True","True","True","True","True","True","True","","","","AUS C","0","0","0","0","0","0","0","Austin Central"
"47","True","True","True","True","True","True","True","","","","AUS S","22","22","22","6","22","22","22","Austin South"
"49","True","True","True","True","True","True","True","","","","BCAVE","22","22","22","6","22","22","22","Bee Cave (71 & 620 Area)"
"50","True","True","True","True","True","True","False","","","","SPICE","16","16","16","0","16","16","16","Spicewood"
"51","True","True","True","True","True","True","False","","","","MANCH","16","16","16","0","16","16","16","Manchaca"
"52","True","True","True","True","True","True","True","","","","KYLE","22","22","22","6","22","22","22","Kyle"
"53","True","True","True","True","True","True","True","","","","DRIFT","22","22","22","6","22","22","22","Driftwood"
"54","True","True","True","True","True","True","False","","","","SANMA","22","22","6","0","22","22","22","San Marcos"
"55","True","True","True","True","True","True","False","","","","CEDAR","22","22","6","0","22","22","22","Cedar Park"
"56","True","True","True","True","True","True","False","","","","LAGO","22","22","6","0","22","22","22","Lago Vista"
"57","True","True","True","True","True","True","False","","","","HORSE","22","22","6","0","22","22","22","Horseshoe"
"58","True","True","True","True","True","True","False","","","","MDALE","6","6","6","0","6","6","6","Martindale"
"59","True","True","True","True","True","True","True","","","","CAMPB","22","22","22","6","22","22","22","Camp Ben Area"
"60","True","True","True","True","True","True","True","","","","HENLY","22","22","22","6","22","22","22","Henly"
"61","True","True","True","True","True","True","True","","","","PEDER","22","22","22","6","22","22","22","Pedernales Falls"
"62","True","True","True","True","True","True","True","","","","BRIAR","22","22","22","6","22","22","22","Briarcliff"
"63","True","True","True","True","True","True","True","","","","RROCK","22","22","22","6","22","22","22","Roundrock"
"64","True","True","True","True","True","True","True","","","","HPOOL","22","22","22","6","22","22","22","Hamilton Pool"
"65","True","True","True","True","True","True","True","","","","LOCAL","22","22","22","6","22","22","22","Local (Near Shop)"
"66","True","True","True","True","True","True","True","","","","RR12S","22","22","22","6","22","22","22","Ranch Road 12 South"
"67","True","True","True","True","True","True","True","","","","RR12N","22","22","22","6","22","22","22","Ranch Road 12 North"
"68","True","True","True","True","True","True","True","","","","CANYO","22","22","22","6","22","22","22","Canyon Lake"
"69","True","True","True","True","True","True","True","","","","BRAUN","22","22","22","6","22","22","22","New Braunfels"
"70","True","True","True","True","True","True","True","","","","GEORG","16","16","16","6","16","61","16","Georgetown"
"71","True","True","True","True","True","True","True","","","","BASTR","12","12","12","6","12","12","12","Bastrop"
"72","True","True","True","True","True","True","True","","","","JC","22","22","22","6","22","22","22","Johnson City"
"73","True","True","True","True","True","True","True","","","","FBURG","16","16","16","6","16","16","16","Fredericksburg"
"74","True","True","True","True","True","True","True","","","","LLANO","12","12","12","6","12","12","12","Llano"
"75","True","True","True","True","True","True","True","","","","BURNE","16","16","16","6","16","16","16","Burnet"
"76","True","True","True","True","True","True","True","","","","SMITH","22","22","22","6","22","22","22","Smithville"
"77","True","True","True","True","True","True","True","","","","STONE","22","22","22","6","22","22","22","Stonewall"
"78","True","True","True","True","True","True","True","","","","FISCH","22","22","22","6","22","22","22","Fischer"
"79","True","True","True","True","True","True","True","","","","MOUNT","22","22","22","6","22","22","22","Mountain City"
"80","True","True","True","True","True","True","True","","","","MCGRE","22","22","22","6","22","22","22","McGreggor"
"81","True","True","True","True","True","True","True","","","","R2222","22","22","22","6","22","22","22","Ranch Road 2222"
"82","True","True","True","True","True","True","True","","","","AUS W","22","22","22","6","22","22","22","Westlake - Rollingwood"
"83","True","True","True","True","True","True","True","","","","AUS E","22","22","22","6","22","22","22","Austin East"
"87","True","True","True","True","True","True","False","","","","LOST","22","22","8","0","22","22","22","Lost Creek/Barton Creek Blvd"
"88","True","True","True","True","True","True","True","","","","BOERN","99","99","99","99","99","99","99","Boerne/Bulverde/Spring Branch"
"89","True","True","True","True","True","True","False","","","","SA","6","6","6","0","6","6","6","San Antonio"
"90","True","True","True","True","True","True","False","","","","MFALL","99","99","99","0","99","99","99","Marble Falls/Granite Shoals"
"91","True","True","True","True","True","True","False","","","","KERR","99","99","99","0","99","99","99","Kerrville"
"92","True","True","True","True","True","True","True","","","","KING","50","50","50","50","50","50","50","Kingsland/Lake Buchanan"
"93","True","True","True","True","True","True","True","","","","BELT","25","25","25","25","25","25","25","Belton, Temple, Killeen Area"
"94","True","True","True","True","True","True","True","","","","TEST","10","10","10","10","10","10","10","Testing...Testing...."
"95","True","False","True","False","True","True","False","","","","R EAS","10","10","10","0","0","0","10","Austin Retail"
"96","True","False","True","False","True","False","False","","","","R NOR","8","8","0","0","0","0","0","Retail near 71, north"
"97","False","True","False","True","False","True","False","","","","R SOU","0","0","10","0","10","10","0","Retail South, Wimberley Buda"
"98","False","True","False","True","False","False","False","","","","R WES","0","0","0","0","8","8","0","Retail West on 290"
"99","True","True","True","True","True","True","False","","","","R LOC","5","5","15","0","5","5","10","Retail Local/DS"
"100","False","False","False","False","False","False","False","","","","LEAND","0","0","0","0","0","0","0","Leander"
"102","True","False","True","False","True","False","True","","","","WEST","12","12","0","600","0","0","12","West Sales Zone"
"103","False","True","False","True","False","False","True","","","","EAST","0","0","0","200","12","12","0","East Sales Zone"
"105","True","True","True","True","True","False","True","","","","SOUTH","0","0","0","600","12","12","0","South Sales Zone"
"106","True","False","True","False","True","False","True","","","","NOR W","12","12","0","600","0","0","12","Northwest Sales Zone"
"107","False","True","False","True","False","False","True","","","","NOR E","0","0","0","600","12","12","0","Northeast Sales Zone"
"108","True","True","True","True","True","True","True","","","","LOC","70","70","38","1000","55","55","70","Local Sales Zone"
"109","False","False","False","False","False","False","True","","","","OUTER","0","0","0","600","0","0","0","Outer Sales Zone"
