"ID","Code","Description","PromptCode","Qualification","WarrantyCategory","InstallationEstimate","InstallationNotes","ShowSerialInventory","ShowItemInventory","ShowInvoicing","ProductMinorCode","Points","ShowOnSvcReq","SBProduct","SamsungProduct","ServicePowerProduct","UserCode","SafetyWeeksA","SafetyWeeksB","SafetyWeeksC","SafetyWeeksD","DispatchMeProduct","AvalaraTaxCode"
"3","RAGAS","GAS RANGE","003","","","0.0000","","True","False","True","","0","True","","","","","0.0000","0.0000","0.0000","0.0000","",""
"4","RAELE","ELECTRIC RANGE","005","","","0.0000","","True","False","True","","0","True","","","","","0.0000","0.0000","0.0000","0.0000","",""
"5","RAPRO","PROFESSIONAL RANGE","006","","","0.0000","","True","False","True","","0","True","","","","","0.0000","0.0000","0.0000","0.0000","",""
"6","RETOP","TOP MOUNT REFRIGERATOR","","","","0.0000","","True","False","True","","0","True","","","","","0.0000","0.0000","0.0000","0.0000","",""
"7","REBOT","BOTTOM MOUNT REFRIGERATOR","","","","0.0000","","True","False","True","","0","True","","","","","0.0000","0.0000","0.0000","0.0000","",""
"8","RESXS","SIDE X SIDE REFRIGERATOR","","","","0.0000","","True","False","True","","0","True","","","","","0.0000","0.0000","0.0000","0.0000","",""
"10","REUC","UNDER-COUNTER REFRIGERATOR","","","","0.0000","","True","False","True","","0","True","","","","","0.0000","0.0000","0.0000","0.0000","",""
"11","DW","DISHWASHER","001","","","0.0000","","True","True","True","","0","True","","","","","0.0000","0.0000","0.0000","0.0000","",""
"12","IMUC","UNDER-COUNTER ICE MACHINE","","","","0.0000","","True","True","True","","0","True","","","","","0.0000","0.0000","0.0000","0.0000","",""
"13","FREUP","UPRIGHT FREEZER","","","","0.0000","","True","False","True","","0","True","","","","","0.0000","0.0000","0.0000","0.0000","",""
"14","FRECH","CHEST FREEZER","","","","0.0000","","True","False","True","","0","True","","","","","0.0000","0.0000","0.0000","0.0000","",""
"15","OVELE","ELECTRIC WALL OVEN","","","","0.0000","","True","False","True","","0","True","","","","","0.0000","0.0000","0.0000","0.0000","",""
"16","OVGAS","GAS WALL OVEN","003","","","0.0000","","True","False","True","","0","True","","","","","0.0000","0.0000","0.0000","0.0000","",""
"17","CTELE","ELECTRIC COOKTOP","","","","0.0000","","True","False","True","","0","True","","","","","0.0000","0.0000","0.0000","0.0000","",""
"18","CTGAS","GAS COOKTOP","003","","","0.0000","","True","False","True","","0","True","","","","","0.0000","0.0000","0.0000","0.0000","",""
"19","WASHT","TOP-LOAD WASHER","WASHT","","","0.0000","","True","False","True","","0","True","","","","","0.0000","0.0000","0.0000","0.0000","",""
"20","WASHF","FRONT-LOAD WASHER","","","","0.0000","","True","False","True","","0","True","","","","","0.0000","0.0000","0.0000","0.0000","",""
"21","DRGAS","GAS DRYER","003","","","0.0000","","True","False","True","","0","True","","","","","0.0000","0.0000","0.0000","0.0000","",""
"22","DRELE","ELECTRIC DRYER","004","","","0.0000","","True","False","True","","0","True","","","","","0.0000","0.0000","0.0000","0.0000","",""
"23","MWOTR","MICROWAVE VENTHOOD","","","","0.0000","","True","True","True","","0","True","","","","","0.0000","0.0000","0.0000","0.0000","",""
"24","MWBI","BUILT-IN MICROWAVE OVEN","","","","0.0000","","True","False","True","","0","True","","","","","0.0000","0.0000","0.0000","0.0000","",""
"25","MW","MICROWAVE OVEN","","","","0.0000","","True","True","True","","0","True","","","","","0.0000","0.0000","0.0000","0.0000","",""
"26","REFWI","WINE REFRIGERATION","","","","0.0000","","True","True","True","","0","True","","","","","0.0000","0.0000","0.0000","0.0000","",""
"27","IRON","ROTARY IRON","","","","0.0000","","True","True","True","","0","True","","","","","0.0000","0.0000","0.0000","0.0000","",""
"29","VHINS","HOOD INSERT","","","","0.0000","","True","True","True","","0","True","","","","","0.0000","0.0000","0.0000","0.0000","",""
"30","VHOOD","WALL VENT HOOD","","","","0.0000","","True","True","True","","0","True","","","","","0.0000","0.0000","0.0000","0.0000","",""
"31","VHBLO","VENTILATOR BLOWER","","","","0.0000","","True","True","True","","0","False","","","","","0.0000","0.0000","0.0000","0.0000","",""
"32","ACAH","AIR HANDLER","","","","0.0000","","True","True","True","","0","True","","","","","0.0000","0.0000","0.0000","0.0000","",""
"34","ACCON","OUTDOOR AC UNIT","","","","0.0000","","True","True","True","","0","True","","","","","0.0000","0.0000","0.0000","0.0000","",""
"35","ACKW","HEAT STRIP","","","","0.0000","","True","True","True","","0","False","","","","","0.0000","0.0000","0.0000","0.0000","",""
"36","DISP","GARBAGE DISPOSAL","","","","0.0000","","True","True","True","","0","True","","","","","0.0000","0.0000","0.0000","0.0000","",""
"37","WH","WATER HEATER","","","","0.0000","","True","True","True","","0","False","","","","","0.0000","0.0000","0.0000","0.0000","",""
"38","SINK","SINK","SINK","","","0.0000","","True","True","True","","0","False","","","","","0.0000","0.0000","0.0000","0.0000","",""
"39","FCET","FAUCET","","","","0.0000","","True","True","True","","0","False","","","","","0.0000","0.0000","0.0000","0.0000","",""
"40","ACC","ACCESSORIES","","","","0.0000","","True","True","True","","0","False","","","","","0.0000","0.0000","0.0000","0.0000","",""
"41","WD","WARMING DRAWER","","","","0.0000","","True","True","True","","0","True","","","","","0.0000","0.0000","0.0000","0.0000","",""
"42","LIFTD","LIFT DOOR","","","","0.0000","","True","True","True","","0","False","","","","","0.0000","0.0000","0.0000","0.0000","",""
"43","COFFE","COFFEE SYSTEM","","","","0.0000","","True","True","True","","0","True","","","","","0.0000","0.0000","0.0000","0.0000","",""
"44","OVSTE","STEAM OVEN","","","","0.0000","","True","True","True","","0","True","","","","","0.0000","0.0000","0.0000","0.0000","",""
"45","GRIND","INDOOR GRILL","","","","0.0000","","True","True","True","","0","True","","","","","0.0000","0.0000","0.0000","0.0000","",""
"46","GROUT","OUTDOOR GRILL","007","","","0.0000","","True","True","True","","0","True","","","","","0.0000","0.0000","0.0000","0.0000","",""
"47","OVSPE","SPEEDCOOK OVEN","","","","0.0000","","True","True","True","","0","True","","","","","0.0000","0.0000","0.0000","0.0000","",""
"48","WDCOM","WASHER/DRYER COMBO","","","","0.0000","","True","False","True","","0","True","","","","","0.0000","0.0000","0.0000","0.0000","",""
"49","RECOM","COMPACT REFRIGERATION","","","","0.0000","","True","False","True","","0","False","","","","","0.0000","0.0000","0.0000","0.0000","",""
"50","REBIS","B/I SIDE X SIDE REFRIGERATOR","","","","0.0000","","True","False","True","","0","False","","","","","0.0000","0.0000","0.0000","0.0000","",""
"51","REBIB","B/I BOTTOM MOUNT","","","","0.0000","","True","False","True","","0","False","","","","","0.0000","0.0000","0.0000","0.0000","",""
"55","RADF","DUAL FUEL RANGE","006","","","0.0000","","True","False","True","","0","True","","","","","0.0000","0.0000","0.0000","0.0000","",""
"56","OVMW","MICROWAVE/OVEN COMBO","","","","0.0000","","True","True","True","","0","True","","","","","0.0000","0.0000","0.0000","0.0000","",""
"57","VHDD","RETRACTABLE DOWNDRAFT VENT","","","","0.0000","","True","True","True","","0","True","","","","","0.0000","0.0000","0.0000","0.0000","",""
"58","MWCON","COUNTER MW/CONVECT OVEN","","","","0.0000","","True","True","True","","0","False","","","","","0.0000","0.0000","0.0000","0.0000","",""
"59","COMP","TRASH COMPACTOR","","","","0.0000","","True","True","True","","0","True","","","","","0.0000","0.0000","0.0000","0.0000","",""
"60","WAC","WINDOW AIR CONDITIONER","","","","0.0000","","True","True","True","","0","False","","","","","0.0000","0.0000","0.0000","0.0000","",""
"61","DEHUM","DEHUMIDIFIER","","","","0.0000","","True","True","True","","0","False","","","","","0.0000","0.0000","0.0000","0.0000","",""
"62","TRIMK","TRIM KIT","","","","0.0000","","True","True","True","","0","False","","","","","0.0000","0.0000","0.0000","0.0000","",""
"63","PED","WASHER/DRYER PEDESTAL","","","","0.0000","","True","True","True","","0","False","","","","","0.0000","0.0000","0.0000","0.0000","",""
"64","PANEL","PANEL","","","","0.0000","","True","False","True","","0","False","","","","","0.0000","0.0000","0.0000","0.0000","",""
"65","TAPHW","HOT WATER DISPENCER","","","","0.0000","","True","True","True","","0","False","","","","","0.0000","0.0000","0.0000","0.0000","",""
"66","CTPRO","PROFESSIONAL COOKTOP","006","","","0.0000","","True","False","True","","0","True","","","","","0.0000","0.0000","0.0000","0.0000","",""
"67","REBIF","BUILT IN ALL FREEZER","","","","0.0000","","True","False","True","","0","True","","","","","0.0000","0.0000","0.0000","0.0000","",""
"68","REBFD","BUILT IN FRENCH DOOR REFRIG","","","","0.0000","","True","False","True","","0","False","","","","","0.0000","0.0000","0.0000","0.0000","",""
"69","IMK","ICE MAKER KIT","","","","0.0000","","True","True","True","","0","False","","","","","0.0000","0.0000","0.0000","0.0000","",""
"70","REDRA","REFRIGERATOR DRAWERS","","","","0.0000","","True","False","True","","0","True","","","","","0.0000","0.0000","0.0000","0.0000","",""
"71","REBIR","BUILT IN ALL REFRIGERATOR","","","","0.0000","","True","False","True","","0","True","","","","","0.0000","0.0000","0.0000","0.0000","",""
"72","WOK","PROFESSIONAL WOK","006","","","0.0000","","True","False","True","","0","False","","","","","0.0000","0.0000","0.0000","0.0000","",""
"73","LP","GAS CONVERSION KIT","","","","0.0000","","True","True","True","","0","False","","","","","0.0000","0.0000","0.0000","0.0000","",""
"74","CTDD","DOWNDRAFT COOKTOP","","","","0.0000","","True","False","True","","0","True","","","","","0.0000","0.0000","0.0000","0.0000","",""
"75","AIRPU","AIR FILTRATION","","","","0.0000","","True","True","True","","0","False","","","","","0.0000","0.0000","0.0000","0.0000","",""
"76","ACCO","AC COOLING COIL","","","","0.0000","","True","True","True","","0","False","","","","","0.0000","0.0000","0.0000","0.0000","",""
"77","ACGF","GAS FURNACE","","","","0.0000","","True","True","True","","0","True","","","","","0.0000","0.0000","0.0000","0.0000","",""
"78","CTIND","ELECTRIC INDUCTION COOKTOP","ELE1","","","0.0000","","True","False","True","","0","True","","","","","0.0000","0.0000","0.0000","0.0000","",""
"79","REFRE","FRENCH DOOR REFRIGERATOR","","","","0.0000","","True","False","True","","0","True","","","","","0.0000","0.0000","0.0000","0.0000","",""
"80","MWDR","MICROWAVE DRAWER","","","","0.0000","","True","True","True","","0","True","","","","","0.0000","0.0000","0.0000","0.0000","",""
"81","PTAC","PACKAGE TERMINAL A/C","","","","0.0000","","True","True","True","","0","False","","","","","0.0000","0.0000","0.0000","0.0000","",""
"84","VACC","VACUUM CLEANER ACCESSORIES","","","","0.0000","","True","True","True","","0","False","","","","","0.0000","0.0000","0.0000","0.0000","",""
"85","WF","WATER FILTRATION","","","","0.0000","","True","True","True","","0","False","","","","","0.0000","0.0000","0.0000","0.0000","",""
"86","LPRO","PROFESSIONAL LAUNDRY","","","","0.0000","","True","True","True","","0","False","","","","","0.0000","0.0000","0.0000","0.0000","",""
"87","REALL","ALL REFRIGERATOR","","","","0.0000","","True","False","True","","0","True","","","","","0.0000","0.0000","0.0000","0.0000","",""
"88","BATH","BATH FAN","","","","0.0000","","True","True","True","","0","False","","","","","0.0000","0.0000","0.0000","0.0000","",""
"89","DWDRA","DISHWASHER DRAWER","","","","0.0000","","True","True","True","","0","True","","","","","0.0000","0.0000","0.0000","0.0000","",""
"90","REF","REFRIGERATOR PARTS","","","","0.0000","","False","True","True","","0","False","","","","","0.0000","0.0000","0.0000","0.0000","",""
"91","WASH","WASHER PARTS","","","","0.0000","","True","True","True","","0","False","","","","","0.0000","0.0000","0.0000","0.0000","",""
"93","DRYER","DRYER PARTS","","","","0.0000","","False","True","True","","0","False","","","","","0.0000","0.0000","0.0000","0.0000","",""
"94","COOK","COOKING APPLLIANCE PARTS","","","","0.0000","","False","True","True","","0","False","","","","","0.0000","0.0000","0.0000","0.0000","",""
"97","RADD","DOWNDRAFT RANGE","","","","0.0000","","True","False","True","","0","True","","","","","0.0000","0.0000","0.0000","0.0000","",""
"98","FREUC","UNDER COUNTER FREEZER","","","","0.0000","","True","False","True","","0","True","","","","","0.0000","0.0000","0.0000","0.0000","",""
"99","REBIW","INTEGRATED WINE REFRIGERATION","","","","0.0000","","True","False","True","","0","True","","","","","0.0000","0.0000","0.0000","0.0000","",""
"100","SPOUT","SPLIT DUCTLESS OUTDOOR UNIT","","","","0.0000","","True","True","True","","0","True","","","","","0.0000","0.0000","0.0000","0.0000","",""
"101","SPIND","SPLIT DUCTLESS INDOOR UNIT","","","","0.0000","","True","True","True","","0","True","","","","","0.0000","0.0000","0.0000","0.0000","",""
"102","VAC","VACUUM CLEANER","","","","0.0000","","True","True","True","","0","True","","","","","0.0000","0.0000","0.0000","0.0000","",""
"103","RAIND","INDUCTION RANGE","","","","0.0000","","True","False","True","","0","True","","","","","0.0000","0.0000","0.0000","0.0000","",""
"105","IMCOM","COMMERCIAL ICE MAKER","","","","0.0000","Wilson Appliance Does Not Install Ice Maker","True","True","True","","0","False","","","","","0.0000","0.0000","0.0000","0.0000","",""
"106","STAT","HVAC CONTROL THERMOSTAT","","","","0.0000","","True","True","True","","0","True","","","","","0.0000","0.0000","0.0000","0.0000","",""
"107","ACZN","AC ZONE COMPONENT","","","","0.0000","","True","True","True","","0","False","","","","","0.0000","0.0000","0.0000","0.0000","",""
"108","ERV","ENERGY RECOVERY VENTILATOR","","","","0.0000","","True","True","True","","0","False","","","","","0.0000","0.0000","0.0000","0.0000","",""
"109","FREDR","FREEZER DRAWER","","","","0.0000","","True","False","True","","0","True","","","","","0.0000","0.0000","0.0000","0.0000","",""
"110","BEER","BEER TAPPER","","","","0.0000","","True","True","True","","0","False","","","","","0.0000","0.0000","0.0000","0.0000","",""
"111","PIZZA","PIZZA OVEN","","","","0.0000","","True","True","True","","0","True","","","","","0.0000","0.0000","0.0000","0.0000","",""
"112","CAB","CABINETRY","","","","0.0000","","True","False","True","","0","False","","","","","0.0000","0.0000","0.0000","0.0000","",""
"113","OFIRE","OUTDOOR FIREPLACE","","","","0.0000","","True","True","True","","0","False","","","","","0.0000","0.0000","0.0000","0.0000","",""
"114","SALM","SALAMANDER","","","","0.0000","","True","True","True","","0","False","","","","","0.0000","0.0000","0.0000","0.0000","",""
"116","FOOD","FOOD PRODUCTS","","","","0.0000","","True","True","True","","0","False","","","","","0.0000","0.0000","0.0000","0.0000","",""
"117","REOUT","OUTDOOR REFRIGERATOR","","","","0.0000","","True","False","True","","0","True","","","","","0.0000","0.0000","0.0000","0.0000","",""
"118","TAPCW","COLD WATER TAP","","","","0.0000","","True","True","True","","0","False","","","","","0.0000","0.0000","0.0000","0.0000","",""
"119","SDUCT","SPLIT DUCTLESS","","","","0.0000","","True","False","True","","0","False","","","","","0.0000","0.0000","0.0000","0.0000","",""
"120","REBIC","BUILT IN COMBO REF/FRZ","","","","0.0000","","True","False","True","","0","True","","","","","0.0000","0.0000","0.0000","0.0000","",""
"121","CTAPP","COUNTERTOP APPLIANCE","","","","0.0000","","True","False","True","","0","False","","","","","0.0000","0.0000","0.0000","0.0000","",""
"123","VHISL","ISLAND VENTHOOD","","","","0.0000","","True","True","True","","0","True","","","","","0.0000","0.0000","0.0000","0.0000","",""
"124","CHILL","BLAST CHILLER","","","","0.0000","","True","False","True","","0","False","","","","","0.0000","0.0000","0.0000","0.0000","",""
"125","VACSE","VACUUM SEALER","","","","0.0000","","True","False","True","","0","False","","","","","0.0000","0.0000","0.0000","0.0000","",""
"126","FLAME","PATIO FLAME","","","","0.0000","","True","False","True","","0","False","","","","","0.0000","0.0000","0.0000","0.0000","",""
"127","FIRE","FIREPLACE/HEATER","","","","0.0000","","True","False","True","","0","False","","","","","0.0000","0.0000","0.0000","0.0000","",""
"128","CABSS","STAINLESS STEEL CABINETRY","","","","0.0000","","True","True","True","","0","False","","","","","0.0000","0.0000","0.0000","0.0000","",""
"129","HEAT","HEATER","","","","0.0000","","True","False","True","","0","False","","","","","0.0000","0.0000","0.0000","0.0000","",""
"131","IMCTP","COUNTERTOP ICE MACHINE","","","","0.0000","","True","False","True","","0","False","","","","","0.0000","0.0000","0.0000","0.0000","",""
"132","ROTIS","ROTISSERIE/FLAMBERGE","","","","0.0000","","True","False","True","","0","True","","","","","","","","","",""
"134","CREFR","COMMERCIAL REFRIGERATOR","","","","0.0000","","True","False","True","","0","False","","","","","0.0000","0.0000","0.0000","0.0000","",""
"135","CFREZ","COMMERCIAL FREEZER","","","","0.0000","","True","True","True","","0","False","","","","","0.0000","0.0000","0.0000","0.0000","",""
"136","COUNT","COUNTERTOP","","","","0.0000","","True","True","True","","0","False","","","","","0.0000","0.0000","0.0000","0.0000","",""
"137","CONNE","APPLIANCE CONNECTOR","","","","0.0000","","True","True","True","","0","False","","","","","0.0000","0.0000","0.0000","0.0000","",""
"138","OLDPO","Used to cost OLD PO's","","","","0.0000","","True","True","True","","0","False","","","","","0.0000","0.0000","0.0000","0.0000","",""
"139","STEAM","STEAM CLOSETS","","","","0.0000","","True","False","True","","0","True","","","","","0.0000","0.0000","0.0000","0.0000","",""
"140","WTRSY","WATER CONDITIONING SYSTEM","","","","0.0000","CREATED FOR ZIP WATER BOILING, CHILLED, SPARKLING COMMAND SYSTEMS AND SIMILAR","True","True","True","","0","True","","","","","0.0000","0.0000","0.0000","0.0000","",""
"143","CMICE","COMMERICAL ICE MACHINE","","","","0.0000","","True","True","True","","0","False","","","","","0.0000","0.0000","0.0000","0.0000","",""
"144","CMREF","COMMERICAL REFRIGERATION","","","","0.0000","","True","True","True","","0","True","","","","","0.0000","0.0000","0.0000","0.0000","",""
"145","ACPAC","PACKAGE UNIT","","","","0.0000","","True","True","True","","0","False","","","","","0.0000","0.0000","0.0000","0.0000","",""
"146","DRCAB","DRYING CABINET","","","","0.0000","","True","False","True","","0","True","","","","","0.0000","0.0000","0.0000","0.0000","",""
"147","WASHP","PEDESTAL WASHER","","","","0.0000","","True","False","True","","0","True","","","","","0.0000","0.0000","0.0000","0.0000","",""
"148","TEX","HOME TEXTILES","","","","0.0000","","True","False","True","","0","True","","","","","0.0000","0.0000","0.0000","0.0000","",""
