"ID","ShowInMobileTech","Code","Description"
"4","True","WA100","Drive Motor Replacement"
"5","True","WA101","Motor Coupling Replacement"
"6","True","WA102","Innner/Outer Tub/ Bearing Replacement"
"7","True","WA103","Transmission/Clutch Assembly Replacement"
"8","True","WA104","Belt(s) Replacement"
"9","True","WA200","Pump Replacement"
"10","True","WA201","Water Valve Replacement"
"11","True","WA202","Hose(s) or Clamp(s) Replacement"
"12","True","WA204","Detergent Dispenser Replacement"
"13","True","WA203","Gasket Replacement (Bellows or Regular)"
"14","True","WA205","Remove Debris From Pintrap"
"15","True","DR100","Motor Replacement"
"16","True","DR101","Belt Replacement"
"17","True","DR102","Blower Wheel Replacement"
"18","True","DR103","Tub Roller/Idler Pulley/Belt Kit Replacement"
"19","True","DR104","Drum Replacement"
"20","True","CG400","Electronic Control/Module/Pad Replacement"
"21","True","WA300","Suspension Componet(s) Replacement"
"22","True","DR105","Vent Hose & Clamp(s) Replacement"
"23","True","CG401","Burner Ignition Component Replacement"
"24","True","WA301","Door Assembly Replacement"
"25","True","CG402","Solenoid Replacement"
"26","True","WA302","Light Bulb Replacement"
"27","True","DR400","Electronic Control/Timer Pad Replacement"
"28","True","CG403","Door Latch/Latch Assembly Replacement"
"29","True","DR401","Thermostat Replacement"
"30","True","WA303","WLAN WIFI Card Replacement"
"31","True","CG404","Switch Assembly Replacement"
"32","True","DR402","Hi-Limit/Thermal Fuse Replacement"
"33","True","WA400","Electronic Control/Timer/Pad Replacement"
"34","True","DR403","Heating Element Replacement"
"35","True","CG405","Cooling Fan/Blade Replacement"
"36","True","WA401","Interference Suppressor Replacement"
"37","True","DR404","Door Switch Replacement"
"38","True","CG406","Convection Fan/Blade Replacement"
"39","True","WA402","Heating Element Repacement"
"40","True","DR405","Light Bulb Replacement"
"41","True","CG407","Oven/Grill/Griddle Thermostat Replacement"
"42","True","DR406","Terminal Block Replacement"
"43","True","WA403","Lid/Door Switch Assembly Replacement"
"44","True","CG408","Hi-Limit Thermal Cutout Replacement"
"45","True","DR407","Interference Suppressor Replacement"
"46","True","DR408","Cord Replacement"
"47","True","WA600","Problem Could Not Be Reproduced"
"48","True","DR600","Problem Could Not Be Reproduced"
"49","True","WA601","Address Noise Complaint"
"50","True","CG409","Oven Temp Sensor (Thermister) Replacement"
"51","True","DR601","Address Noise Complaint"
"52","True","CG410","Oven Ignitor (HSI) Replacement"
"53","True","DR602","Major Cabinet Component"
"54","True","WA602","Major Cabinet Component"
"55","True","CG411","Probe Jack Replacement"
"56","True","DR603","Minor Cabinet Component"
"57","True","WA603","Minor Cabinet Component"
"58","True","CG412","Light Bulb Replacement"
"59","True","DR604","Major Component"
"60","True","CG413","Transformer Replacement"
"61","True","WA604","Major Component"
"62","True","DR605","Minor Component"
"63","True","CG200","Burner Assembly Replacement"
"64","True","WA605","Minor Component"
"65","True","DR606","Additional Component"
"66","True","DR607","Cosmetic Part"
"67","True","CG201","Burner Assembly Replacement"
"68","True","WA606","Additional Component Replacement"
"69","True","DR608","Difficult Access Fee"
"70","True","WA607","Cosmetic Part"
"71","True","CG202","Burner Valve Replacement"
"72","True","WA608","Difficult Access Fee"
"73","True","DR609","Level Unit/Adjust Unit"
"74","True","WA609","Level Unit/Adjust Unit"
"75","True","WA610","Repair Burnt Wire or Loose Connection"
"76","True","DR610","Repair Burned Wire(S) or Loose Connection"
"77","True","WA611","Reset Circuit Breaker"
"78","True","DR611","Clear Lint/Debris From Venting"
"79","True","DR612","Reset Circuit Breaker"
"80","True","RE100","Evaporator Coil and Filter Drier Replacement-Includes removal of all old components and disposal. Includes materials and supplies necessary to braze new components in place. Includes evacuation of system and system charging. Refrigerant billed separately."
"81","True","RE101","Condensor Coil and Filter Drier Replacement - Includes removal of all  old components and disposal. Includes materials and supplies necessary to braze new components in place. Includes evacuation of system and system charging. Refrigerant billed separately."
"82","True","RE102","Compressor and Filter Drier Replacement - Includes removal of all old components and disposal. Includes materials and supplies necessary to braze new components in place. Includes evacuation of system and system charging. Refrigerant billed separately."
"83","True","RE103","Filter Drier Replacement - Includes materials and supplies necessary to braze new components in place. Includes evacuation of system and system charging. Refrigerant billed separately."
"84","True","RE104","Heat Exchanger and Filter Drier Replacement - Includes materials and supplies necessary to braze new components in place. Includes evacuation of system and system charging. Refrigerant billed separately."
"85","True","RE105","Repair Refrigerant Leak and Replace Filter Drier - Includes materials and supplies necessary to braze new components in place. Includes evacuation of system and system charging. Refrigerant billed separately."
"86","True","RE106","Refrigerant Recovery Fee"
"87","True","RE107","Sealed System One - Replace Compressor, Evaporator and Filter Drier. Includes materials and supplies necessary to braze new components in place. Includes evacuation of system and system charging. Refrigerant billed separately."
"88","True","RE108","Sealed System Two - Compressor, Evaporator, Condensor, Heat Exchanger and Filter Drier. Includes removal of all old components and disposal. Includes materials and supplies necessary to braze new components in place. Includes evacuation of system and system charging. Refrigerant billed separately."
"89","True","RE200","Condensor Fan Motor/Blade Replacement"
"90","True","RE201","Evaporator Fan Motor/Blade Replacement"
"91","True","RE202","Damper/Damper Control Replacement"
"92","True","RE203","Vacuum Condensor"
"93","True","RE300","Door Gasket Replacement"
"94","True","RE301","Door Replacement"
"95","True","RE302","Door Adjustment"
"96","True","RE303","Shelf/Storage Bin Replacement"
"97","True","DW200","Pump and/or Motor Assembly Replacement"
"98","True","DW201","Drain Pump Replacement"
"99","True","DW202","Water Valve Replacement"
"100","True","DW203","Float Switch Replacement"
"101","True","DW204","Pressure Switch Replacement"
"102","True","DW205","Wash Arm/Water Feed Tube Clean/Replace"
"103","True","DW206","Water Supply Line Replacement"
"104","True","DW207","Drain Hose Replacement"
"105","True","DW208","Remove Debris from Sump/Impeller/Drain"
"106","True","DW209","Turbidity Sensor Replacement"
"107","True","DW210","Flowmeter Replacement"
"108","True","DW211","Salt Reservoir Replacement"
"109","True","DW300","Inner Door Replacement"
"110","True","DW301","Tub/Tank Replacement"
"111","True","DW302","Outer Door Panel/Console Replacement"
"112","True","DW303","Detergent Cup Assembly/Wax Motor Replacement"
"113","True","DW304","Door Seal"
"114","True","RE401","Electronic Control/Module/Pad Replacement"
"115","True","DW305","Rack/Rack Component Replacement"
"116","True","RE402","Relay/Start Device Replacement"
"117","True","DW306","Door Spring/Balance Kit Replacement"
"118","True","RE403","Cold Control (Thermostat) Replacement"
"119","True","RE404","Thermister Replacement"
"120","True","DW400","Electronic Control/Timer/Pad Replacement"
"121","True","DW401","Heating Element Replacement"
"122","True","RE405","Fan/Light Switch Replacement"
"123","True","RE406","Light Bulb Replacement"
"124","True","DW402","Drying Fan Motor/Blade Replacement"
"125","True","RE407","Transformer Replacement"
"126","True","DW403","Door Switch Replacement"
"127","True","RE500","Defrost Evaporator (Additional)"
"128","True","RE501","Defrost Timer/Adaptive Control Replacement"
"129","True","DW404","Repaired Burned Wire(s) and/or Loose Connection"
"130","True","RE502","Defrost Heater/Drain Heater Replacement"
"131","True","DW405","Light Bulb Replacement"
"132","True","RE503","Defrost Bimetal Replacement"
"133","True","DW406","Interference Suppressor Replacement"
"134","True","RE504","Clear Debris From Defrost Drain"
"135","True","DW407","Flow Meter Replacement"
"136","True","RE505","Condensate Drain Pan Replacement"
"137","True","DW600","Problem Could Not Be Reproduced"
"138","True","RE700","Ice Maker Kit/Component Replacement"
"139","True","RE701","Deice Fill Tube"
"140","True","DW601","Address Noise Complaint"
"141","True","RE702","Double/Single Water Valve Replacement"
"142","True","DW602","Major Cabinet Component"
"143","True","RE703","Water Line Replacement"
"144","True","RE704","Water Reservoir Replacement"
"145","True","DW603","Minor Cabinet Component"
"146","True","RE705","Auger Moter/Cubed-Crushed Solenoid Replacement"
"147","True","RE706","Ice Bin Replacement"
"148","True","DW604","Major Component"
"149","True","DW605","Minor Component"
"150","True","RE707","Ice/Water Dispenser Component Replacement"
"151","True","RE708","Water Filter Replacement"
"152","True","DW606","Additional Component Replacement"
"153","True","RE600","Problem Could Not be Reproduced"
"154","True","DW607","Cosmetic Part"
"155","True","RE601","Address Noise Complaint"
"156","True","DW608","Difficult Access Fee"
"157","True","RE602","Major Cabinet Component"
"158","True","RE603","Minor Cabnet Component"
"159","True","DW609","Level Unit/Adjust Unit"
"160","True","RE604","Major Component"
"161","True","DW610","Repair Burned Wire(s) or Loose Connection"
"162","True","RE605","Minor Componet"
"163","True","DW611","Address Washability Complaint"
"164","True","DW612","Reinstallation of Unit"
"165","True","RE606","Additional Component Replacement"
"166","True","DW613","No Water at Supply"
"167","True","RE607","Cosmetic Part"
"168","True","RE608","Difficult Access Fee"
"169","True","DW614","Disconnect was Turned Off (Light Switch)"
"170","True","RE609","Level Unit/Adjust Unit"
"171","True","DW615","Reset Circuit Breaker"
"172","True","RE610","Repair Burnt Wire(s) or Loose Connection"
"175","True","CG300","Griddle/Grill Component Replacement"
"176","True","CE300","Griddle/Grill Component Replacement"
"177","True","CG301","Door Lock/Latch Assembly Replacement"
"178","True","CE301","Door Lock/Latch Assembly Replacement"
"179","True","CG302","Door Component Replacement"
"180","True","CG303","Door Hinge Assembly Replacement"
"181","True","CG304","Oven Rack Replacement"
"182","True","CG600","Problem Could Not Be Reproduced"
"183","True","CE302","Door Componet Replacement"
"184","True","CG601","Address Noise Complaint"
"185","True","CE303","Door Hindge Assembly Replacement"
"186","True","CG602","Major Cabinet Component"
"187","True","CG603","Minor Cabinet Component"
"188","True","CG604","Major Component"
"189","True","CG605","Minor Component"
"190","True","CE304","Oven Rack Replacement"
"191","True","CG606","Additional Component Replacement"
"192","True","CE600","Problem Could Not be Reproduced"
"193","True","CG607","Cosmetic Part"
"194","True","CG608","Difficult Access Fee"
"195","True","CG609","Level Unit/Adjust Unit"
"196","True","CE601","Address Noise Complaint"
"197","True","CE602","Major Cabinet Component"
"198","True","CG610","Repair Burned Wire(s) or Loose Connection"
"199","True","CG611","Calibrate Oven Temperature"
"200","True","CG612","Adjust Surface Burner"
"201","True","CG613","Locate and Repair Gas Leak"
"202","True","CG614","Reset Circuit Breaker"
"203","True","CE603","Minor Cabinet Component"
"204","True","CE400","Electronic Control/Module/Pad Replacement"
"205","True","CE401","Infinite/Selector Switch Replacement"
"206","True","CE402","Surface Element (Ceran Top) Replacement"
"207","True","CE403","Surface Element (Coil Top) Replacement"
"208","True","CE404","Burner Receptacle Replacement"
"209","True","CE405","Bake Element Replacement"
"210","True","CE406","Broil Element Replacement"
"211","True","CE407","Cooling Fan/Blade Replacement"
"212","True","CE408","Convection Fan/Blade Replacement"
"213","True","CE409","Convection Element Replacement"
"214","True","CE410","Oven/Grill/Griddle Thermostat Replacement"
"215","True","CE411","Oven Temp Sensor (Thermister) Replacement"
"216","True","CE412","Hi-Limit Thermal Cutout Replacement"
"217","True","CE413","Light Bulb Replacement"
"218","True","CE414","Transformer Replacement"
"219","True","CE415","Probe Jack Replacement"
"220","True","CE416","Terminal Block Replacement"
"223","True","MW400","Electronic Control/Module/Pad Replacement"
"224","True","MW401","Magnetron Tube Replacement"
"225","True","MW402","Capacitor Replacement"
"226","True","MW403","Interlock Switch Replacement/Adjustment"
"227","True","MW404","Turntable Motor Replacement"
"228","True","MW405","Cooling Fan Motor/Blade Replacement"
"229","True","MW406","Ventilation Fan Motor/Blade (OTR) Replacement"
"230","True","MW407","Thermal/Line Fuse Replacement"
"231","True","MW408","Convect Element Replacement"
"232","True","MW409","Bake Element Replacement"
"233","True","MW410","Broil Element Replacement"
"234","True","MW411","Convect Fan Motor/Blade Replacement"
"235","True","MW412","Quartz Halogen Bulb Replacement"
"236","True","MW413","Probe Jack Replacement"
"237","True","MW414","Terminal Block Replacement"
"238","True","MW415","Light Bulb Replacement"
"239","True","MW300","Door Component Replacement"
"240","True","MW301","Waveguide Shield Replacement"
"241","True","MW302","Oven Rack Replacement"
"242","True","MW200","Repair Water Leak"
"243","True","MW201","Steam Generator Replacement"
"244","True","MW202","Connecting Tube(s)/Clamp(s) Replacement"
"245","True","MW600","Problem Could Not Be Reproduced"
"246","True","MS601","Address Noise Complaint"
"247","True","MW602","Major Cabinet Component"
"248","True","MW603","Minor Cabinet Component"
"249","True","MW604","Major Component"
"250","True","MW605","Minor Component"
"251","True","MW606","Additional Component Replacement"
"252","True","MW607","Cosmetic Part"
"253","True","MW608","Difficult Access Fee"
"254","True","MW609","Level Unit/Adjust Unit"
"255","True","MW610","Repair Burned Wire(s) or Loose Connection"
"256","True","MW611","Calibrate Oven Temperature"
"257","True","MW612","Built-In or OTR Additional Time Due to Access"
"258","True","MW613","Reset Circuit Breaker"
"259","True","CP400","Electronic Control/Module/Pad Replacement"
"260","True","CP401","Start Switch Replacement"
"261","True","CP402","Microswitch Replacement"
"262","True","CP403","Power Cord Replacement"
"263","True","CP404","Drive Motor Replacement"
"264","True","CP300","Ram Assembly Components Replacement"
"265","True","CP301","Power Screw Assembly Replacement"
"266","True","CP302","Power Nut(s) Replacement"
"267","True","CP303","Bin Replacement"
"268","True","CP304","Bin Roller Replacement"
"269","True","CP305","Foot Pedal/Actuator Replacement"
"270","True","CP306","Gear Replacement"
"271","True","CP307","Drive Chain Replacement"
"272","True","CP308","Fan Motor/Blade Replacement"
"273","True","CP600","Problem Could Not Be Reproduced"
"274","True","CP601","Address Noise Complaint"
"275","True","CP602","Major Cabinet Component"
"276","True","CP603","Minor Cabinet Component"
"277","True","CP604","Major Component"
"278","True","CP605","Minor Component"
"279","True","CP606","Additional Component Replacement"
"280","True","CP607","Cosmetic Part"
"281","True","CP608","Difficult Access Fee"
"282","True","CP609","Level Unit/Adjust Unit"
"283","True","CP610","Repair Burned Wire(s) or Loose Connection"
"284","True","CP611","Reinstallation of Unit"
"285","True","CP612","Lubricate Power Screw"
"286","True","CP613","Clear Debris from Drawer Mechanism"
"287","True","CP614","Reset Circuit Breaker"
"288","True","WD400","Electronic Control/Module/Pad  Replacement"
"289","True","WD401","Heat Element Replacement"
"290","True","WD402","Cooling Fan/Blade Replacement"
"291","True","WD403","Convection Fan/Blade Replacement"
"292","True","WD404","Convection Element Replacement"
"293","True","WD405","Hi-Limit Thermal Cutout Replacement"
"294","True","WD406","Light Bulb Replacement"
"295","True","WD600","Problem Could Not Be Reproduced"
"296","True","WD601","Address Noise Complaint"
"297","True","WD602","Major Cabinet Component"
"298","True","WD603","Minor Cabinet Component"
"299","True","WD604","Major Component"
"300","True","WD605","Minor Component"
"301","True","WD606","Additional Component Replacement"
"302","True","WD607","Cosmetic Part"
"303","True","WD608","Repair Burned Wire(s) or Loose Connection"
"304","True","WD609","Difficult Access Fee"
"305","True","WD610","Reset Circuit Breaker"
"306","True","WD300","Drawer Rail Component(s) Replacement"
"307","True","CE604","Major Component"
"308","True","CE605","Minor Component"
"309","True","CE606","Additional Component Replacement"
"310","True","CE607","Cosmetic Part"
"311","True","CE608","Difficult Access Fee"
"312","True","CE609","Level Unit/Adjust Unit"
"313","True","CE610","Repair Burnt Wire(s) or Loose Connection"
"314","True","CE611","Calibrate Oven Temperature"
"317","True","MW416","Terminal Block Replacement"
"318","True","MW417","Light Bulb Replacement"
"321","True","CU100","Problem Could Not Be Reproduced"
"322","True","CU101","Address Noise Complaint"
"323","True","CU102","Run Capacitor Replacement"
"324","True","CU103","Start Kit Replacement"
"325","True","CU104","30 Amp 2-Pole Contractor Replacement"
"326","True","CU105","40 Amp 2-Pole Contractor Replacement"
"327","True","CU106","Defrost Control Replacement"
"328","True","CU107","Outdoor Fan Moter Replacement"
"329","True","CU108","Outdoor Fan Blade Replacement"
"330","True","CU109","Service Valve Replacement"
"331","True","CU110","Valve Core Replacement"
"332","True","CU111","Compressor Replacement"
"333","True","CU112","Filter Drier/Muffler Replacement"
"334","True","CU113","Repair Refrigerant Leak"
"335","True","CU114","Refrigerant Recovery"
"336","True","CU115","Reversing Valve Replacement"
"337","True","CU116","Reversing Valve Coil Replacement"
"338","True","CU117","Reset Circuit Breaker"
"339","True","CU118","Replace Low Voltage Fuse"
"340","True","CU119","Install Dura-Grid Condenser Pad"
"341","True","CU120","Eletrical Disconnect Replacement"
"342","True","CU121","Amaflex at Condenser Replacement"
"343","True","AH100","Indoor Blower Moter Replacement"
"344","True","AH101","Blower Wheel Replacement"
"345","True","AH102","Capacitor Replacement"
"346","True","AH103","Motor Mount Replacement"
"347","True","AH104","Evaporator Coil (Attic Application) Replacement"
"348","True","AH105","Evaporator Coil (Closet Application) Replacement"
"349","True","AH106","Primary Drain Pan Replacement"
"350","True","AH107","Safety Drain Pan Replacement"
"351","True","AH108","Safety Drain Switch Replacement"
"352","True","AH109","Fan Relay/Control Replacement"
"353","True","AH110","Set Fan Control Dip Switches"
"354","True","AH111","Repair Refrigerant Leak on Coil (Closet Unit)"
"355","True","AH112","Repair Refrigerant Leak on Coil (Attic Unit)"
"356","True","AH113","Charge Unit Per Manufacture's Specifications"
"357","True","AH114","Inspect Indoor Unit, Outdoor Unit, and connecting refrigerant Lines for refrigerant Leaks. no detectable leaks at this time. Charge unit to manufactures's specifications and test operation of System"
"358","True","AH115","Heat Relay/Control/Sequencer/Contactor Replacement"
"359","True","AH116","Heat Strip (Assembly) Replacement"
"360","True","AH117","Heat Strip (Per Strip)"
"361","True","AH118","Thermal Fuse Replacement"
"362","True","AH121","Gas Valve Replacement"
"363","True","AH120","Hi-Limit Cutout Replacement"
"364","True","AH122","Ignitor (HSI) Replacement"
"365","True","AH123","Gas Valve Replacement"
"366","True","AH124","Gas Burner Adjustment Replacement"
"367","True","AH125","Reset Circuit Breaker"
"368","True","AH127","Thermostat Replacement"
"369","True","AH128","Eletrical Disconnect Replacement"
"370","True","AH129","Clear Debris From Condensate Drain"
"371","True","AH130","Thermostat Replacement"
"372","True","AH131","Preform Maintenance on Electronic Air Cleaner"
"373","True","AH132","Preform System maintance - Includes a visual inspection of indoor and outdoor units, checking of the refrigeran levels, lubrication of motors if of the type that will allow for lubrication cleaning filters, testing temprature differential, drain inspection, visual duct inspection. This does not include materials, supplies, parts, or refrigerant."
"374","True","AH133","Second System Maintenance"
"375","True","AH134","Third System Maintenance"
"376","True","AH135","Fourth System Maintenance"
"377","True","AC100","Problem Could Not Be Reproduced"
"378","True","AC101","Address Noise Complaint"
"379","True","AC102","Major Cabinet Component"
"380","True","AC103","Minor Cabinet Component"
"381","True","AC104","Major Component"
"382","True","AC105","Minor Component"
"383","True","AC106","Additional Component Replacement"
"384","True","AC107","Cosmetic Part"
"385","True","AC108","Repair Brunt Wire(s) or Loose Connection"
"386","True","AC109","Difficult Access Fee"
"387","True","MS1","Miscellaneous Labor"
"388","True","MS2","Miscellaneous Labor"
"389","True","MS3","Miscellaneous Labor"
"390","True","MS4","Miscellaneous Labor"
"391","True","MS5","Miscellaneous Labor"
"392","True","MS6","Miscellaneous Labor"
"393","True","MS7","Miscellaneous Labor"
"394","True","MS8","Miscellaneous Labor"
"395","True","MS9","Miscellaneous Labor"
"396","True","MS10","Miscellaneous Labor"
"397","True","AH119","Repair Burnt Wire(s) or Loose Connection"
"398","True","AH126","Low Voltage Fuse Replacement"
"399","True","AH137","Armaflex Replacement at A/H Where Accessible"
"400","True","DR501","Ignitor Replacment (HSI)"
"402","True","CG209","Gas Supply Flex Line Replacment."
"405","True","CG205","Regulator Replacement (Difficult Access)"
"406","True","WH101","Replace Upper and/ or Lower Heating Element"
"407","True","DW616","Address Water Leak (Tub- Door - Etc)"
"408","True","WH102","Difficult or Lengthy Tank Draining"
"409","True","CG203","Safety Valve Replacment"
"410","True","CG210","Thermocouple Replacment"
