"ID","Code","Description","MarkupCodeForItem","MarkupCodeForSerial","ServiceCenterNumber","MfgCode","BarCodeLeadingCharItem","BarCodeLeadingCharModel","BarCodeLeadingCharSerial","BarcodeSchema","Qualification","UMRPPricing","RebatePercentage","OEM","MfgWtyMonths","ItemCommentCode","ModelCommentCode","ShowOnSvcReq","SBBrand","RetailDeckBrand","SamsungBrand","ServicePowerBrand","ImmediateReservedDays","UserCode","MinimumSellingPrice","RequiresSpecialAuth","DispatchMeBrand","DisableMPHDiagnosticsExport","BrandSourceLinqBrand","SupplierCode","EnableWtyExpiration","WtyExpirationMonths"
"2","WOLF","WOLF","2","3","WILSON AC & APPLIANCE","","0.0000","0","0","","","True","0.0000","","24","","","True","","WOLF","","","0","","SZ-PROBLDR","False","","False","","","False","0"
"3","SZ","SUBZERO","2","3","WILSON AC & APPLIANCE","","0.0000","0","0","","","True","0.0000","","24","","","True","","SUBZ","","","0","","SZ-PROBLDR","False","","False","","","False","0"
"4","MGRAM","MONOGRAM","2","UMRP","WILSON AC & APPLIANCE","I404","0.0000","0","0","GE","","True","0.0000","GE","12","","","True","","MONOGRAM","","","0","","","False","","False","","","False","0"
"5","GE","GE","2","L5","WILSON AC & APPLIANCE","I404","0.0000","0","0","GE","","False","0.0000","GE","12","","","True","","GE","","","0","","","False","","False","","","False","0"
"6","PROF","GE PROFILE","2","KA","WILSON AC & APPLIANCE","I404","0.0000","0","0","GE","","False","0.0000","GE","12","","","True","","GE","","","0","","","False","","False","","","False","0"
"7","MIELE","MIELE","2","1","WILSON AC & APPLIANCE","","0.0000","0","0","MIELE","","True","0.0000","","12","","","True","","MIE","","","0","","","False","","False","","","False","0"
"8","BEST","BEST","2","7","WILSON AC & APPLIANCE","","0.0000","0","0","","","False","0.0000","","12","","","True","","","","","0","","","False","","False","","","False","0"
"9","BOSCH","BOSCH","2","L5","WILSON AC & APPLIANCE","I600","0.0000","0","0","BSH","","False","0.0000","BSH","12","","","True","","BOSCH","","","0","","","False","","False","","","False","0"
"10","THERM","THERMADOR","2","3","WILSON AC & APPLIANCE","I600","0.0000","0","0","BSH","","True","0.0000","BSH","12","","","True","","THE","","","0","","","False","","False","","","False","0"
"11","GAGGE","GAGGENAU","2","8","WILSON AC & APPLIANCE","I600","0.0000","0","0","BSH","","True","0.0000","BSH","12","","","True","","","","","0","","","False","","False","","","False","0"
"12","WP","WHIRLPOOL","2","L5","69066","","0.0000","0","0","KA","","False","0.0000","WP","12","","","True","","WHIRL","","","0","","","False","","False","","","False","0"
"13","KA","KITCHENAID","2","KA","69066","","0.0000","0","0","KA","","False","0.0000","WP","12","","","True","","KTA","","","0","","","False","","False","","","False","0"
"14","GLAD","GLADIATOR","2","L5","WILSON AC & APPLIANCE","","0.0000","0","0","","","False","0.0000","","12","","","False","","","","","0","","","False","","False","","","False","0"
"15","VAH","VENTAHOOD","2","UMRP","WILSON AC & APPLIANCE","","0.0000","0","0","","","True","0.0000","","12","","","True","","","","","0","","","False","","False","","","False","0"
"16","IMPER","IMPERIAL","2","5","WILSON AC & APPLIANCE","","0.0000","0","0","","","False","0.0000","","12","","","False","","","","","0","","","False","","False","","","False","0"
"17","WMODE","WOODMODE","2","1","WILSON AC & APPLIANCE","","0.0000","0","0","","","False","0.0000","","12","","","False","","","","","0","","","False","","False","","","False","0"
"18","BROOK","BROOKHAVEN","2","1","WILSON AC & APPLIANCE","","0.0000","0","0","","","False","0.0000","","12","","","False","","","","","0","","","False","","False","","","False","0"
"19","CWP","CWP","2","1","WILSON AC & APPLIANCE","","0.0000","0","0","","","False","0.0000","","12","","","False","","","","","0","","","False","","False","","","False","0"
"20","TRANE","TRANE","2","L3","WILSON AC & APPLIANCE","","0.0000","0","0","TRANE","","False","0.0000","","12","","","True","","","","","0","","","False","","False","","","False","0"
"21","RUUD","RUUD","2","L3","WILSON AC & APPLIANCE","","0.0000","0","0","","","False","0.0000","","12","","","True","","","","","0","","","False","","False","","","False","0"
"22","CARR","CARRIER","2","1","WILSON AC & APPLIANCE","","0.0000","0","0","","","False","0.0000","","12","","","True","","","","","0","","","False","","False","","","False","0"
"23","HAFEL","HAFELE","2","1","WILSON AC & APPLIANCE","","0.0000","0","0","","","False","0.0000","","12","","","False","","","","","0","","","False","","False","","","False","0"
"24","REEF","PELICAN REEF","2","1","WILSON AC & APPLIANCE","","0.0000","0","0","","","False","0.0000","","12","","","False","","","","","0","","","False","","False","","","False","0"
"26","MTAG","MAYTAG","2","L5","WILSON AC & APPLIANCE","","0.0000","0","0","MAY","","False","0.0000","WP","12","","","True","","MAY","","","0","","","False","","False","","","False","0"
"27","TKNOB","TOP KNOBS","2","1","NA","","0.0000","0","0","","","False","0.0000","","12","","","False","","","","","0","","","False","","False","","","False","0"
"28","FTECH","FANTECH","2","1","WILSON AC & APPLIANCE","","0.0000","0","0","","","False","0.0000","","12","","","False","","","","","0","","","False","","False","","","False","0"
"29","CAIR","COMFORT-AIRE","2","1","WILSON AC & APPLIANCE","","0.0000","0","0","","","False","0.0000","","12","","","False","","","","","0","","","False","","False","","","False","0"
"31","SHILO","SHILOH","2","1","WILSON AC & APPLIANCE","","0.0000","0","0","","","False","0.0000","","12","","","False","","","","","0","","","False","","False","","","False","0"
"32","FORGE","CHARLESTON FORGE","2","1","NA","","0.0000","0","0","","","False","0.0000","","12","","","False","","","","","0","","","False","","False","","","False","0"
"33","JBISH","JIM BISHOP","2","1","WILSON AC & APPLIANCE","","0.0000","0","0","","","False","0.0000","","12","","","False","","","","","0","","","False","","False","","","False","0"
"34","HP","HOTPOINT","2","L5","","I404","0.0000","0","0","GE","","False","0.0000","GE","12","","","True","","HOT","","","0","","","False","","False","","","False","0"
"35","BROAN","BROAN","2","1","","","0.0000","0","0","","","False","0.0000","","12","","","False","","","","","0","","","False","","False","","","False","0"
"36","ESTAT","ESTATE","2","L1","","","0.0000","0","0","KA","","False","0.0000","WP","12","","","True","","","","","0","","","False","","False","","","False","0"
"37","ARIST","ARISTON","2","L1","","","0.0000","0","0","","","False","0.0000","","12","","","False","","","","","0","","","False","","False","","","False","0"
"38","JA","JENN-AIR","2","1","","","0.0000","0","0","JA","","True","0.0000","WP","12","","","True","","JEN","","","0","","","False","","False","","","False","0"
"39","FRIG","FRIGIDAIRE","2","L1","","","0.0000","0","0","","","False","0.0000","","12","","","False","","","","","0","","","False","","False","","","False","0"
"40","ADM","ADMIRAL","2","1","","","0.0000","0","0","","","False","0.0000","","12","","","False","","","","","0","","","False","","False","","","False","0"
"41","ULINE","ULINE","2","1","APD","","0.0000","0","0","","","False","0.0000","","12","","","False","","","","","0","","","False","","False","","","False","0"
"42","AMANA","AMANA","2","L5","","","0.0000","0","0","WP","","False","0.0000","WP","12","","","True","","AMN","","","0","","","False","","False","","","False","0"
"43","ASKO","ASKO","2","1","","","0.0000","0","0","","","False","0.0000","","12","","","True","","","","","0","","","False","","False","","","False","0"
"44","MAXIT","HVAC PARTS","2","1","","","0.0000","0","0","","","False","0.0000","","12","","","False","","","","","0","","","False","","False","","","False","0"
"45","FASCO","FASCO","2","1","","","0.0000","0","0","","","False","0.0000","","12","","","False","","","","","0","","","False","","False","","","False","0"
"46","EURO","EUROTECH","2","1","","","0.0000","0","0","","","False","0.0000","","12","","","False","","","","","0","","","False","","False","","","False","0"
"47","VIKIN","VIKING","2","1","","","0.0000","0","0","","","True","0.0000","","12","","","False","","","","","0","","","False","","False","","","False","0"
"48","RHEEM","RHEEM","2","5","","","0.0000","0","0","","","False","0.0000","","12","","","True","","","","","0","","","False","","False","","","False","0"
"49","DACOR","DACOR","2","1","","","0.0000","0","0","","","False","0.0000","","12","","","False","","","","","0","","","False","","False","","","False","0"
"50","MAGIC","MAGIC CHEF","2","1","","","0.0000","0","0","","","False","0.0000","","12","","","True","","","","","0","","","False","","False","","","False","0"
"51","MARVE","MARVEL","2","1","","","0.0000","0","0","","","False","0.0000","","12","","","False","","","","","0","","","False","","False","","MILESTONE","False","0"
"52","BRYAN","BRYANT","2","1","ROBERT MADDEN","","0.0000","0","0","","","False","0.0000","","12","","","False","","","","","0","","","False","","False","","","False","0"
"53","AIRE","APRILAIRE","2","5","","","0.0000","0","0","","","False","0.0000","","12","","","False","","","","","0","","","False","","False","","","False","0"
"54","FRIED","FRIEDRICH","2","4","","","0.0000","0","0","","","False","0.0000","","12","","","False","","","","","0","","","False","","False","","","False","0"
"55","SHARP","SHARP","2","L1","","","0.0000","0","0","","","False","0.0000","","12","","*1.21","False","","","","","0","","","False","","False","","","False","0"
"56","JAN","JANITROL-GOODMAN","2","1","","","0.0000","0","0","","","False","0.0000","","12","","","False","","","","","0","","","False","","False","","","False","0"
"57","SCOT","SCOTSMAN","2","3","","","0.0000","0","0","","","True","0.0000","","12","","","True","","SCO","","","0","","","False","","False","","","False","0"
"58","YORK","YORK","2","1","","","0.0000","0","0","","","False","0.0000","","12","","","False","","","","","0","","","False","","False","","","False","0"
"60","FRANK","FRANKE","2","3","","","0.0000","0","0","","","False","0.0000","","12","","","False","","","","","0","","","False","","False","","","False","0"
"61","TAPPA","TAPPAN","2","1","","","0.0000","0","0","","","False","0.0000","","12","","","False","","","","","0","","","False","","False","","","False","0"
"62","DCS","DCS APPLIANCES","2","F&P","","","0.0000","0","0","DCS","","True","0.0000","","12","","","True","","","","","0","","","False","","False","","","False","0"
"63","FP","FISHER & PAYKEL","2","F&P","","","0.0000","0","0","DCS","","True","0.0000","","12","","","True","","FPK","","","0","","","False","","False","","","False","0"
"64","BLUE","BLUE STAR","2","3","","","0.0000","0","0","","","True","0.0000","","12","","","True","","BLU","","","0","","","False","","False","","BLUESTAR","False","0"
"65","LENN","LENNOX","2","1","","","0.0000","0","0","","","False","0.0000","","12","","","False","","","","","0","","","False","","False","","","False","0"
"66","CUNO","CUNO","2","1","MOORE SUPPLY","","0.0000","0","0","","","False","0.0000","","12","","","False","","","","","0","","","False","","False","","","False","0"
"68","ABSO","ABSOCOLD","2","3","","","0.0000","0","0","","","False","0.0000","","12","","","False","","","","","0","","","False","","False","","","False","0"
"69","AMER","AMERICAN STANDARD","2","1","","","0.0000","0","0","","","False","0.0000","","12","","","True","","","","","0","","","False","","False","","","False","0"
"70","ZEPH","ZEPHYR","2","UMRP","","","0.0000","0","0","","","False","0.0000","","12","","","True","","ZEP","","","0","","","False","","False","","","False","0"
"71","KEN","KENMORE","2","1","","","0.0000","0","0","","","False","0.0000","","12","","","True","","","","","0","","","False","","False","","","False","0"
"72","ALFR","ALFRESCO","2","UMRP","","","0.0000","0","0","","","True","0.0000","","12","","","False","","ALFCO","","","0","","","False","","False","","MAPLE","False","0"
"73","FRENC","FRENCH RANGES","2","1","","","0.0000","0","0","","","False","0.0000","","12","","","False","","","","","0","","","False","","False","","","False","0"
"74","BSH","THERM, BOSCH, GAGGAENAU PARTS","2","1","","I600","0.0000","0","0","","","False","0.0000","","12","","","False","","","","","0","","","False","","False","","","False","0"
"75","HONEY","HONEYWELL","2","1","","","0.0000","0","0","","","False","0.0000","","12","","","False","","","","","0","","","False","","False","","","False","0"
"76","WR","WHITE RODGERS","2","1","","","0.0000","0","0","","","False","0.0000","","12","","","False","","","","","0","","","False","","False","","","False","0"
"77","FSP","WP. KA. MTG, JA Specified Part","2","1","","","0.0000","0","0","","","False","0.0000","","12","","","False","","","","","0","","","False","","False","","","False","0"
"78","GNR","GENERIC MANUFACTURER","2","1","","","0.0000","0","0","","","False","0.0000","","12","","","False","","","","","0","","","False","","False","","","False","0"
"79","SLPER","SLICES PERFECT","2","1","","","0.0000","0","0","","","False","0.0000","","12","","","False","","","","","0","","","False","","False","","","False","0"
"80","GINSU","GINSU","2","1","","","0.0000","0","0","","","False","0.0000","","12","","","False","","","","","0","","","False","","False","","","False","0"
"81","LEYSE","LEYSE","2","1","","","0.0000","0","0","","","False","0.0000","","12","","","False","","","","","0","","","False","","False","","","False","0"
"83","INNOV","INNOVA","2","1","","","0.0000","0","0","","","False","0.0000","","12","","","False","","","","","0","","","False","","False","","","False","0"
"85","HOSH","HOSHIZAKI","2","6","","","0.0000","0","0","","","False","0.0000","","12","","","False","","","","","0","","","False","","False","","","False","0"
"86","LIEB","LIEBHERR","2","1","","","0.0000","0","0","","","True","0.0000","","12","","","False","","LBR","","","0","","","False","","False","","","False","0"
"87","PERL","PERLICK","2","1","","","0.0000","0","0","","","False","0.0000","","12","","","True","","PERLI","","","0","","","False","","False","","","False","0"
"88","FIRST","FIRST COMPANY","L3","L3","","","0.0000","0","0","","","False","0.0000","","0","","","False","","","","","0","","","False","","False","","","False","0"
"89","ARTIC","ARTIC AIR","2","5","","","0.0000","0","0","","","False","0.0000","","12","","","False","","","","","0","","","False","","False","","","False","0"
"90","BOOS","BOOS BLOCK","2","1","","","0.0000","0","0","","","False","0.0000","","0","","","False","","","","","0","","","False","","False","","","False","0"
"91","DELON","DELONGHI","2","1","","","0.0000","0","0","","","False","0.0000","","0","","","False","","","","","0","","","False","","False","","","False","0"
"92","TRUE","TRUE MANUFACTURING","2","UMRP","","","0.0000","0","0","","","True","0.0000","","0","","","True","","TMF","","","0","","","False","","False","","","False","0"
"93","JADE","JADE","2","1","","","0.0000","0","0","","","False","0.0000","","0","","","False","","","","","0","","","False","","False","","","False","0"
"94","KINET","KINETIC","2","1","","","0.0000","0","0","","","False","0.0000","","0","","","False","","","","","0","","","False","","False","","","False","0"
"95","TSTAR","TEMPSTAR","2","1","","","0.0000","0","0","","","False","0.0000","","0","","","False","","","","","0","","","False","","False","","","False","0"
"96","CANCH","LACANCHE","2","1","","","0.0000","0","0","","","False","0.0000","","0","","","False","","","","","0","","","False","","False","","","False","0"
"97","MMAID","MODERN MAID","2","1","","","0.0000","0","0","","","False","0.0000","","0","","","False","","","","","0","","","False","","False","","","False","0"
"98","KZOO","KALAMAZOO OUTDOOR GOURMET","2","1","","","0.0000","0","0","","","True","0.0000","","0","","*1.27","True","","KMZ","","","0","","","False","","False","","","False","0"
"99","EARTH","EARTHSTONE","2","1","","","0.0000","0","0","","","False","0.0000","","0","","","False","","","","","0","","","False","","False","","","False","0"
"100","NUCAL","NUCALGON","2","1","","","0.0000","0","0","","","False","0.0000","","0","","","False","","","","","0","","","False","","False","","","False","0"
"101","ECO","ECOBEE","2","3","","","0.0000","0","0","","","False","0.0000","","0","","","False","","","","","0","","","False","","False","","","False","0"
"102","ZLINE","GE ZONELINE","2","L3","","","0.0000","0","0","","","False","0.0000","GE","0","","","True","","","","","0","","","False","","False","","","False","0"
"103","COYOT","COYOTE","2","9","","","0.0000","0","0","","","False","0.0000","","0","","","False","","","","","0","","","False","","False","","","False","0"
"104","LACOR","LA CORNUE","2","8","","","0.0000","0","0","","","True","0.0000","","0","","","True","","","","","0","","","False","","False","","","False","0"
"105","HWARD","HAYWARD","2","1","","","0.0000","0","0","","","False","0.0000","","0","","","False","","","","","0","","","False","","False","","","False","0"
"107","CAFE","GE CAFE","2","KA","","I404","0.0000","0","0","","","False","0.0000","GE","12","","","False","","CAFEA","","","0","","","False","","False","","GEC","False","0"
"108","GAL","GALLEY","2","UMRP","","","0.0000","0","0","","","True","0.0000","","0","","","False","","","","","0","","","False","","False","","","False","0"
"109","EVER","EVERPURE","2","UMRP","","","0.0000","0","0","","","False","0.0000","","0","","","False","","","","","0","","","False","","False","","","False","0"
"111","ARTIS","ARTISTRY","2","L1","","I404","0.0000","0","0","","","False","0.0000","","12","","","True","","","","","0","","","False","","False","","","False","0"
"113","BENCH","BOSCH BENCHMARK","2","UMRP","","","0.0000","0","0","","","False","0.0000","","0","","","False","","","","","0","","","False","","False","","","False","0"
"114","TBREW","TOPBREWER","2","1","","","0.0000","0","0","","","True","0.0000","","12","","","False","","","","","0","","","False","","False","","","False","0"
"115","WEBER","WEBER","2","1","","","0.0000","0","0","","","False","0.0000","","0","","","False","","","","","0","","","False","","False","","","False","0"
"116","FM","FIRE MAGIC","2","1","","","0.0000","0","0","","","False","0.0000","","0","","","False","","","","","0","","","False","","False","","","False","0"
"117","BLACK","BLACK OLIVE","2","1","","","0.0000","0","0","","","False","0.0000","","0","","","False","","","","","0","","","False","","False","","","False","0"
"118","MVAC","Miele Vacuum","2","1","","","0.0000","0","0","","","False","0.0000","","0","","","False","","","","","0","","","False","","False","","","False","0"
"121","WG","WOLF GOURMET","2","3","","","0.0000","0","0","","","True","0.0000","","0","","","False","","","","","0","","","False","","False","","","False","0"
"122","UA","ULTRA-AIRE","2","1","","","0.0000","0","0","","","False","0.0000","","0","","","False","","","","","0","","","False","","False","","","False","0"
"123","IRINO","IRINOX","2","UMRP","","","0.0000","0","0","","","True","0.0000","","0","","*1.27","True","","","","","0","","","False","","False","","","False","0"
"124","NAPOL","NAPOLEON","2","UMRP","","","0.0000","0","0","","","True","0.0000","","0","","","False","","","","","0","","","False","","False","","","False","0"
"125","RC","RANGE CRAFT","2","UMRP","","","0.0000","0","0","","","False","0.0000","","0","","","False","","","","","0","","","False","","False","","","False","0"
"126","EGG","BIG GREEN EGG","2","10","","","0.0000","0","0","","","False","0.0000","","0","","","True","","BGE","","","0","","","False","","False","","","False","0"
"127","INFRA","INFRATECH","2","10","","","0.0000","0","0","","","False","0.0000","","0","","*1.27","False","","","","","0","","","False","","False","","","False","0"
"128","FABR","FABER","2","7","","","0.0000","0","0","","","False","0.0000","","12","","","True","","FAB","","","0","","","False","","False","","","False","0"
"129","ART","ARTISAN","2","L1","","","0.0000","0","0","","","False","0.0000","","0","","","True","","","","","0","","","False","","False","","","False","0"
"130","SPEED","SPEEDQUEEN","2","UMRP","","","0.0000","0","0","","","False","0.0000","","0","","","True","","SPQ","","","0","","","False","","False","","","False","0"
"131","HAIER","HAIER","2","L5","","I404","0.0000","0","0","","","False","0.0000","","12","","","False","","HAR","","","0","","","False","","False","","","False","0"
"132","OPAL","OPAL NUGGET","2","UMRP","","","0.0000","0","0","","","False","0.0000","","0","","","True","","","","","0","","","False","","False","","","False","0"
"133","COVE","COVE","2","3","","","0.0000","0","0","","","True","0.0000","","60","","","True","","COVE","","","0","","","False","","False","","","False","0"
"134","MITSU","MITSUBISHI","2","L3","","","0.0000","0","0","","","False","0.0000","","0","","","False","","","","","0","","","","","False","","","False","0"
"135","RINO","RISE & NOIR","2","1","","","0.0000","0","0","","","True","0.0000","","0","","","False","","","","","0","","","False","","False","","","False","0"
"136","PLUM","PLUM WINE","2","1","","","0.0000","0","0","","","True","0.0000","","0","","","False","","","","","0","","","False","","False","","","False","0"
"139","BHVAC","BOSCH HVAC","2","L3","","","0.0000","0","0","","","False","0.0000","","0","","","True","","","","","0","","","False","","False","","","False","0"
"140","EVO","EVO","2","1","","","0.0000","0","0","","","False","0.0000","","12","","*2.13","True","","","","","0","","","False","","False","","","False","0"
"141","SUN","SUNSTONE METAL PRODUCTS","2","1","","","0.0000","0","0","","","True","0.0000","","12","","*2.13","False","","","","","0","","","False","","False","","","False","0"
"142","FULGO","FULGOR MILANO","2","1","","","0.0000","0","0","","","True","0.0000","","0","","","False","","FULGORM","","","0","","","False","","False","","","False","0"
"143","ILVE","ILVE","2","1","","","0.0000","0","0","","","True","0.0000","","0","","*2.15","True","","","","","0","","","False","","False","","","False","0"
"144","CORFE","CORNUFE (La Cornue)","2","1","","","0.0000","0","0","","","True","0.0000","","0","","","False","","","","","0","","","False","","False","","","False","0"
"145","CHATE","CHATEAU (La Cornue)","2","1","","","0.0000","0","0","","","True","0.0000","","0","","","False","","","","","0","","","False","","False","","","False","0"
"147","TRADE","TRADEWIND","2","1","","","0.0000","0","0","","","False","0.0000","","0","","*1.27","False","","","","","0","","","False","","False","","","False","0"
"148","LYNX","LYNX","2","1","","","0.0000","0","0","","","True","0.0000","","0","","","False","","","","","0","","","False","","False","","","False","0"
"149","TRAMI","TRANE SPLIT DUCTLESS","2","L3","","","0.0000","0","0","","","False","0.0000","","0","","","False","","","","","0","","","False","","False","","","False","0"
"150","GOZ","GOZNEY","2","1","","","0.0000","0","0","","","False","0.0000","","0","","","False","","","","","0","","","False","","False","","","False","0"
"151","ELICA","ELICA","2","1","","ELICA","0.0000","0","0","","","False","0.0000","","0","","","True","","","","","0","","","False","","False","","","False","0"
"152","LG","LG HOME APPLIANCES","2","LG","","","0.0000","0","0","","","False","0.0000","","12","","","False","","LG","","","0","","","False","","False","","LGEUS","False","0"
"155","ARANG","AMERICAN RANGE","2","1","","","0.0000","0","0","","","False","0.0000","","12","","","True","","AMRG","","","0","","","False","","False","","","False","0"
"156","AGA","AGA","2","1","","","0.0000","0","0","","","True","0.0000","","0","","","True","","","","","0","","","False","","False","","","False","0"
"157","TFLAM","TRUEFLAME","2","1","","","0.0000","0","0","","","False","0.0000","","0","","","False","","","","","0","","","False","","False","","TRI-STATE","False","0"
"158","BERT","BERTAZZONI","2","1","","","0.0000","0","0","","","True","0.0000","","0","","*1.28","True","","","","","0","","","False","","False","","MILESTONE","False","0"
"159","KEV","KEVERI","2","1","","","0.0000","0","0","","","True","0.0000","","12","","","True","","","","","0","","","False","","False","","MAPLE","False","0"
"160","HEST","HESTAN","2","1","","","0.0000","0","0","","","True","0.0000","","24","","","True","","","","","0","","","False","","False","","","False","0"
"161","DAN","Danby","2","1","","","0.0000","0","0","","","False","0.0000","","0","","","False","","","","","0","","","False","","False","","","False","0"
"162","SKS","SIGNATURE KITCHEN SUITE","2","1","","","0.0000","0","0","","","False","0.0000","","0","","","True","","SKS","","","0","","L2","False","","False","","LGEUS","False","0"
"163","PRIMO","PRIMO KAMADO GRILLS","2","1","","","0.0000","0","0","","","False","0.0000","","0","","*1.28","True","","","","","0","","","False","","False","","TRI-STATE","False","0"
"164","AMG","AMERICAN MADE GRILLS","2","1","","","0.0000","0","0","","","False","0.0000","","0","","","True","","","","","0","","","False","","False","","TRI-STATE","False","0"
"165","ENDUR","ENDURA CABINETRY","2","1","","","0.0000","0","0","","","False","0.0000","","0","","","True","","","","","0","","","False","","False","","TRI-STATE","False","0"
"166","URBON","URBAN BONFIRE","2","1","","","0.0000","0","0","","","False","0.0000","","0","","*1.27","False","","","","","0","","","False","","False","","KALAMAZOO","False","0"
"167","BRS","BRIAS","2","1","","","0.0000","0","0","","","False","0.0000","","0","","","True","","","","","0","","","False","","False","","ALMO","False","0"
"168","BLAZE","BLAZE","2","1","","","0.0000","0","0","","","False","0.0000","","0","","","True","","BGRL","","","0","","","False","","False","","PARAGON","False","0"
"169","ZIP","ZIPWATER","2","1","","","0.0000","0","0","","","False","0.0000","","0","","","True","","","","","0","","L1","False","","False","","MILESTONE","False","0"
"170","FOLLE","FOLLETT","2","1","","","0.0000","0","0","","","False","0.0000","","0","","","False","","","","","0","","","False","","False","","","False","0"
"172","FALM","FALMEC","2","7","","","0.0000","0","0","","","False","0.0000","","0","","","True","","","","","0","","","False","","False","","MAPLE","False","0"
"173","RGF","RGF Environmental","2","1","","","0.0000","0","0","","","False","0.0000","","0","","","False","","","","","0","","","False","","False","","","False","0"
"174","MONTA","MONT ALPI","2","1","","","0.0000","0","0","","","False","0.0000","","0","","","True","","","","","0","","","False","","False","","TRI-STATE","False","0"
"175","PITT","PITT Cooking","2","1","","","0.0000","0","0","","","False","0.0000","","0","","","True","","","","","0","","","False","","False","","","False","0"
"176","CALIB","CALIBER","2","1","","","0.0000","0","0","","","True","0.0000","","12","","","True","","TMF","","","0","","","False","","False","","","False","0"
"178","RUNTR","RUNTRU TRANE","2","L3","","","0.0000","0","0","","","False","0.0000","","0","","","True","","","","","0","","","False","","False","","","False","0"
"179","SMEG","SMEG","2","1","","","0.0000","0","0","","","False","0.0000","","0","","","True","","","","","0","","","False","","False","","SMEG","False","0"
"180","TRUEC","TRUE COMMERCIAL","2","1","","","0.0000","0","0","","","True","0.0000","","12","","","False","","","","","0","","","False","","False","","TRUE","False","0"
"181","MIPRO","MIELE PRO","2","1","","","0.0000","0","0","","","True","0.0000","","0","","","True","","MIE","","","0","","","False","","False","","","False","0"
"182","HVAC","GENERIC HVAC","2","1","","","0.0000","0","0","","","False","0.0000","","1","","","True","","","","","0","","","False","","False","","","False","0"
"183","CAPTL","CAPITAL RANGE","2","1","","","0.0000","0","0","","","False","0.0000","","0","","","True","","","","","0","","","False","","False","","MAPLE","False","0"
"184","HOODS","HOODSLY","2","1","","","0.0000","0","0","","","False","0.0000","","0","","","True","","","","","0","","","False","","False","","","False","0"
"185","CARI","CARILOHA","2","1","","","0.0000","0","0","","","False","0.0000","","0","","","True","","","","","0","","","False","","False","","CARILOHA","False","0"
"186","MEMPH","MEMPHIS","2","1","","","0.0000","0","0","","","False","0.0000","","0","","","True","","","","","0","","","False","","False","","MAPLE","False","0"
