"ID","RawBarcode","OrderedForInvoiceCode","OrderedForInvoiceDateStamp","OrderedForInvoiceTimeStamp","Spiff","SpiffEndDate","SpiffStartDate","POLineTimeStamp","PODateStamp","DateReserved","Notes","OriginalCost","FreightAmount","FreightInvoiceNumber","ResizePicture","PicturePath","StandardCost","ReserveExclusive","SerialTypeCode","UniqueSellPrice","Discount1","Discount2","Discount3","Discount4","Discount5","Discount6","Discount7","Discount8","Discount9","Discount10","ReserveExclusiveCommentCode","TagPrice","Discount1Method","Discount2Method","Discount3Method","Discount4Method","Discount5Method","Discount6Method","Discount7Method","Discount8Method","Discount9Method","Discount10Method","Discount1Rate","Discount2Rate","Discount3Rate","Discount4Rate","Discount5Rate","Discount6Rate","Discount7Rate","Discount8Rate","Discount9Rate","Discount10Rate","SupplierCode","DyeLot","DoNotService","Available","BinLocationCode","Code","Cost","DateReceived","Features","FloorPlan","FloorPlanDueDate","InvLineDateStamp","InvLineTimeStamp","InvoiceCode","LocationCode","ModelCode","POCode","RunNumber","Status","SupplierInvoice","TrustDocument","TrustDocumentLine"
"103814","","R00015686","2026-09-08 00:00:00","15:41:27:322","0.0000","","","13:58:26:241","2023-12-29 00:00:00","2026-09-14 00:00:00","","1495.0000","0.0000","","False","","1495.0000","True","OPEN","1699.0000","0.0000","0.0000","0.0000","0.0000","0.0000","0.0000","0.0000","0.0000","0.0000","0.0000","","0.0000","Dollar","Dollar","Dollar","Dollar","Dollar","Dollar","Dollar","Dollar","Dollar","Dollar","0.0000","0.0000","0.0000","0.0000","0.0000","0.0000","0.0000","0.0000","0.0000","0.0000","GEC","","False","True","PULL1","SIGV300217L","1495.0000","2024-01-10 00:00:00","","","","2026-09-08 00:00:00","15:41:27:322","R00015686","","CWB713P2NS1","32137","","Taken","165464344","","0"
"114816","","S00062666","2026-04-22 00:00:00","08:08:39:344","","","","12:36:17:261","2025-02-26 00:00:00","2026-04-22 00:00:00","","300.0000","0.0000","","","","328.0000","False","ALL","0.0000","0.0000","0.0000","0.0000","0.0000","0.0000","0.0000","0.0000","0.0000","0.0000","0.0000","","0.0000","Dollar","Dollar","Dollar","Dollar","Dollar","Dollar","Dollar","Dollar","Dollar","Dollar","0.0000","0.0000","0.0000","0.0000","0.0000","0.0000","0.0000","0.0000","0.0000","0.0000","WESTYE","","False","True","PULL1","00023","300.0000","2025-03-06 00:00:00","","","","2026-04-22 00:00:00","08:08:39:344","S00062666","","9028545","35239","","Taken","95810","","0"
"115742","","AC00010565-1","2026-08-23 00:00:00","09:02:41:337","","","","12:49:49:973","2025-03-25 00:00:00","","","170.8700","0.0000","","","","179.3800","False","ALL","0.0000","0.0000","0.0000","0.0000","0.0000","0.0000","0.0000","0.0000","0.0000","0.0000","0.0000","","0.0000","Dollar","Dollar","Dollar","Dollar","Dollar","Dollar","Dollar","Dollar","Dollar","Dollar","0.0000","0.0000","0.0000","0.0000","0.0000","0.0000","0.0000","0.0000","0.0000","0.0000","TRANE","","False","True","T","00075","170.8700","2025-04-02 00:00:00","","","","2026-08-23 00:00:00","09:02:41:337","AC00010565-1","06","EQBFM215A1AH11","35450","1","Taken","69195824","","0"
"117896","","S00065009","2026-09-18 00:00:00","12:13:30:794","","","","12:54:06:811","2025-06-30 00:00:00","","","1252.7000","0.0000","","","","1129.0000","False","ALL","0.0000","0.0000","0.0000","0.0000","0.0000","0.0000","0.0000","0.0000","0.0000","0.0000","0.0000","","0.0000","Dollar","Dollar","Dollar","Dollar","Dollar","Dollar","Dollar","Dollar","Dollar","Dollar","0.0000","0.0000","0.0000","0.0000","0.0000","0.0000","0.0000","0.0000","0.0000","0.0000","TRANE","","False","True","","4001218T","1252.7000","2025-06-30 00:00:00","","","","2026-09-18 00:00:00","12:13:30:794","S00065009","06","MUZ-HM24NA-U2","36171","","Taken","69385806","","0"
"117904","","S00065009","2026-09-18 00:00:00","12:14:48:262","","","","12:53:11:334","2025-06-30 00:00:00","","","610.2600","0.0000","","","","550.0000","False","ALL","0.0000","0.0000","0.0000","0.0000","0.0000","0.0000","0.0000","0.0000","0.0000","0.0000","0.0000","","0.0000","Dollar","Dollar","Dollar","Dollar","Dollar","Dollar","Dollar","Dollar","Dollar","Dollar","0.0000","0.0000","0.0000","0.0000","0.0000","0.0000","0.0000","0.0000","0.0000","0.0000","TRANE","","False","True","","4002560T","610.2600","2025-07-01 00:00:00","","","","2026-09-18 00:00:00","12:14:48:262","S00065009","06","MSZ-HM24NA-U1","36171","","Taken","69387289","","0"
"120835","","AC00010506","2026-04-02 00:00:00","11:04:38:581","0.0000","","","13:19:51:860","2025-11-10 00:00:00","2026-04-08 00:00:00","","185.0000","0.0000","","False","","185.0000","False","ALL","0.0000","0.0000","0.0000","0.0000","0.0000","0.0000","0.0000","0.0000","0.0000","0.0000","0.0000","","0.0000","Dollar","Dollar","Dollar","Dollar","Dollar","Dollar","Dollar","Dollar","Dollar","Dollar","0.0000","0.0000","0.0000","0.0000","0.0000","0.0000","0.0000","0.0000","0.0000","0.0000","WESTYE","","False","True","","00004","185.0000","2025-11-13 00:00:00","","","","2026-04-02 00:00:00","11:04:38:581","AC00010506","06","MD8TU","37165","","Taken","90120140","","0"
"121949","","S00062666","2025-06-27 00:00:00","14:41:57:047","","","","12:08:54:341","2025-12-08 00:00:00","2026-09-03 00:00:00","","3936.7500","0.0000","","","","4289.2500","False","ALL","0.0000","0.0000","0.0000","0.0000","0.0000","0.0000","0.0000","0.0000","0.0000","0.0000","0.0000","","0.0000","Dollar","Dollar","Dollar","Dollar","Dollar","Dollar","Dollar","Dollar","Dollar","Dollar","0.0000","0.0000","0.0000","0.0000","0.0000","0.0000","0.0000","0.0000","0.0000","0.0000","TRUE","","False","True","PULL1","11264823","3936.7500","2025-12-30 00:00:00","","","","2025-06-27 00:00:00","14:41:57:047","S00062666","","TUI-15-L-SS-D","37323","","Taken","6944918","","0"
"122919","","S00062666","2025-05-06 00:00:00","12:04:03:611","","","","00:10:29:022","2025-11-17 00:00:00","2026-02-05 00:00:00","","1845.0000","0.0000","","","","1845.0000","False","ALL","0.0000","0.0000","0.0000","0.0000","0.0000","0.0000","0.0000","0.0000","0.0000","0.0000","0.0000","","0.0000","Dollar","Dollar","Dollar","Dollar","Dollar","Dollar","Dollar","Dollar","Dollar","Dollar","0.0000","0.0000","0.0000","0.0000","0.0000","0.0000","0.0000","0.0000","0.0000","0.0000","WESTYE","","False","True","PULL1","20193737","1845.0000","2026-02-05 00:00:00","","","","2025-05-06 00:00:00","12:04:03:611","S00062666","","DW2451","X131","","Taken","90268700","","0"
"122931","","AC00010511","2026-04-02 00:00:00","11:02:43:436","0.0000","","","17:47:48:107","2026-01-29 00:00:00","2026-04-09 00:00:00","","244.0000","0.0000","","False","","244.0000","False","ALL","0.0000","0.0000","0.0000","0.0000","0.0000","0.0000","0.0000","0.0000","0.0000","0.0000","0.0000","","0.0000","Dollar","Dollar","Dollar","Dollar","Dollar","Dollar","Dollar","Dollar","Dollar","Dollar","0.0000","0.0000","0.0000","0.0000","0.0000","0.0000","0.0000","0.0000","0.0000","0.0000","WESTYE","","False","True","","00011","244.0000","2026-02-05 00:00:00","","","","2026-04-02 00:00:00","11:02:43:436","AC00010511","06","MD10TU","37720","","Taken","90268699","","0"
"123319","","S00062666","2025-05-06 00:00:00","12:01:42:282","","","","19:37:47:150","2025-06-12 00:00:00","2026-02-19 00:00:00","","0.0100","0.0000","","","","0.0100","False","ALL","0.0000","0.0000","0.0000","0.0000","0.0000","0.0000","0.0000","0.0000","0.0000","0.0000","0.0000","","0.0000","Dollar","Dollar","Dollar","Dollar","Dollar","Dollar","Dollar","Dollar","Dollar","Dollar","0.0000","0.0000","0.0000","0.0000","0.0000","0.0000","0.0000","0.0000","0.0000","0.0000","WESTYE","","False","True","PULL1","00033","0.0100","2026-02-19 00:00:00","","","","2025-05-06 00:00:00","12:01:42:282","S00062666","","828441","36067","","Taken","90296553","","0"
"123329","","S00062666","2025-05-06 00:00:00","12:07:22:679","","","","19:37:04:253","2025-06-12 00:00:00","2026-02-19 00:00:00","","515.0000","0.0000","","","","515.0000","False","ALL","0.0000","0.0000","0.0000","0.0000","0.0000","0.0000","0.0000","0.0000","0.0000","0.0000","0.0000","","0.0000","Dollar","Dollar","Dollar","Dollar","Dollar","Dollar","Dollar","Dollar","Dollar","Dollar","0.0000","0.0000","0.0000","0.0000","0.0000","0.0000","0.0000","0.0000","0.0000","0.0000","WESTYE","","False","True","PULL1","00025","515.0000","2026-02-19 00:00:00","","","","2025-05-06 00:00:00","12:07:22:679","S00062666","","7025308","36067","","Taken","90296553","","0"
"123337","","S00062666","2025-05-06 00:00:00","12:04:18:368","","","","19:37:54:643","2025-06-12 00:00:00","2026-02-19 00:00:00","","144.0000","0.0000","","","","144.0000","False","ALL","0.0000","0.0000","0.0000","0.0000","0.0000","0.0000","0.0000","0.0000","0.0000","0.0000","0.0000","","0.0000","Dollar","Dollar","Dollar","Dollar","Dollar","Dollar","Dollar","Dollar","Dollar","Dollar","0.0000","0.0000","0.0000","0.0000","0.0000","0.0000","0.0000","0.0000","0.0000","0.0000","WESTYE","","False","True","PULL1","00137","144.0000","2026-02-19 00:00:00","","","","2025-05-06 00:00:00","12:04:18:368","S00062666","","9019420","36067","","Taken","90296553","","0"
"123343","","S00062666","2025-05-06 00:00:00","14:27:52:708","","","","19:37:29:16","2025-06-12 00:00:00","2026-02-19 00:00:00","","176.0000","0.0000","","","","176.0000","False","ALL","0.0000","0.0000","0.0000","0.0000","0.0000","0.0000","0.0000","0.0000","0.0000","0.0000","0.0000","","0.0000","Dollar","Dollar","Dollar","Dollar","Dollar","Dollar","Dollar","Dollar","Dollar","Dollar","0.0000","0.0000","0.0000","0.0000","0.0000","0.0000","0.0000","0.0000","0.0000","0.0000","WESTYE","","False","True","PULL1","00028","176.0000","2026-02-19 00:00:00","","","","2025-05-06 00:00:00","14:27:52:708","S00062666","","7026115","36067","","Taken","90296553","","0"
"123636","","S00062666","2026-04-22 00:00:00","08:05:51:650","","","","01:38:14:134","2025-12-11 00:00:00","2026-05-26 00:00:00","","2153.0000","0.0000","","","","2504.0000","False","ALL","0.0000","0.0000","0.0000","0.0000","0.0000","0.0000","0.0000","0.0000","0.0000","0.0000","0.0000","","0.0000","Dollar","Dollar","Dollar","Dollar","Dollar","Dollar","Dollar","Dollar","Dollar","Dollar","0.0000","0.0000","0.0000","0.0000","0.0000","0.0000","0.0000","0.0000","0.0000","0.0000","WESTYE","","False","True","PULL1","23320854","2153.0000","2026-02-26 00:00:00","","","","2026-04-22 00:00:00","08:05:51:650","S00062666","","DEU2450BG/L","37367","","Taken","90309998","","0"
"124018","","S00062666","2025-05-06 00:00:00","12:05:41:240","0.0000","","","19:38:02:722","2025-06-12 00:00:00","2026-03-05 00:00:00","","7421.0000","0.0000","","False","","7812.0000","False","ALL","0.0000","0.0000","0.0000","0.0000","0.0000","0.0000","0.0000","0.0000","0.0000","0.0000","0.0000","","0.0000","Dollar","Dollar","Dollar","Dollar","Dollar","Dollar","Dollar","Dollar","Dollar","Dollar","0.0000","0.0000","0.0000","0.0000","0.0000","0.0000","0.0000","0.0000","0.0000","0.0000","WESTYE","","False","True","PULL1","24629251","7421.0000","2026-03-05 00:00:00","","","","2025-05-06 00:00:00","12:05:41:240","S00062666","","DEC3050RID/R","36067","","Taken","90330190","","0"
"124025","","S00062666","2025-05-06 00:00:00","12:07:11:066","","","","19:38:29:348","2025-06-12 00:00:00","2026-03-05 00:00:00","","3835.0000","0.0000","","","","4037.0000","False","ALL","0.0000","0.0000","0.0000","0.0000","0.0000","0.0000","0.0000","0.0000","0.0000","0.0000","0.0000","","0.0000","Dollar","Dollar","Dollar","Dollar","Dollar","Dollar","Dollar","Dollar","Dollar","Dollar","0.0000","0.0000","0.0000","0.0000","0.0000","0.0000","0.0000","0.0000","0.0000","0.0000","WESTYE","","False","True","PULL1","24604066","3835.0000","2026-03-05 00:00:00","","","","2025-05-06 00:00:00","12:07:11:066","S00062666","","ID-30F","36067","","Taken","90330190","","0"
"124086","","S00065014","2026-09-21 00:00:00","09:15:26:843","","","","16:57:44:523","2026-02-06 00:00:00","2026-09-21 00:00:00","","2392.3200","0.0000","","","","2840.0000","False","ALL","0.0000","0.0000","0.0000","0.0000","0.0000","0.0000","0.0000","0.0000","0.0000","0.0000","0.0000","","0.0000","Dollar","Dollar","Dollar","Dollar","Dollar","Dollar","Dollar","Dollar","Dollar","Dollar","0.0000","0.0000","0.0000","0.0000","0.0000","0.0000","0.0000","0.0000","0.0000","0.0000","BSH","","False","True","PULL1","0051201942","2392.3200","2026-03-06 00:00:00","","","1899-12-30 00:00:00","2026-09-21 00:00:00","09:15:26:843","S00065014","","B36CT80SNS","P82","","Taken","2187176586","","0"
"124366","","R00015749","2026-09-16 00:00:00","15:52:13:616","0.0000","","","12:32:38:556","2026-01-31 00:00:00","2026-09-16 00:00:00","","1154.4800","0.0000","","False","","1215.2400","False","ALL","0.0000","0.0000","0.0000","0.0000","0.0000","0.0000","0.0000","0.0000","0.0000","0.0000","0.0000","","0.0000","Dollar","Dollar","Dollar","Dollar","Dollar","Dollar","Dollar","Dollar","Dollar","Dollar","0.0000","0.0000","0.0000","0.0000","0.0000","0.0000","0.0000","0.0000","0.0000","0.0000","MIELE","","False","True","PULL1","106970550","1154.4800","2026-03-13 00:00:00","","","","2026-09-16 00:00:00","15:52:13:616","R00015749","","11966820","37738","","Taken","2366606582","","0"
"124662","","S00062666","2025-05-06 00:00:00","12:02:55:306","","","","19:38:39:437","2025-06-12 00:00:00","2026-03-26 00:00:00","","1693.0000","0.0000","","","","1876.0000","False","ALL","0.0000","0.0000","0.0000","0.0000","0.0000","0.0000","0.0000","0.0000","0.0000","0.0000","0.0000","","0.0000","Dollar","Dollar","Dollar","Dollar","Dollar","Dollar","Dollar","Dollar","Dollar","Dollar","0.0000","0.0000","0.0000","0.0000","0.0000","0.0000","0.0000","0.0000","0.0000","0.0000","WESTYE","","False","True","PULL1","26406586","1693.0000","2026-03-26 00:00:00","","","","2025-05-06 00:00:00","12:02:55:306","S00062666","","MD24TE/S","36067","","Taken","90370557","","0"
"124793","","R00015685","2026-09-08 00:00:00","14:17:21:543","","","","09:59:11:010","2026-03-27 00:00:00","2026-09-18 00:00:00","","200.0000","0.0000","","","","200.0000","False","ALL","0.0000","0.0000","0.0000","0.0000","0.0000","0.0000","0.0000","0.0000","0.0000","0.0000","0.0000","","0.0000","Dollar","Dollar","Dollar","Dollar","Dollar","Dollar","Dollar","Dollar","Dollar","Dollar","0.0000","0.0000","0.0000","0.0000","0.0000","0.0000","0.0000","0.0000","0.0000","0.0000","GEC","","False","True","PULL1","SIAD942150G","200.0000","2026-03-27 00:00:00","","","1899-12-30 00:00:00","2026-09-08 00:00:00","14:17:21:543","R00015685","","GFP1528PTDS","P216","","Taken","183610187","","0"
"124839","","R00015685","2026-09-08 00:00:00","14:17:16:823","","","","09:59:11:010","2026-03-27 00:00:00","2026-09-08 00:00:00","","200.0000","0.0000","","","","200.0000","False","ALL","0.0000","0.0000","0.0000","0.0000","0.0000","0.0000","0.0000","0.0000","0.0000","0.0000","0.0000","","0.0000","Dollar","Dollar","Dollar","Dollar","Dollar","Dollar","Dollar","Dollar","Dollar","Dollar","0.0000","0.0000","0.0000","0.0000","0.0000","0.0000","0.0000","0.0000","0.0000","0.0000","GEC","","False","True","PULL1","SGAD952746G","200.0000","2026-03-27 00:00:00","","","1899-12-30 00:00:00","2026-09-08 00:00:00","14:17:16:823","R00015685","","GFP1528PTDS","P216","","Taken","183610187","","0"
"125961","","S00063457","2025-10-06 00:00:00","09:50:00:823","","","","10:51:04:130","2026-05-04 00:00:00","2026-05-12 00:00:00","","4140.5900","0.0000","","","","4759.3000","False","ALL","0.0000","0.0000","0.0000","0.0000","0.0000","0.0000","0.0000","0.0000","0.0000","0.0000","0.0000","","0.0000","Dollar","Dollar","Dollar","Dollar","Dollar","Dollar","Dollar","Dollar","Dollar","Dollar","0.0000","0.0000","0.0000","0.0000","0.0000","0.0000","0.0000","0.0000","0.0000","0.0000","FISHERPAYK","","False","True","PULL1","RSV502218","4140.5900","2026-05-12 00:00:00","","","","2025-10-06 00:00:00","09:50:00:823","S00063457","","OR36SCG4X1","38355","","Taken","13764223","","0"
"126079","","S00063457","2025-10-06 00:00:00","09:51:33:594","","","","10:50:46:355","2026-05-04 00:00:00","2026-05-14 00:00:00","","3348.8900","0.0000","","","","3849.3000","False","ALL","0.0000","0.0000","0.0000","0.0000","0.0000","0.0000","0.0000","0.0000","0.0000","0.0000","0.0000","","0.0000","Dollar","Dollar","Dollar","Dollar","Dollar","Dollar","Dollar","Dollar","Dollar","Dollar","0.0000","0.0000","0.0000","0.0000","0.0000","0.0000","0.0000","0.0000","0.0000","0.0000","FISHERPAYK","","False","True","PULL1","RIV340304","3348.8900","2026-05-14 00:00:00","","","","2025-10-06 00:00:00","09:51:33:594","S00063457","","OB30SPPTX3","38355","","Taken","13771079","","0"
"126418","","R00015774","2026-09-21 00:00:00","09:17:16:994","","","","16:02:21:566","2025-10-30 00:00:00","2026-09-21 00:00:00","","982.0000","0.0000","","","","953.0000","False","ALL","0.0000","0.0000","0.0000","0.0000","0.0000","0.0000","0.0000","0.0000","0.0000","0.0000","0.0000","","0.0000","Dollar","Dollar","Dollar","Dollar","Dollar","Dollar","Dollar","Dollar","Dollar","Dollar","0.0000","0.0000","0.0000","0.0000","0.0000","0.0000","0.0000","0.0000","0.0000","0.0000","OROURKE","","False","True","PULL1","2604042858","982.0000","2026-05-27 00:00:00","","","1899-12-30 00:00:00","2026-09-21 00:00:00","09:17:16:994","R00015774","","DR5004WE","37094","","Taken","1239803203","","0"
"126434","","R00015685","2026-09-08 00:00:00","13:31:14:109","","","","14:52:52:471","2026-05-22 00:00:00","2026-09-08 00:00:00","","3434.0000","0.0000","","","","3434.0000","False","ALL","0.0000","0.0000","0.0000","0.0000","0.0000","0.0000","0.0000","0.0000","0.0000","0.0000","0.0000","","0.0000","Dollar","Dollar","Dollar","Dollar","Dollar","Dollar","Dollar","Dollar","Dollar","Dollar","0.0000","0.0000","0.0000","0.0000","0.0000","0.0000","0.0000","0.0000","0.0000","0.0000","GEC","","False","True","PULL1","RA152602","3434.0000","2026-05-28 00:00:00","","","","2026-09-08 00:00:00","13:31:14:109","R00015685","","CHE23DM5WS5","38512","","Taken","184930182","","0"
"126441","","S00063457","2025-10-06 00:00:00","10:12:05:001","","","","10:50:30:294","2026-05-04 00:00:00","2026-05-28 00:00:00","","1369.6400","0.0000","","","","1574.3000","False","ALL","0.0000","0.0000","0.0000","0.0000","0.0000","0.0000","0.0000","0.0000","0.0000","0.0000","0.0000","","0.0000","Dollar","Dollar","Dollar","Dollar","Dollar","Dollar","Dollar","Dollar","Dollar","Dollar","0.0000","0.0000","0.0000","0.0000","0.0000","0.0000","0.0000","0.0000","0.0000","0.0000","FISHERPAYK","","False","True","PULL1","RSV605259","1369.6400","2026-05-28 00:00:00","","","","2025-10-06 00:00:00","10:12:05:001","S00063457","","DD24DTI9 N","38355","","Taken","13788152","","0"
"126522","","S00063457","2025-10-06 00:00:00","09:52:01:681","","","","21:03:54:748","2026-05-27 00:00:00","2026-06-03 00:00:00","","850.0000","0.0000","","","","1148.0000","False","ALL","0.0000","0.0000","0.0000","0.0000","0.0000","0.0000","0.0000","0.0000","0.0000","0.0000","0.0000","","0.0000","Dollar","Dollar","Dollar","Dollar","Dollar","Dollar","Dollar","Dollar","Dollar","Dollar","0.0000","0.0000","0.0000","0.0000","0.0000","0.0000","0.0000","0.0000","0.0000","0.0000","GEC","","False","True","PULL1","SYDD702876P","850.0000","2026-06-03 00:00:00","","","","2025-10-06 00:00:00","09:52:01:681","S00063457","","PDD415PYYFS","38543","","Taken","184999907","","0"
"126730","","S00063457","2025-10-06 00:00:00","09:53:40:291","","","","09:58:51:898","2026-06-12 00:00:00","2026-06-17 00:00:00","","2210.8800","0.0000","","","","2352.0000","False","ALL","0.0000","0.0000","0.0000","0.0000","0.0000","0.0000","0.0000","0.0000","0.0000","0.0000","0.0000","","0.0000","Dollar","Dollar","Dollar","Dollar","Dollar","Dollar","Dollar","Dollar","Dollar","Dollar","0.0000","0.0000","0.0000","0.0000","0.0000","0.0000","0.0000","0.0000","0.0000","0.0000","ALMO","","False","True","PULL1","1328700JAA","2210.8800","2026-06-17 00:00:00","","","","2025-10-06 00:00:00","09:53:40:291","S00063457","","PRRFD24C2AP","38652","","Taken","ML99390","","0"
"126922","","R00015683","2026-09-08 00:00:00","09:59:00:722","0.0000","","","18:41:59:808","2026-01-29 00:00:00","2026-09-08 00:00:00","","1845.0000","0.0000","","False","","1995.0000","False","ALL","0.0000","0.0000","0.0000","0.0000","0.0000","0.0000","0.0000","0.0000","0.0000","0.0000","0.0000","","0.0000","Dollar","Dollar","Dollar","Dollar","Dollar","Dollar","Dollar","Dollar","Dollar","Dollar","0.0000","0.0000","0.0000","0.0000","0.0000","0.0000","0.0000","0.0000","0.0000","0.0000","WESTYE","","False","True","PULL1","20212375","1845.0000","2026-06-24 00:00:00","","","","2026-09-08 00:00:00","09:59:00:722","R00015683","","DW2451","37727","","Taken","90535375","","0"
"127074","","S00063457","2025-10-06 00:00:00","10:18:54:144","","","","18:02:27:695","2026-06-26 00:00:00","2026-08-05 00:00:00","","595.0000","0.0000","","","","664.0000","False","ALL","0.0000","0.0000","0.0000","0.0000","0.0000","0.0000","0.0000","0.0000","0.0000","0.0000","0.0000","","0.0000","Dollar","Dollar","Dollar","Dollar","Dollar","Dollar","Dollar","Dollar","Dollar","Dollar","0.0000","0.0000","0.0000","0.0000","0.0000","0.0000","0.0000","0.0000","0.0000","0.0000","LGEUS","","False","True","PULL1","507TNPC3P064","595.0000","2026-06-30 00:00:00","","","","2025-10-06 00:00:00","10:18:54:144","S00063457","","DLEX4000W","38697","","Taken","IN28871279","","0"
"127131","","R00015699","2026-09-09 00:00:00","16:45:41:683","","","","16:55:43:706","2026-06-16 00:00:00","2026-09-14 00:00:00","","242.0000","0.0000","","","","242.0000","False","ALL","0.0000","0.0000","0.0000","0.0000","0.0000","0.0000","0.0000","0.0000","0.0000","0.0000","0.0000","","0.0000","Dollar","Dollar","Dollar","Dollar","Dollar","Dollar","Dollar","Dollar","Dollar","Dollar","0.0000","0.0000","0.0000","0.0000","0.0000","0.0000","0.0000","0.0000","0.0000","0.0000","WESTYE","","False","True","PULL1","00002","242.0000","2026-07-02 00:00:00","","","","2026-09-09 00:00:00","16:45:41:683","R00015699","","7043090","X142","","Taken","90548939","","0"
"127255","","S00063457","2025-10-06 00:00:00","09:50:28:687","","","","17:47:33:944","2026-07-01 00:00:00","2026-07-09 00:00:00","","582.8000","0.0000","","","","620.0000","False","ALL","0.0000","0.0000","0.0000","0.0000","0.0000","0.0000","0.0000","0.0000","0.0000","0.0000","0.0000","","0.0000","Dollar","Dollar","Dollar","Dollar","Dollar","Dollar","Dollar","Dollar","Dollar","Dollar","0.0000","0.0000","0.0000","0.0000","0.0000","0.0000","0.0000","0.0000","0.0000","0.0000","ALMO","","False","True","PULL1","1055822BAE","582.8000","2026-07-09 00:00:00","","","","2025-10-06 00:00:00","09:50:28:687","S00063457","","AK8134BS","38791","","Taken","MM25680","","0"
"127258","","S00063457","2025-10-06 00:00:00","09:52:40:681","","","","17:47:41:134","2026-07-01 00:00:00","2026-07-09 00:00:00","","1934.5200","0.0000","","","","2058.0000","False","ALL","0.0000","0.0000","0.0000","0.0000","0.0000","0.0000","0.0000","0.0000","0.0000","0.0000","0.0000","","0.0000","Dollar","Dollar","Dollar","Dollar","Dollar","Dollar","Dollar","Dollar","Dollar","Dollar","0.0000","0.0000","0.0000","0.0000","0.0000","0.0000","0.0000","0.0000","0.0000","0.0000","ALMO","","False","True","PULL1","1330905JAG","1934.5200","2026-07-09 00:00:00","","","","2025-10-06 00:00:00","09:52:40:681","S00063457","","PRRD24C2AP","38791","","Taken","MM25680","","0"
"127260","","S00063457","2025-10-06 00:00:00","09:52:58:231","","","","17:47:53:823","2026-07-01 00:00:00","2026-07-09 00:00:00","","1321.6400","0.0000","","","","1406.0000","False","ALL","0.0000","0.0000","0.0000","0.0000","0.0000","0.0000","0.0000","0.0000","0.0000","0.0000","0.0000","","0.0000","Dollar","Dollar","Dollar","Dollar","Dollar","Dollar","Dollar","Dollar","Dollar","Dollar","0.0000","0.0000","0.0000","0.0000","0.0000","0.0000","0.0000","0.0000","0.0000","0.0000","ALMO","","False","True","PULL1","1331001JAG","1321.6400","2026-07-09 00:00:00","","","","2025-10-06 00:00:00","09:52:58:231","S00063457","","PRW24C02CPG","38791","","Taken","MM25680","","0"
"127356","","S00063457","2026-01-29 00:00:00","16:34:50:555","","","","22:59:40:819","2026-03-16 00:00:00","2026-07-16 00:00:00","","2720.0000","0.0000","","","","2720.0000","False","ALL","0.0000","0.0000","0.0000","0.0000","0.0000","0.0000","0.0000","0.0000","0.0000","0.0000","0.0000","","0.0000","Dollar","Dollar","Dollar","Dollar","Dollar","Dollar","Dollar","Dollar","Dollar","Dollar","0.0000","0.0000","0.0000","0.0000","0.0000","0.0000","0.0000","0.0000","0.0000","0.0000","WESTYE","","False","True","PULL1","26061320015325","2720.0000","2026-07-16 00:00:00","","","","2026-01-29 00:00:00","16:34:50:555","S00063457","","SRCP035A-1SU","38018","","Taken","90572357","","0"
"127373","","AC00010530","2026-07-16 00:00:00","18:20:38:677","0.0000","","","08:23:47:112","2026-07-10 00:00:00","","AC Jose is taking for his job 07/22/26- ogg AC00010530","244.0000","0.0000","","False","","244.0000","False","ALL","0.0000","0.0000","0.0000","0.0000","0.0000","0.0000","0.0000","0.0000","0.0000","0.0000","0.0000","","0.0000","Dollar","Dollar","Dollar","Dollar","Dollar","Dollar","Dollar","Dollar","Dollar","Dollar","0.0000","0.0000","0.0000","0.0000","0.0000","0.0000","0.0000","0.0000","0.0000","0.0000","WESTYE","","False","True","CONT1-C","00012","244.0000","2026-07-16 00:00:00","","","","2026-07-16 00:00:00","18:20:38:677","AC00010530","","MD10TU","38855","","Taken","90572368","","0"
"127414","","R00015563","2026-08-24 00:00:00","12:50:07:361","0.0000","","","16:43:08:886","2026-07-15 00:00:00","2026-09-03 00:00:00","","1105.4400","0.0000","","False","","1176.0000","False","ALL","0.0000","0.0000","0.0000","0.0000","0.0000","0.0000","0.0000","0.0000","0.0000","0.0000","0.0000","","0.0000","Dollar","Dollar","Dollar","Dollar","Dollar","Dollar","Dollar","Dollar","Dollar","Dollar","0.0000","0.0000","0.0000","0.0000","0.0000","0.0000","0.0000","0.0000","0.0000","0.0000","ALMO","","False","True","PULL1","2016696JAG","1105.4400","2026-07-20 00:00:00","","","","2026-08-24 00:00:00","12:50:07:361","R00015563","","PRB24C01CG","38899","","Taken","MM45390","","0"
"127549","","R00015699","2026-09-09 00:00:00","16:46:06:748","","","","14:59:46:464","2026-07-21 00:00:00","2026-09-09 00:00:00","","28.0500","0.0000","","","","33.0000","False","ALL","0.0000","0.0000","0.0000","0.0000","0.0000","0.0000","0.0000","0.0000","0.0000","0.0000","0.0000","","0.0000","Dollar","Dollar","Dollar","Dollar","Dollar","Dollar","Dollar","Dollar","Dollar","Dollar","0.0000","0.0000","0.0000","0.0000","0.0000","0.0000","0.0000","0.0000","0.0000","0.0000","WP001","","False","True","PULL1","00101","28.0500","2026-07-27 00:00:00","","","1899-12-30 00:00:00","2026-09-09 00:00:00","16:46:06:748","R00015699","","F2WC9I1","38929","1","Taken","8113210817","","0"
"127753","","R00015699","2026-09-09 00:00:00","16:44:59:167","","","","16:54:46:867","2026-06-16 00:00:00","2026-09-14 00:00:00","","4680.0000","0.0000","","","","4680.0000","False","ALL","0.0000","0.0000","0.0000","0.0000","0.0000","0.0000","0.0000","0.0000","0.0000","0.0000","0.0000","","0.0000","Dollar","Dollar","Dollar","Dollar","Dollar","Dollar","Dollar","Dollar","Dollar","Dollar","0.0000","0.0000","0.0000","0.0000","0.0000","0.0000","0.0000","0.0000","0.0000","0.0000","WESTYE","","False","True","PULL1","40000745","4680.0000","2026-07-30 00:00:00","","","","2026-09-09 00:00:00","16:44:59:167","R00015699","","DEU1550IP/R","X142","","Taken","90595420","","0"
"127811","","R00015757","2026-09-17 00:00:00","14:06:31:090","","","","23:29:10:141","2026-07-26 00:00:00","2026-09-17 00:00:00","","626.0000","0.0000","","","","961.0000","False","ALL","0.0000","0.0000","0.0000","0.0000","0.0000","0.0000","0.0000","0.0000","0.0000","0.0000","0.0000","","0.0000","Dollar","Dollar","Dollar","Dollar","Dollar","Dollar","Dollar","Dollar","Dollar","Dollar","0.0000","0.0000","0.0000","0.0000","0.0000","0.0000","0.0000","0.0000","0.0000","0.0000","WP001","","False","True","PULL1","FF3001053","626.0000","2026-07-31 00:00:00","","","","2026-09-17 00:00:00","14:06:31:090","R00015757","","KDTS434SPS","39001","1","Taken","8113349046","","0"
"127832","","R00015682","2026-09-08 00:00:00","11:17:40:585","","","","23:29:10:141","2026-07-26 00:00:00","2026-09-18 00:00:00","","626.0000","0.0000","","","","961.0000","False","ALL","0.0000","0.0000","0.0000","0.0000","0.0000","0.0000","0.0000","0.0000","0.0000","0.0000","0.0000","","0.0000","Dollar","Dollar","Dollar","Dollar","Dollar","Dollar","Dollar","Dollar","Dollar","Dollar","0.0000","0.0000","0.0000","0.0000","0.0000","0.0000","0.0000","0.0000","0.0000","0.0000","WP001","","False","True","PULL1","FF2901555","626.0000","2026-08-04 00:00:00","","","1899-12-30 00:00:00","2026-09-08 00:00:00","11:17:40:585","R00015682","","KDTS434SPS","39001","1","Taken","8113407586","","0"
"127868","","S00062666","2025-05-29 00:00:00","08:06:48:720","","","","10:24:46:734","2026-07-28 00:00:00","2026-08-06 00:00:00","","1090.0000","0.0000","","","","1268.0000","False","ALL","0.0000","0.0000","0.0000","0.0000","0.0000","0.0000","0.0000","0.0000","0.0000","0.0000","0.0000","","0.0000","Dollar","Dollar","Dollar","Dollar","Dollar","Dollar","Dollar","Dollar","Dollar","Dollar","0.0000","0.0000","0.0000","0.0000","0.0000","0.0000","0.0000","0.0000","0.0000","0.0000","WESTYE","","False","True","PULL1","22454559","1090.0000","2026-08-06 00:00:00","","","","2025-05-29 00:00:00","08:06:48:720","S00062666","","PL462212","38974","","Taken","90607602","","0"
"127914","","AC00010557","2026-08-04 00:00:00","07:57:46:311","","","","15:02:47:45","2026-08-04 00:00:00","2026-08-06 00:00:00","","210.0100","0.0000","","","","194.0000","False","ALL","0.0000","0.0000","0.0000","0.0000","0.0000","0.0000","0.0000","0.0000","0.0000","0.0000","0.0000","","0.0000","Dollar","Dollar","Dollar","Dollar","Dollar","Dollar","Dollar","Dollar","Dollar","Dollar","0.0000","0.0000","0.0000","0.0000","0.0000","0.0000","0.0000","0.0000","0.0000","0.0000","TRANE","","False","True","","263011108D","210.0100","2026-08-06 00:00:00","","","","2026-08-04 00:00:00","07:57:46:311","AC00010557","06","FIAOPTN001A","39061","","Taken","70134141","","0"
"128014","","R00015680","2026-09-08 00:00:00","11:21:24:457","","","","18:14:24:899","2026-08-03 00:00:00","2026-09-08 00:00:00","","1527.0200","0.0000","","","","1574.2500","False","ALL","0.0000","0.0000","0.0000","0.0000","0.0000","0.0000","0.0000","0.0000","0.0000","0.0000","0.0000","","0.0000","Dollar","Dollar","Dollar","Dollar","Dollar","Dollar","Dollar","Dollar","Dollar","Dollar","0.0000","0.0000","0.0000","0.0000","0.0000","0.0000","0.0000","0.0000","0.0000","0.0000","MIELE","","False","True","PULL1","211009264","1527.0200","2026-08-12 00:00:00","","","1899-12-30 00:00:00","2026-09-08 00:00:00","11:21:24:457","R00015680","","11695340","39050","","Taken","2366782739","","0"
"128033","","S00064805","2026-08-10 00:00:00","09:16:26:807","","","","10:00:46:495","2026-08-11 00:00:00","2026-08-13 00:00:00","","66.0000","0.0000","","","","66.0000","False","ALL","0.0000","0.0000","0.0000","0.0000","0.0000","0.0000","0.0000","0.0000","0.0000","0.0000","0.0000","","0.0000","Dollar","Dollar","Dollar","Dollar","Dollar","Dollar","Dollar","Dollar","Dollar","Dollar","0.0000","0.0000","0.0000","0.0000","0.0000","0.0000","0.0000","0.0000","0.0000","0.0000","WESTYE","","False","True","PULL1","00008","66.0000","2026-08-13 00:00:00","","","","2026-08-10 00:00:00","09:16:26:807","S00064805","","9022609","39102","","Taken","90618584","","0"
"128045","","S00063457","2025-10-06 00:00:00","10:18:36:350","","","","09:50:13:174","2026-08-07 00:00:00","2026-09-04 00:00:00","","595.0000","0.0000","","","","652.0000","False","ALL","0.0000","0.0000","0.0000","0.0000","0.0000","0.0000","0.0000","0.0000","0.0000","0.0000","0.0000","","0.0000","Dollar","Dollar","Dollar","Dollar","Dollar","Dollar","Dollar","Dollar","Dollar","Dollar","0.0000","0.0000","0.0000","0.0000","0.0000","0.0000","0.0000","0.0000","0.0000","0.0000","LGEUS","","False","True","PULL1","512MWVC03943","595.0000","2026-08-13 00:00:00","","","1899-12-30 00:00:00","2025-10-06 00:00:00","10:18:36:350","S00063457","","WM4000HWA","39084","","Taken","IN29264766","","0"
"128046","","R00015679","2026-09-08 00:00:00","09:36:14:659","","","","09:50:13:174","2026-08-07 00:00:00","2026-09-08 00:00:00","","595.0000","0.0000","","","","652.0000","False","ALL","0.0000","0.0000","0.0000","0.0000","0.0000","0.0000","0.0000","0.0000","0.0000","0.0000","0.0000","","0.0000","Dollar","Dollar","Dollar","Dollar","Dollar","Dollar","Dollar","Dollar","Dollar","Dollar","0.0000","0.0000","0.0000","0.0000","0.0000","0.0000","0.0000","0.0000","0.0000","0.0000","LGEUS","","False","True","PULL1","512MWBL03941","595.0000","2026-08-13 00:00:00","","","1899-12-30 00:00:00","2026-09-08 00:00:00","09:36:14:659","R00015679","","WM4000HWA","39084","","Taken","IN29264766","","0"
"128051","","S00063457","2025-10-06 00:00:00","10:18:19:086","0.0000","","","14:54:49:567","2026-08-06 00:00:00","2026-09-04 00:00:00","","1234.0000","0.0000","","False","","1329.0000","False","ALL","0.0000","0.0000","0.0000","0.0000","0.0000","0.0000","0.0000","0.0000","0.0000","0.0000","0.0000","","0.0000","Dollar","Dollar","Dollar","Dollar","Dollar","Dollar","Dollar","Dollar","Dollar","Dollar","0.0000","0.0000","0.0000","0.0000","0.0000","0.0000","0.0000","0.0000","0.0000","0.0000","LGEUS","","False","True","PULL1","508TNTQ43737","1234.0000","2026-08-13 00:00:00","","","","2025-10-06 00:00:00","10:18:19:086","S00063457","","WKEX200HWA","39079","","Taken","IN29264764","","0"
"128120","","AC00010564-1","2026-08-19 00:00:00","16:07:44:058","","","","15:18:55:163","2026-08-11 00:00:00","","","198.6200","0.0000","","","","183.4800","False","ALL","0.0000","0.0000","0.0000","0.0000","0.0000","0.0000","0.0000","0.0000","0.0000","0.0000","0.0000","","0.0000","Dollar","Dollar","Dollar","Dollar","Dollar","Dollar","Dollar","Dollar","Dollar","Dollar","0.0000","0.0000","0.0000","0.0000","0.0000","0.0000","0.0000","0.0000","0.0000","0.0000","TRANE","","False","True","T","00057","198.6200","2026-08-13 00:00:00","","","1899-12-30 00:00:00","2026-08-19 00:00:00","16:07:44:058","AC00010564-1","06","EQBFM235A1AH11","39108","0","Taken","70150918","","0"
"128126","","AC00010564-1","2026-08-25 00:00:00","08:11:59:424","","","","15:17:34:306","2026-08-11 00:00:00","","","672.3900","0.0000","","","","621.1500","False","ALL","0.0000","0.0000","0.0000","0.0000","0.0000","0.0000","0.0000","0.0000","0.0000","0.0000","0.0000","","0.0000","Dollar","Dollar","Dollar","Dollar","Dollar","Dollar","Dollar","Dollar","Dollar","Dollar","0.0000","0.0000","0.0000","0.0000","0.0000","0.0000","0.0000","0.0000","0.0000","0.0000","TRANE","","False","True","T","2619K813RX","672.3900","2026-08-13 00:00:00","","","1899-12-30 00:00:00","2026-08-25 00:00:00","08:11:59:424","AC00010564-1","06","TLINK360A2VVUI","39108","","Taken","70150918","","0"
"128127","","AC00010565-1","2026-08-23 00:00:00","09:02:04:581","","","","16:50:32:667","2026-08-13 00:00:00","2026-08-24 00:00:00","","200.2600","0.0000","","","","189.6300","False","ALL","0.0000","0.0000","0.0000","0.0000","0.0000","0.0000","0.0000","0.0000","0.0000","0.0000","0.0000","","0.0000","Dollar","Dollar","Dollar","Dollar","Dollar","Dollar","Dollar","Dollar","Dollar","Dollar","0.0000","0.0000","0.0000","0.0000","0.0000","0.0000","0.0000","0.0000","0.0000","0.0000","TRANE","","False","True","","2606B2AN7X","200.2600","2026-08-14 00:00:00","","","","2026-08-23 00:00:00","09:02:04:581","AC00010565-1","06","BAYEA2315BK1A","39108","A","Taken","70150918","","0"
"128166","","R00015162-1","2026-07-13 00:00:00","12:31:19:526","","","","22:18:22:859","2026-08-11 00:00:00","2026-08-18 00:00:00","","160.0000","0.0000","","","","160.0000","False","ALL","0.0000","0.0000","0.0000","0.0000","0.0000","0.0000","0.0000","0.0000","0.0000","0.0000","0.0000","","0.0000","Dollar","Dollar","Dollar","Dollar","Dollar","Dollar","Dollar","Dollar","Dollar","Dollar","0.0000","0.0000","0.0000","0.0000","0.0000","0.0000","0.0000","0.0000","0.0000","0.0000","GEC","","False","True","PULL1","SRMD168423G","160.0000","2026-08-18 00:00:00","","","","2026-07-13 00:00:00","12:31:19:526","R00015162-1","","GFR0728PTDS","39113","","Taken","186693501","","0"
"128167","","R00015162-1","2026-07-13 00:00:00","12:30:01:091","","","","22:18:22:858","2026-08-11 00:00:00","2026-08-18 00:00:00","","160.0000","0.0000","","","","160.0000","False","ALL","0.0000","0.0000","0.0000","0.0000","0.0000","0.0000","0.0000","0.0000","0.0000","0.0000","0.0000","","0.0000","Dollar","Dollar","Dollar","Dollar","Dollar","Dollar","Dollar","Dollar","Dollar","Dollar","0.0000","0.0000","0.0000","0.0000","0.0000","0.0000","0.0000","0.0000","0.0000","0.0000","GEC","","False","True","PULL1","SPMD168425G","160.0000","2026-08-18 00:00:00","","","","2026-07-13 00:00:00","12:30:01:091","R00015162-1","","GFR0728PTDS","39113","","Taken","186693501","","0"
"128169","","S00063457","2025-10-06 00:00:00","09:54:51:141","","","","10:24:15:487","2026-07-23 00:00:00","2026-08-18 00:00:00","","1499.0000","0.0000","","","","1499.0000","False","ALL","0.0000","0.0000","0.0000","0.0000","0.0000","0.0000","0.0000","0.0000","0.0000","0.0000","0.0000","","0.0000","Dollar","Dollar","Dollar","Dollar","Dollar","Dollar","Dollar","Dollar","Dollar","Dollar","0.0000","0.0000","0.0000","0.0000","0.0000","0.0000","0.0000","0.0000","0.0000","0.0000","GEC","","False","True","PULL1","SWGD700803","1499.0000","2026-08-18 00:00:00","","","","2025-10-06 00:00:00","09:54:51:141","S00063457","","GBE17HYRFS","38942","","Taken","186693498","","0"
"128191","","R00015721","2026-09-12 00:00:00","13:29:36:699","","","","12:02:03:052","2026-06-30 00:00:00","2026-09-12 00:00:00","","1850.0000","0.0000","","","","1850.0000","False","ALL","0.0000","0.0000","0.0000","0.0000","0.0000","0.0000","0.0000","0.0000","0.0000","0.0000","0.0000","","0.0000","Dollar","Dollar","Dollar","Dollar","Dollar","Dollar","Dollar","Dollar","Dollar","Dollar","0.0000","0.0000","0.0000","0.0000","0.0000","0.0000","0.0000","0.0000","0.0000","0.0000","WP001","","False","True","PULL1","UF2903435","1850.0000","2026-08-18 00:00:00","","","","2026-09-12 00:00:00","13:29:36:699","R00015721","","KUID518SPS","38774","00","Taken","8113654814","","0"
"128244","","AC00010564-1","2026-08-19 00:00:00","16:05:57:787","","","","16:13:27:171","2026-08-19 00:00:00","2026-08-20 00:00:00","","5098.4500","0.0000","","","","4709.8800","False","ALL","0.0000","0.0000","0.0000","0.0000","0.0000","0.0000","0.0000","0.0000","0.0000","0.0000","0.0000","","0.0000","Dollar","Dollar","Dollar","Dollar","Dollar","Dollar","Dollar","Dollar","Dollar","Dollar","0.0000","0.0000","0.0000","0.0000","0.0000","0.0000","0.0000","0.0000","0.0000","0.0000","TRANE","","False","True","T","26283271JF","5098.4500","2026-08-20 00:00:00","","","","2026-08-19 00:00:00","16:05:57:787","AC00010564-1","06","5TWV8X48A1000","39159","B","Taken","70168508","","0"
"128245","","AC00010564-1","2026-08-19 00:00:00","16:05:57:789","","","","16:14:06:348","2026-08-19 00:00:00","2026-08-20 00:00:00","","200.2600","0.0000","","","","189.6300","False","ALL","0.0000","0.0000","0.0000","0.0000","0.0000","0.0000","0.0000","0.0000","0.0000","0.0000","0.0000","","0.0000","Dollar","Dollar","Dollar","Dollar","Dollar","Dollar","Dollar","Dollar","Dollar","Dollar","0.0000","0.0000","0.0000","0.0000","0.0000","0.0000","0.0000","0.0000","0.0000","0.0000","TRANE","","False","True","T","2602B2DSYX","200.2600","2026-08-20 00:00:00","","","","2026-08-19 00:00:00","16:05:57:789","AC00010564-1","06","BAYEA2315BK1A","39159","A","Taken","70168508","","0"
"128261","","S00064791","2026-08-05 00:00:00","15:01:13:649","","","","17:03:02:275","2026-08-05 00:00:00","2026-08-25 00:00:00","","75.0000","0.0000","","","","75.0000","False","ALL","0.0000","0.0000","0.0000","0.0000","0.0000","0.0000","0.0000","0.0000","0.0000","0.0000","0.0000","","0.0000","Dollar","Dollar","Dollar","Dollar","Dollar","Dollar","Dollar","Dollar","Dollar","Dollar","0.0000","0.0000","0.0000","0.0000","0.0000","0.0000","0.0000","0.0000","0.0000","0.0000","WP001","","False","True","PULL1","00013","75.0000","2026-08-25 00:00:00","","","","2026-08-05 00:00:00","15:01:13:649","S00064791","","MTK2227PZ","39071","00","Taken","8113770928","","0"
"128285","","AC00010557","2026-08-04 00:00:00","07:51:44:387","","","","15:02:31:971","2026-08-04 00:00:00","2026-08-26 00:00:00","","725.2800","0.0000","","","","670.0000","False","ALL","0.0000","0.0000","0.0000","0.0000","0.0000","0.0000","0.0000","0.0000","0.0000","0.0000","0.0000","","0.0000","Dollar","Dollar","Dollar","Dollar","Dollar","Dollar","Dollar","Dollar","Dollar","Dollar","0.0000","0.0000","0.0000","0.0000","0.0000","0.0000","0.0000","0.0000","0.0000","0.0000","TRANE","","False","True","T","263411626L","725.2800","2026-08-26 00:00:00","","","","2026-08-04 00:00:00","07:51:44:387","AC00010557","06","FIAEHWB318A","39061","A","Taken","70167695","","0"
"128317","","R00015670","2026-09-05 00:00:00","12:23:57:547","","","","21:34:40:889","2026-08-11 00:00:00","2026-09-05 00:00:00","","906.9500","0.0000","","","","1151.0000","False","ALL","0.0000","0.0000","0.0000","0.0000","0.0000","0.0000","0.0000","0.0000","0.0000","0.0000","0.0000","","0.0000","Dollar","Dollar","Dollar","Dollar","Dollar","Dollar","Dollar","Dollar","Dollar","Dollar","0.0000","0.0000","0.0000","0.0000","0.0000","0.0000","0.0000","0.0000","0.0000","0.0000","GEC","","False","True","PULL1","SNRD137986Q","906.9500","2026-08-26 00:00:00","","","1899-12-30 00:00:00","2026-09-05 00:00:00","12:23:57:547","R00015670","","PHS700AYFS","39112","","Taken","186794821","","0"
"128329","","S00064706-3","2026-07-20 00:00:00","15:45:39:805","","","","10:05:35:181","2026-07-28 00:00:00","2026-08-27 00:00:00","","94.0000","0.0000","","","","94.0000","False","ALL","0.0000","0.0000","0.0000","0.0000","0.0000","0.0000","0.0000","0.0000","0.0000","0.0000","0.0000","","0.0000","Dollar","Dollar","Dollar","Dollar","Dollar","Dollar","Dollar","Dollar","Dollar","Dollar","0.0000","0.0000","0.0000","0.0000","0.0000","0.0000","0.0000","0.0000","0.0000","0.0000","WESTYE","","False","True","PULL1","00003","94.0000","2026-08-27 00:00:00","","","","2026-07-20 00:00:00","15:45:39:805","S00064706-3","","9056786","38972","","Taken","90642452","","0"
"128344","","S00064706-3","2026-07-20 00:00:00","15:45:51:777","","","","10:05:28:620","2026-07-28 00:00:00","2026-08-27 00:00:00","","0.0100","0.0000","","","","0.0000","False","ALL","0.0000","0.0000","0.0000","0.0000","0.0000","0.0000","0.0000","0.0000","0.0000","0.0000","0.0000","","0.0000","Dollar","Dollar","Dollar","Dollar","Dollar","Dollar","Dollar","Dollar","Dollar","Dollar","0.0000","0.0000","0.0000","0.0000","0.0000","0.0000","0.0000","0.0000","0.0000","0.0000","WESTYE","","False","True","PULL1","00007","0.0100","2026-08-27 00:00:00","","","","2026-07-20 00:00:00","15:45:51:777","S00064706-3","","828439","38972","","Taken","90642452","","0"
"128363","","AC00010564-1","2026-08-19 00:00:00","16:05:57:788","","","","16:13:48:849","2026-08-19 00:00:00","2026-08-27 00:00:00","","2665.1800","0.0000","","","","2462.0500","False","ALL","0.0000","0.0000","0.0000","0.0000","0.0000","0.0000","0.0000","0.0000","0.0000","0.0000","0.0000","","0.0000","Dollar","Dollar","Dollar","Dollar","Dollar","Dollar","Dollar","Dollar","Dollar","Dollar","0.0000","0.0000","0.0000","0.0000","0.0000","0.0000","0.0000","0.0000","0.0000","0.0000","TRANE","","False","True","T","26261PBW1V","2665.1800","2026-08-27 00:00:00","","","","2026-08-19 00:00:00","16:05:57:788","AC00010564-1","06","5TAMXD06AV41D","39159","B","Taken","70183788","","0"
"128381","","R00015699","2026-09-09 00:00:00","16:46:06:358","","","","12:42:33:716","2026-08-19 00:00:00","2026-09-09 00:00:00","","1813.0000","0.0000","","","","1813.0000","False","ALL","0.0000","0.0000","0.0000","0.0000","0.0000","0.0000","0.0000","0.0000","0.0000","0.0000","0.0000","","0.0000","Dollar","Dollar","Dollar","Dollar","Dollar","Dollar","Dollar","Dollar","Dollar","Dollar","0.0000","0.0000","0.0000","0.0000","0.0000","0.0000","0.0000","0.0000","0.0000","0.0000","WP001","","False","True","PULL1","UF3104665","1813.0000","2026-08-28 00:00:00","","","1899-12-30 00:00:00","2026-09-09 00:00:00","16:46:06:358","R00015699","","KUIX515SPS","38335","00","Taken","8113835108","","0"
"128405","","AC00010565-1","2026-08-23 00:00:00","09:02:04:580","","","","16:35:49:157","2026-08-24 00:00:00","2026-09-01 00:00:00","","2665.1700","0.0000","","","","2462.0500","False","ALL","0.0000","0.0000","0.0000","0.0000","0.0000","0.0000","0.0000","0.0000","0.0000","0.0000","0.0000","","0.0000","Dollar","Dollar","Dollar","Dollar","Dollar","Dollar","Dollar","Dollar","Dollar","Dollar","0.0000","0.0000","0.0000","0.0000","0.0000","0.0000","0.0000","0.0000","0.0000","0.0000","TRANE","","False","True","","26335M0Y1V","2665.1700","2026-09-01 00:00:00","","","","2026-08-23 00:00:00","09:02:04:580","AC00010565-1","06","5TAMXD06AV41D","39179","B","Taken","70193407","","0"
"128406","","AC00010565-1","2026-08-23 00:00:00","09:02:41:335","","","","16:30:53:413","2026-08-24 00:00:00","2026-09-01 00:00:00","","140.7300","0.0000","","","","133.2500","False","ALL","0.0000","0.0000","0.0000","0.0000","0.0000","0.0000","0.0000","0.0000","0.0000","0.0000","0.0000","","0.0000","Dollar","Dollar","Dollar","Dollar","Dollar","Dollar","Dollar","Dollar","Dollar","Dollar","0.0000","0.0000","0.0000","0.0000","0.0000","0.0000","0.0000","0.0000","0.0000","0.0000","TRANE","","False","True","T","2625B2CP8X","140.7300","2026-09-01 00:00:00","","","","2026-08-23 00:00:00","09:02:41:335","AC00010565-1","06","BAYEA1305BK1A","39179","A","Taken","70193407","","0"
"128408","","AC00010565-1","2026-08-23 00:00:00","09:02:04:583","","","","16:32:48:514","2026-08-24 00:00:00","","","198.6200","0.0000","","","","183.4800","False","ALL","0.0000","0.0000","0.0000","0.0000","0.0000","0.0000","0.0000","0.0000","0.0000","0.0000","0.0000","","0.0000","Dollar","Dollar","Dollar","Dollar","Dollar","Dollar","Dollar","Dollar","Dollar","Dollar","0.0000","0.0000","0.0000","0.0000","0.0000","0.0000","0.0000","0.0000","0.0000","0.0000","TRANE","","False","True","","00059","198.6200","2026-09-01 00:00:00","","","","2026-08-23 00:00:00","09:02:04:583","AC00010565-1","06","EQBFM235A1AH11","39179","1","Taken","70193407","","0"
"128417","","R00015681","2026-09-08 00:00:00","12:53:27:358","","","","13:28:50:346","2026-08-31 00:00:00","2026-09-08 00:00:00","","1565.0000","0.0000","","","","1565.0000","False","ALL","0.0000","0.0000","0.0000","0.0000","0.0000","0.0000","0.0000","0.0000","0.0000","0.0000","0.0000","","0.0000","Dollar","Dollar","Dollar","Dollar","Dollar","Dollar","Dollar","Dollar","Dollar","Dollar","0.0000","0.0000","0.0000","0.0000","0.0000","0.0000","0.0000","0.0000","0.0000","0.0000","OROURKE","","False","True","PULL1","2608069615","1565.0000","2026-09-02 00:00:00","","","1899-12-30 00:00:00","2026-09-08 00:00:00","12:53:27:358","R00015681","","DF7004BE","X141","","Taken","9003991400","","0"
"128465","","R00015748","2026-09-16 00:00:00","15:32:15:658","","","","14:49:03:904","2026-06-15 00:00:00","2026-09-21 00:00:00","","1021.0000","0.0000","","","","1021.0000","False","ALL","0.0000","0.0000","0.0000","0.0000","0.0000","0.0000","0.0000","0.0000","0.0000","0.0000","0.0000","","0.0000","Dollar","Dollar","Dollar","Dollar","Dollar","Dollar","Dollar","Dollar","Dollar","Dollar","0.0000","0.0000","0.0000","0.0000","0.0000","0.0000","0.0000","0.0000","0.0000","0.0000","OROURKE","","False","True","PULL1","2608081047","1021.0000","2026-09-02 00:00:00","","","1899-12-30 00:00:00","2026-09-16 00:00:00","15:32:15:658","R00015748","","DC5004WE","X141","","Taken","9003991400","","0"
"128466","","R00015746","2026-09-16 00:00:00","12:12:36:135","","","","14:49:03:904","2026-06-15 00:00:00","2026-09-21 00:00:00","","1021.0000","0.0000","","","","1021.0000","False","ALL","0.0000","0.0000","0.0000","0.0000","0.0000","0.0000","0.0000","0.0000","0.0000","0.0000","0.0000","","0.0000","Dollar","Dollar","Dollar","Dollar","Dollar","Dollar","Dollar","Dollar","Dollar","Dollar","0.0000","0.0000","0.0000","0.0000","0.0000","0.0000","0.0000","0.0000","0.0000","0.0000","OROURKE","","False","True","PULL1","2608081053","1021.0000","2026-09-02 00:00:00","","","1899-12-30 00:00:00","2026-09-16 00:00:00","12:12:36:135","R00015746","","DC5004WE","X141","","Taken","9003991400","","0"
"128468","","R00015681","2026-09-08 00:00:00","12:53:09:889","","","","14:54:21:563","2026-06-15 00:00:00","2026-09-08 00:00:00","","1565.0000","0.0000","","","","1565.0000","False","ALL","0.0000","0.0000","0.0000","0.0000","0.0000","0.0000","0.0000","0.0000","0.0000","0.0000","0.0000","","0.0000","Dollar","Dollar","Dollar","Dollar","Dollar","Dollar","Dollar","Dollar","Dollar","Dollar","0.0000","0.0000","0.0000","0.0000","0.0000","0.0000","0.0000","0.0000","0.0000","0.0000","OROURKE","","False","True","PULL1","2608072365","1565.0000","2026-09-02 00:00:00","","","1899-12-30 00:00:00","2026-09-08 00:00:00","12:53:09:889","R00015681","","FF7011BN","X141","","Taken","9003991400","","0"
"128478","","R00015774","2026-09-21 00:00:00","09:02:55:815","","","","14:51:06:694","2026-06-15 00:00:00","2026-09-21 00:00:00","","953.0000","0.0000","","","","953.0000","False","ALL","0.0000","0.0000","0.0000","0.0000","0.0000","0.0000","0.0000","0.0000","0.0000","0.0000","0.0000","","0.0000","Dollar","Dollar","Dollar","Dollar","Dollar","Dollar","Dollar","Dollar","Dollar","Dollar","0.0000","0.0000","0.0000","0.0000","0.0000","0.0000","0.0000","0.0000","0.0000","0.0000","OROURKE","","False","True","PULL1","2608079375","953.0000","2026-09-02 00:00:00","","","1899-12-30 00:00:00","2026-09-21 00:00:00","09:02:55:815","R00015774","","TR5006WN","X141","","Taken","9003991400","","0"
"128526","","R00015746","2026-09-16 00:00:00","12:12:06:984","","","","17:44:38:960","2026-08-19 00:00:00","2026-09-16 00:00:00","","1021.0000","0.0000","","","","1021.0000","False","ALL","0.0000","0.0000","0.0000","0.0000","0.0000","0.0000","0.0000","0.0000","0.0000","0.0000","0.0000","","0.0000","Dollar","Dollar","Dollar","Dollar","Dollar","Dollar","Dollar","Dollar","Dollar","Dollar","0.0000","0.0000","0.0000","0.0000","0.0000","0.0000","0.0000","0.0000","0.0000","0.0000","OROURKE","","False","True","PULL1","2608082699","1021.0000","2026-09-02 00:00:00","","","1899-12-30 00:00:00","2026-09-16 00:00:00","12:12:06:984","R00015746","","TC5003WN","X141","","Taken","9003991400","","0"
"128528","","R00015748","2026-09-16 00:00:00","09:48:26:704","","","","17:44:38:960","2026-08-19 00:00:00","2026-09-16 00:00:00","","1021.0000","0.0000","","","","1021.0000","False","ALL","0.0000","0.0000","0.0000","0.0000","0.0000","0.0000","0.0000","0.0000","0.0000","0.0000","0.0000","","0.0000","Dollar","Dollar","Dollar","Dollar","Dollar","Dollar","Dollar","Dollar","Dollar","Dollar","0.0000","0.0000","0.0000","0.0000","0.0000","0.0000","0.0000","0.0000","0.0000","0.0000","OROURKE","","False","True","PULL1","2608078898","1021.0000","2026-09-02 00:00:00","","","1899-12-30 00:00:00","2026-09-16 00:00:00","09:48:26:704","R00015748","","TC5003WN","X141","","Taken","9003991400","","0"
"128539","","R00015681","2026-09-08 00:00:00","12:53:46:394","","","","14:54:47:813","2026-06-15 00:00:00","2026-09-08 00:00:00","","189.0000","0.0000","","","","189.0000","False","ALL","0.0000","0.0000","0.0000","0.0000","0.0000","0.0000","0.0000","0.0000","0.0000","0.0000","0.0000","","0.0000","Dollar","Dollar","Dollar","Dollar","Dollar","Dollar","Dollar","Dollar","Dollar","Dollar","0.0000","0.0000","0.0000","0.0000","0.0000","0.0000","0.0000","0.0000","0.0000","0.0000","OROURKE","","False","True","PULL1","00037","189.0000","2026-09-02 00:00:00","","","1899-12-30 00:00:00","2026-09-08 00:00:00","12:53:46:394","R00015681","","PDR108MB","X141","","Taken","9003991400","","0"
"128540","","R00015681","2026-09-08 00:00:00","12:53:46:394","","","","14:54:47:813","2026-06-15 00:00:00","2026-09-08 00:00:00","","189.0000","0.0000","","","","189.0000","False","ALL","0.0000","0.0000","0.0000","0.0000","0.0000","0.0000","0.0000","0.0000","0.0000","0.0000","0.0000","","0.0000","Dollar","Dollar","Dollar","Dollar","Dollar","Dollar","Dollar","Dollar","Dollar","Dollar","0.0000","0.0000","0.0000","0.0000","0.0000","0.0000","0.0000","0.0000","0.0000","0.0000","OROURKE","","False","True","PULL1","00038","189.0000","2026-09-02 00:00:00","","","1899-12-30 00:00:00","2026-09-08 00:00:00","12:53:46:394","R00015681","","PDR108MB","X141","","Taken","9003991400","","0"
"128598","","S00062666","2025-05-06 00:00:00","14:55:54:336","","","","09:23:53:126","2026-09-01 00:00:00","2026-09-03 00:00:00","","11219.0000","0.0000","","","","13681.0000","False","ALL","0.0000","0.0000","0.0000","0.0000","0.0000","0.0000","0.0000","0.0000","0.0000","0.0000","0.0000","","0.0000","Dollar","Dollar","Dollar","Dollar","Dollar","Dollar","Dollar","Dollar","Dollar","Dollar","0.0000","0.0000","0.0000","0.0000","0.0000","0.0000","0.0000","0.0000","0.0000","0.0000","WESTYE","","False","True","PULL1","28029068","11219.0000","2026-09-03 00:00:00","","","","2025-05-06 00:00:00","14:55:54:336","S00062666","","DF48650G/S/P/LP","39233","","Taken","90654042","","0"
"128606","","S00062666","2026-04-22 00:00:00","08:09:20:198","","","","10:38:17:528","2026-07-28 00:00:00","2026-09-03 00:00:00","","359.0000","0.0000","","","","359.0000","False","ALL","0.0000","0.0000","0.0000","0.0000","0.0000","0.0000","0.0000","0.0000","0.0000","0.0000","0.0000","","0.0000","Dollar","Dollar","Dollar","Dollar","Dollar","Dollar","Dollar","Dollar","Dollar","Dollar","0.0000","0.0000","0.0000","0.0000","0.0000","0.0000","0.0000","0.0000","0.0000","0.0000","WESTYE","","False","True","PULL1","00003","359.0000","2026-09-03 00:00:00","","","","2026-04-22 00:00:00","08:09:20:198","S00062666","","9028513","38976","","Taken","90654035","","0"
"128615","","AC00010511","2026-09-18 00:00:00","13:49:05:989","","","","09:23:21:355","2026-09-02 00:00:00","2026-09-18 00:00:00","","672.3900","0.0000","","","","621.1500","False","ALL","0.0000","0.0000","0.0000","0.0000","0.0000","0.0000","0.0000","0.0000","0.0000","0.0000","0.0000","","0.0000","Dollar","Dollar","Dollar","Dollar","Dollar","Dollar","Dollar","Dollar","Dollar","Dollar","0.0000","0.0000","0.0000","0.0000","0.0000","0.0000","0.0000","0.0000","0.0000","0.0000","TRANE","","False","True","T","2524K81DYX","672.3900","2026-09-03 00:00:00","","","1899-12-30 00:00:00","2026-09-18 00:00:00","13:49:05:989","AC00010511","06","TLINK360A2VVUH","39254","","Taken","70201927","","0"
"128618","","AC00010511","2026-09-18 00:00:00","13:48:53:564","","","","09:23:21:355","2026-09-02 00:00:00","","","672.3900","0.0000","","","","621.1500","False","ALL","0.0000","0.0000","0.0000","0.0000","0.0000","0.0000","0.0000","0.0000","0.0000","0.0000","0.0000","","0.0000","Dollar","Dollar","Dollar","Dollar","Dollar","Dollar","Dollar","Dollar","Dollar","Dollar","0.0000","0.0000","0.0000","0.0000","0.0000","0.0000","0.0000","0.0000","0.0000","0.0000","TRANE","","False","True","T","2525K818WX","672.3900","2026-09-03 00:00:00","","","1899-12-30 00:00:00","2026-09-18 00:00:00","13:48:53:564","AC00010511","06","TLINK360A2VVUH","39254","","Taken","70201927","","0"
"128626","","R00015383","2026-07-28 00:00:00","13:16:55:883","","","","17:07:40:605","2026-08-03 00:00:00","2026-09-03 00:00:00","","1884.5400","0.0000","","","","2374.0000","False","ALL","0.0000","0.0000","0.0000","0.0000","0.0000","0.0000","0.0000","0.0000","0.0000","0.0000","0.0000","","0.0000","Dollar","Dollar","Dollar","Dollar","Dollar","Dollar","Dollar","Dollar","Dollar","Dollar","0.0000","0.0000","0.0000","0.0000","0.0000","0.0000","0.0000","0.0000","0.0000","0.0000","GEC","","False","True","PULL1","RD517188","1884.5400","2026-09-03 00:00:00","","","","2026-07-28 00:00:00","13:16:55:883","R00015383","","GYE22GMNES","39046","","Taken","187032510","","0"
"128645","","R00015755","2026-09-17 00:00:00","13:03:33:980","","","","13:54:59:733","2026-08-31 00:00:00","2026-09-17 00:00:00","","620.3400","0.0000","","","","822.0000","False","ALL","0.0000","0.0000","0.0000","0.0000","0.0000","0.0000","0.0000","0.0000","0.0000","0.0000","0.0000","","0.0000","Dollar","Dollar","Dollar","Dollar","Dollar","Dollar","Dollar","Dollar","Dollar","Dollar","0.0000","0.0000","0.0000","0.0000","0.0000","0.0000","0.0000","0.0000","0.0000","0.0000","GEC","","False","True","PULL1","SBHD337572N","620.3400","2026-09-03 00:00:00","","","1899-12-30 00:00:00","2026-09-17 00:00:00","13:03:33:980","R00015755","","GFW655SSVWW","39220","","Taken","187032512","","0"
"128701","","S00064811","2026-08-11 00:00:00","12:03:46:416","","","","12:15:09:460","2026-08-20 00:00:00","2026-09-08 00:00:00","","2159.0000","0.0000","","","","2159.0000","False","ALL","0.0000","0.0000","0.0000","0.0000","0.0000","0.0000","0.0000","0.0000","0.0000","0.0000","0.0000","","0.0000","Dollar","Dollar","Dollar","Dollar","Dollar","Dollar","Dollar","Dollar","Dollar","Dollar","0.0000","0.0000","0.0000","0.0000","0.0000","0.0000","0.0000","0.0000","0.0000","0.0000","WP001","","False","True","PULL1","DF3102307","2159.0000","2026-09-08 00:00:00","","","","2026-08-11 00:00:00","12:03:46:416","S00064811","","JGD3430GS","39163","5","Taken","8113983922","","0"
"128705","","S00064733","2026-08-06 00:00:00","12:18:01:279","","","","16:18:59:158","2026-08-24 00:00:00","2026-09-08 00:00:00","","652.0000","0.0000","","","","652.0000","False","ALL","0.0000","0.0000","0.0000","0.0000","0.0000","0.0000","0.0000","0.0000","0.0000","0.0000","0.0000","","0.0000","Dollar","Dollar","Dollar","Dollar","Dollar","Dollar","Dollar","Dollar","Dollar","Dollar","0.0000","0.0000","0.0000","0.0000","0.0000","0.0000","0.0000","0.0000","0.0000","0.0000","MIDDLEBY","","False","True","PULL1","72628151","652.0000","2026-09-08 00:00:00","","","","2026-08-06 00:00:00","12:18:01:279","S00064733","","VSL436615RC","39178","","Taken","2252564","","0"
"128708","","S00064706-4","2026-09-17 00:00:00","13:14:25:330","","","","18:12:40:522","2026-08-11 00:00:00","2026-09-21 00:00:00","","672.1100","0.0000","","","","715.0000","False","ALL","0.0000","0.0000","0.0000","0.0000","0.0000","0.0000","0.0000","0.0000","0.0000","0.0000","0.0000","","0.0000","Dollar","Dollar","Dollar","Dollar","Dollar","Dollar","Dollar","Dollar","Dollar","Dollar","0.0000","0.0000","0.0000","0.0000","0.0000","0.0000","0.0000","0.0000","0.0000","0.0000","ALMO","","False","True","PULL1","1074994BAJ","672.1100","2026-09-08 00:00:00","","","","2026-09-17 00:00:00","13:14:25:330","S00064706-4","","AK8234AS","39111","","Taken","MM80911","","0"
"128709","","AC00010511","2026-03-24 00:00:00","17:12:56:146","","","","10:01:05:690","2026-09-02 00:00:00","2026-09-08 00:00:00","","5955.0300","0.0000","","","","5501.1800","False","ALL","0.0000","0.0000","0.0000","0.0000","0.0000","0.0000","0.0000","0.0000","0.0000","0.0000","0.0000","","0.0000","Dollar","Dollar","Dollar","Dollar","Dollar","Dollar","Dollar","Dollar","Dollar","Dollar","0.0000","0.0000","0.0000","0.0000","0.0000","0.0000","0.0000","0.0000","0.0000","0.0000","TRANE","","False","True","T","26353S78JF","5955.0300","2026-09-08 00:00:00","","","","2026-03-24 00:00:00","17:12:56:146","AC00010511","06","5TWV0X48A1000","39255","B","Taken","70199302","","0"
"128710","","AC00010511","2026-03-24 00:00:00","17:10:29:291","","","","10:00:57:211","2026-09-02 00:00:00","2026-09-08 00:00:00","","4975.2800","0.0000","","","","4596.1000","False","ALL","0.0000","0.0000","0.0000","0.0000","0.0000","0.0000","0.0000","0.0000","0.0000","0.0000","0.0000","","0.0000","Dollar","Dollar","Dollar","Dollar","Dollar","Dollar","Dollar","Dollar","Dollar","Dollar","0.0000","0.0000","0.0000","0.0000","0.0000","0.0000","0.0000","0.0000","0.0000","0.0000","TRANE","","False","True","T","26292KFDJF","4975.2800","2026-09-08 00:00:00","","","","2026-03-24 00:00:00","17:10:29:291","AC00010511","06","5TWV0X24A1000","39255","B","Taken","70199302","","0"
"128731","","S00064805","2026-08-27 00:00:00","15:57:01:180","","","","09:59:38:627","2026-09-08 00:00:00","2026-09-10 00:00:00","","43.0000","0.0000","","","","43.0000","False","ALL","0.0000","0.0000","0.0000","0.0000","0.0000","0.0000","0.0000","0.0000","0.0000","0.0000","0.0000","","0.0000","Dollar","Dollar","Dollar","Dollar","Dollar","Dollar","Dollar","Dollar","Dollar","Dollar","0.0000","0.0000","0.0000","0.0000","0.0000","0.0000","0.0000","0.0000","0.0000","0.0000","WESTYE","","False","True","PULL1","00003","43.0000","2026-09-10 00:00:00","","","","2026-08-27 00:00:00","15:57:01:180","S00064805","","9022113","39278","","Taken","90666047","","0"
"128738","","S00064909","2026-08-27 00:00:00","17:07:17:658","","","","09:36:55:69","2026-09-01 00:00:00","2026-09-10 00:00:00","","11298.0000","0.0000","","","","12468.0000","False","ALL","0.0000","0.0000","0.0000","0.0000","0.0000","0.0000","0.0000","0.0000","0.0000","0.0000","0.0000","","0.0000","Dollar","Dollar","Dollar","Dollar","Dollar","Dollar","Dollar","Dollar","Dollar","Dollar","0.0000","0.0000","0.0000","0.0000","0.0000","0.0000","0.0000","0.0000","0.0000","0.0000","WESTYE","","False","True","PULL1","5016643","11298.0000","2026-09-10 00:00:00","","","","2026-08-27 00:00:00","17:07:17:658","S00064909","","CL4850SID/S/P","39236","","Taken","90666041","","0"
"128740","","S00064957","2026-09-08 00:00:00","16:32:03:198","","","","10:02:11:720","2026-09-08 00:00:00","2026-09-10 00:00:00","","11544.0000","0.0000","","","","13104.0000","False","ALL","0.0000","0.0000","0.0000","0.0000","0.0000","0.0000","0.0000","0.0000","0.0000","0.0000","0.0000","","0.0000","Dollar","Dollar","Dollar","Dollar","Dollar","Dollar","Dollar","Dollar","Dollar","Dollar","0.0000","0.0000","0.0000","0.0000","0.0000","0.0000","0.0000","0.0000","0.0000","0.0000","WESTYE","","False","True","PULL1","3716028","11544.0000","2026-09-10 00:00:00","","","","2026-09-08 00:00:00","16:32:03:198","S00064957","","PRO3650/LH","39279","","Taken","90666048","","0"
"128742","","S00062666","2026-04-22 00:00:00","08:05:02:721","","","","10:44:01:390","2026-07-28 00:00:00","2026-09-10 00:00:00","","2219.0000","0.0000","","","","2707.0000","False","ALL","0.0000","0.0000","0.0000","0.0000","0.0000","0.0000","0.0000","0.0000","0.0000","0.0000","0.0000","","0.0000","Dollar","Dollar","Dollar","Dollar","Dollar","Dollar","Dollar","Dollar","Dollar","Dollar","0.0000","0.0000","0.0000","0.0000","0.0000","0.0000","0.0000","0.0000","0.0000","0.0000","WESTYE","","False","True","PULL1","23347427","2219.0000","2026-09-10 00:00:00","","","","2026-04-22 00:00:00","08:05:02:721","S00062666","","DEU2450BG/R","38976","","Taken","90666039","","0"
"128752","","S00064924","2026-08-31 00:00:00","10:18:28:843","","","","09:40:34:435","2026-09-01 00:00:00","2026-09-10 00:00:00","","4027.0000","0.0000","","","","4027.0000","False","ALL","0.0000","0.0000","0.0000","0.0000","0.0000","0.0000","0.0000","0.0000","0.0000","0.0000","0.0000","","0.0000","Dollar","Dollar","Dollar","Dollar","Dollar","Dollar","Dollar","Dollar","Dollar","Dollar","0.0000","0.0000","0.0000","0.0000","0.0000","0.0000","0.0000","0.0000","0.0000","0.0000","WESTYE","","False","True","PULL1","26041320010873","4027.0000","2026-09-10 00:00:00","","","","2026-08-31 00:00:00","10:18:28:843","S00064924","","SRNG110A-1SU","39237","","Taken","90666042","","0"
"128828","","R00015658","2026-09-04 00:00:00","10:35:57:728","","","","17:24:09:842","2026-09-04 00:00:00","2026-09-14 00:00:00","","603.0000","0.0000","","","","603.0000","False","ALL","0.0000","0.0000","0.0000","0.0000","0.0000","0.0000","0.0000","0.0000","0.0000","0.0000","0.0000","","0.0000","Dollar","Dollar","Dollar","Dollar","Dollar","Dollar","Dollar","Dollar","Dollar","Dollar","0.0000","0.0000","0.0000","0.0000","0.0000","0.0000","0.0000","0.0000","0.0000","0.0000","BSH","","False","True","PULL1","00291602106080000467","603.0000","2026-09-14 00:00:00","","","","2026-09-04 00:00:00","10:35:57:728","R00015658","","DHG602DUC","39275","","Taken","2188276661","","0"
"128829","","R00015658","2026-09-04 00:00:00","10:35:34:928","","","","17:23:45:746","2026-09-04 00:00:00","2026-09-14 00:00:00","","1455.0000","0.0000","","","","1455.0000","False","ALL","0.0000","0.0000","0.0000","0.0000","0.0000","0.0000","0.0000","0.0000","0.0000","0.0000","0.0000","","0.0000","Dollar","Dollar","Dollar","Dollar","Dollar","Dollar","Dollar","Dollar","Dollar","Dollar","0.0000","0.0000","0.0000","0.0000","0.0000","0.0000","0.0000","0.0000","0.0000","0.0000","BSH","","False","True","PULL1","00552616106060110891","1455.0000","2026-09-14 00:00:00","","","","2026-09-04 00:00:00","10:35:34:928","R00015658","","HDD86052UC","39275","","Taken","2188276661","","0"
"128833","","R00015632-1","2026-09-02 00:00:00","10:59:30:800","","","","16:20:07:891","2026-09-08 00:00:00","2026-09-14 00:00:00","","216.0000","0.0000","","","","301.0000","False","ALL","0.0000","0.0000","0.0000","0.0000","0.0000","0.0000","0.0000","0.0000","0.0000","0.0000","0.0000","","0.0000","Dollar","Dollar","Dollar","Dollar","Dollar","Dollar","Dollar","Dollar","Dollar","Dollar","0.0000","0.0000","0.0000","0.0000","0.0000","0.0000","0.0000","0.0000","0.0000","0.0000","GEC","","False","True","PULL1","MD201799","216.0000","2026-09-14 00:00:00","","","","2026-09-02 00:00:00","10:59:30:800","R00015632-1","","JVM7195SKSS","39290","","Taken","187275459","","0"
"128845","","R00015162-1","2026-07-13 00:00:00","12:28:33:431","","","","16:20:15:712","2026-09-08 00:00:00","2026-09-14 00:00:00","","719.0000","0.0000","","","","942.0000","False","ALL","0.0000","0.0000","0.0000","0.0000","0.0000","0.0000","0.0000","0.0000","0.0000","0.0000","0.0000","","0.0000","Dollar","Dollar","Dollar","Dollar","Dollar","Dollar","Dollar","Dollar","Dollar","Dollar","0.0000","0.0000","0.0000","0.0000","0.0000","0.0000","0.0000","0.0000","0.0000","0.0000","GEC","","False","True","PULL1","MD194351","719.0000","2026-09-14 00:00:00","","","","2026-07-13 00:00:00","12:28:33:431","R00015162-1","","GFD65GSPVDS","39290","","Taken","187275459","","0"
"128861","","R00015699","2026-09-09 00:00:00","16:45:25:545","","","","12:54:17:473","2026-09-14 00:00:00","2026-09-15 00:00:00","","27.9000","0.0000","","","","20.0000","True","ALL","0.0000","0.0000","0.0000","0.0000","0.0000","0.0000","0.0000","0.0000","0.0000","0.0000","0.0000","","0.0000","Dollar","Dollar","Dollar","Dollar","Dollar","Dollar","Dollar","Dollar","Dollar","Dollar","0.0000","0.0000","0.0000","0.0000","0.0000","0.0000","0.0000","0.0000","0.0000","0.0000","WESTYE","","False","True","PULL1","00001","27.9000","2026-09-14 00:00:00","","","2026-09-14 00:00:00","2026-09-09 00:00:00","16:45:25:545","R00015699","","7013401","39334","","Taken","39334","","0"
"128881","","R00015699","2026-09-09 00:00:00","16:45:07:692","","","","12:54:53:320","2026-09-14 00:00:00","2026-09-15 00:00:00","","27.9000","0.0000","","","","20.0000","True","ALL","0.0000","0.0000","0.0000","0.0000","0.0000","0.0000","0.0000","0.0000","0.0000","0.0000","0.0000","","0.0000","Dollar","Dollar","Dollar","Dollar","Dollar","Dollar","Dollar","Dollar","Dollar","Dollar","0.0000","0.0000","0.0000","0.0000","0.0000","0.0000","0.0000","0.0000","0.0000","0.0000","WESTYE","","False","True","PULL1","00001","27.9000","2026-09-14 00:00:00","","","2026-09-14 00:00:00","2026-09-09 00:00:00","16:45:07:692","R00015699","","7013400","39334","","Taken","39334","","0"
"128908","","AC00010565-1","2026-08-23 00:00:00","09:04:24:019","","","","16:32:00:391","2026-08-24 00:00:00","2026-09-15 00:00:00","","0.0000","0.0000","","","","2113.5500","False","ALL","0.0000","0.0000","0.0000","0.0000","0.0000","0.0000","0.0000","0.0000","0.0000","0.0000","0.0000","","0.0000","Dollar","Dollar","Dollar","Dollar","Dollar","Dollar","Dollar","Dollar","Dollar","Dollar","0.0000","0.0000","0.0000","0.0000","0.0000","0.0000","0.0000","0.0000","0.0000","0.0000","TRANE","","False","True","","26372TTL1V","0.0000","2026-09-15 00:00:00","","","","2026-08-23 00:00:00","09:04:24:019","AC00010565-1","06","5TAMXC03AV31D","39179","B","Taken","","","0"
"128911","","R00015743","2026-09-16 00:00:00","10:24:30:376","","","","10:25:09:381","2026-09-16 00:00:00","2026-09-16 00:00:00","","0.0000","0.0000","","","","5039.0000","False","ALL","0.0000","0.0000","0.0000","0.0000","0.0000","0.0000","0.0000","0.0000","0.0000","0.0000","0.0000","","0.0000","Dollar","Dollar","Dollar","Dollar","Dollar","Dollar","Dollar","Dollar","Dollar","Dollar","0.0000","0.0000","0.0000","0.0000","0.0000","0.0000","0.0000","0.0000","0.0000","0.0000","WP001","","False","True","PULL1","DF3404555","0.0000","2026-09-16 00:00:00","","","","2026-09-16 00:00:00","10:24:30:376","R00015743","","JOEDC530RL","E164","00","Taken","","","0"
"128934","","S00064853","2026-08-19 00:00:00","09:41:42:325","","","","22:21:53:833","2026-09-09 00:00:00","2026-09-17 00:00:00","","2355.0000","0.0000","","","","2355.0000","False","ALL","0.0000","0.0000","0.0000","0.0000","0.0000","0.0000","0.0000","0.0000","0.0000","0.0000","0.0000","","0.0000","Dollar","Dollar","Dollar","Dollar","Dollar","Dollar","Dollar","Dollar","Dollar","Dollar","0.0000","0.0000","0.0000","0.0000","0.0000","0.0000","0.0000","0.0000","0.0000","0.0000","WESTYE","","False","True","PULL1","26081320011280","2355.0000","2026-09-17 00:00:00","","","","2026-08-19 00:00:00","09:41:42:325","S00064853","","DRCP033A-1SS","39305","","Taken","90675459","","0"
"128938","","R00015683","2026-09-08 00:00:00","09:59:23:356","","","","13:41:03:244","2026-09-08 00:00:00","2026-09-17 00:00:00","","137.0000","0.0000","","","","137.0000","False","ALL","0.0000","0.0000","0.0000","0.0000","0.0000","0.0000","0.0000","0.0000","0.0000","0.0000","0.0000","","0.0000","Dollar","Dollar","Dollar","Dollar","Dollar","Dollar","Dollar","Dollar","Dollar","Dollar","0.0000","0.0000","0.0000","0.0000","0.0000","0.0000","0.0000","0.0000","0.0000","0.0000","WESTYE","","False","True","PULL1","00005","137.0000","2026-09-17 00:00:00","","","","2026-09-08 00:00:00","09:59:23:356","R00015683","","9009547","39288","","Taken","90675457","","0"
"128944","","S00064706-3","2026-07-20 00:00:00","13:06:36:627","","","","10:05:43:842","2026-07-28 00:00:00","2026-09-17 00:00:00","","10491.0000","0.0000","","","","10491.0000","False","ALL","0.0000","0.0000","0.0000","0.0000","0.0000","0.0000","0.0000","0.0000","0.0000","0.0000","0.0000","","0.0000","Dollar","Dollar","Dollar","Dollar","Dollar","Dollar","Dollar","Dollar","Dollar","Dollar","0.0000","0.0000","0.0000","0.0000","0.0000","0.0000","0.0000","0.0000","0.0000","0.0000","WESTYE","","False","True","PULL1","28030294","10491.0000","2026-09-17 00:00:00","","","","2026-07-20 00:00:00","13:06:36:627","S00064706-3","","DF36450C/S/P/LP","38972","","Taken","90675453","","0"
"128973","","S00064965","2026-09-09 00:00:00","11:48:00:895","","","","09:43:53:644","2026-09-15 00:00:00","2026-09-18 00:00:00","","1519.0000","0.0000","","","","1759.0000","False","ALL","0.0000","0.0000","0.0000","0.0000","0.0000","0.0000","0.0000","0.0000","0.0000","0.0000","0.0000","","0.0000","Dollar","Dollar","Dollar","Dollar","Dollar","Dollar","Dollar","Dollar","Dollar","Dollar","0.0000","0.0000","0.0000","0.0000","0.0000","0.0000","0.0000","0.0000","0.0000","0.0000","GEC","","False","True","PULL1","SNSD052208Q","1519.0000","2026-09-18 00:00:00","","","","2026-09-09 00:00:00","11:48:00:895","S00064965","","JTD3000DNWW","39346","","Taken","187370216","","0"
