"ID","FloorPlan","ShipToType","SerialTypeCode","ReceiveToLocation","ReceiveToLocationCode","DateEffective","Unreleased","DateCreated","UserCreated","Authorized","DateAuthorized","UserAuthorized","Received","DateConfirmedReceived","UserReceived","Paid","DatePaid","UserPaid","EDISentDate","EDISentTime","RequestedDeliveryDate","AllowBOInvoice","Buyer","Code","Confirmed","CostFactor","DateConfirmed","DateCosted","DateFinished","DateOrdered","DateReceived","DateStarted","FloorPlanDays","ShipToAddress1","ShipToAddress2","ShipToCity","ShipToCode","ShipToName","ShipToNotes","ShipToPhone1","ShipToPhone2","ShipToState","ShipToZipCode","SupplierAccountNumber","SupplierAddress1","SupplierAddress2","SupplierCity","SupplierCode","SupplierContact1","SupplierContact2","SupplierCustomerServicePhone","SupplierDescription","SupplierEmail","SupplierFax","SupplierPONotes","SupplierPhone1","SupplierPhone2","SupplierShipVia","SupplierState","SupplierWebsite","SupplierZipCode","TotalCosted","TotalOrdered","TotalReceived","UserConfirmed"
"43787","","Supplier","ALL","False","","","False","2026-09-21 00:00:00","KKD","","","","","","","","","","","","","True","Kezia Doane","39388","","1.0000","","","","","","2026-09-21 00:00:00","0","","","","","","","","","","","95466","PO BOX 88177","","MILWAUKEE","MARCONE","","","","MARCONE APPLIANCE PARTS CO","","","","(800) 482-6022","","","WI","http://www.marcone.com/","53288-8177","0.0000","0.0000","",""
"43788","","Supplier","ALL","False","","","False","2026-09-21 00:00:00","KKD","","","","","","","","","","","","","True","Kezia Doane","39389","","1.0000","","","","","","2026-09-21 00:00:00","0","","","","","","","","","","","010051","PO BOX 566268","","DALLAS","APD","","","","RELIABLE PARTS","","(214) 634-7929","","(214) 631-4298","(800) 841-4060","","TX","www.apdepot.com","75356","0.0000","0.0000","",""
"43789","","Supplier","ALL","False","","","False","2026-09-21 00:00:00","KKD","","","","","","","","","","","","","True","Kezia Doane","39390","","1.0000","","","","2026-09-21 00:00:00","","2026-09-21 00:00:00","0","","","","","","","","","","","X5128940907","9 INDEPENDENCE WAY","","PRINCETON","MIELE PART","","","","MIELE INC.","","(609) 419-4298","","(800) 843-7231","","","NJ","","08540","0.0000","672.0000","0.0000",""
"43790","","Supplier","ALL","False","","","False","2026-09-21 00:00:00","AMW","","","","","","","","","","","","2026-09-25 00:00:00","True","Andrew Walsh","39391","","1.0000","","","","","","2026-09-21 00:00:00","0","","","","","","","","","","","","1901 MAIN STREET","","IRVINE","BSH","","","","BSH HOME APPLIANCES","mbx-irv-order@bshg.com","","","(949) 440-7100","(800) 613-7333","","CA","www.boschappliances.com","92614","0.0000","0.0000","0.0000",""
"43791","","Supplier","ALL","False","","","False","2026-09-21 00:00:00","AMW","","","","","","","","","","","","2026-09-25 00:00:00","True","Andrew Walsh","P231","LUCAS","1.0000","2026-09-21 00:00:00","","","2026-09-21 00:00:00","","2026-09-21 00:00:00","0","","","","","","","","","","","","1901 MAIN STREET","","IRVINE","BSH","","","","BSH HOME APPLIANCES","mbx-irv-order@bshg.com","","","(949) 440-7100","(800) 613-7333","","CA","www.boschappliances.com","92614","0.0000","10188.0000","0.0000","AMW"
"43772","","Supplier","ALL","False","","","False","2026-09-18 00:00:00","KKD","","","","","","","","","","","","","True","Kezia Doane","39373","","1.0000","","","","2026-09-18 00:00:00","","2026-09-18 00:00:00","0","","","","","","","","","","","X5128940907","9 INDEPENDENCE WAY","","PRINCETON","MIELE PART","","","","MIELE INC.","","(609) 419-4298","","(800) 843-7231","","","NJ","","08540","0.0000","234.9700","0.0000",""
"43773","","Supplier","ALL","False","","","False","2026-09-18 00:00:00","KKD","","","","","","","","","","","","","True","Kezia Doane","39374","","1.0000","","","","2026-09-18 00:00:00","","2026-09-18 00:00:00","0","","","","","","","","","","","95466","PO BOX 88177","","MILWAUKEE","MARCONE","","","","MARCONE APPLIANCE PARTS CO","","","","(800) 482-6022","","","WI","http://www.marcone.com/","53288-8177","0.0000","490.9200","0.0000",""
"43774","","Supplier","ALL","False","","","False","2026-09-18 00:00:00","KKD","","","","","","","","","","","","","True","Kezia Doane","39375","","1.0000","","","","2026-09-18 00:00:00","","2026-09-18 00:00:00","0","","","","","","","","","","","","P.O. Box 8387","","CAROL STREAM","ENCOMPASS","","","","ENCOMPASS","","","","","","","IL","","60197","0.0000","5.1100","0.0000",""
"43775","","Supplier","ALL","False","","","False","2026-09-18 00:00:00","KKD","","","","","","","","","","","","","True","Kezia Doane","39376","","1.0000","","","","2026-09-18 00:00:00","","2026-09-18 00:00:00","0","","","","","","","","","","","055699","13100 W. 43RD DRIVE","","GOLDEN","AMERICAN","","AR- Brandy 303.633.5518","","GREAT PLAINS APPLIANCE PARTS","sbaca@americanappliance.biz","(303) 633-5503","","(800) 678-6788","(303) 633-5500","","CO","https://www.greatplainsapplianceparts.com","80403","0.0000","273.6900","0.0000",""
"43776","","Supplier","ALL","False","","","False","2026-09-18 00:00:00","AMW","","","","","","","","","","","","2026-09-23 00:00:00","True","Andrew Walsh","39377","","1.0000","","","","2026-09-18 00:00:00","","2026-09-18 00:00:00","0","","","","","","","","","","","949928 Contract","P.O. BOX 8502","","BENTON HARBOR","WP001","","","","WHIRLPOOL CORPORATION","","(214) 550-5613","","(800) 321-7613","","","MI","https://secure5.whirlpool.com/home.jsp","49022","0.0000","8462.0000","0.0000",""
"43777","","Supplier","ALL","False","","","False","2026-09-18 00:00:00","AMW","","","","","","","","","","","","2026-10-09 00:00:00","True","Andrew Walsh","39378","","1.0000","","","","2026-09-18 00:00:00","","2026-09-18 00:00:00","0","","","","","","","","","","","949928 Contract","P.O. BOX 8502","","BENTON HARBOR","WP001","","","","WHIRLPOOL CORPORATION","","(214) 550-5613","","(800) 321-7613","","","MI","https://secure5.whirlpool.com/home.jsp","49022","0.0000","7860.0000","0.0000",""
"43778","","Supplier","ALL","False","","","False","2026-09-18 00:00:00","AMW","","","","","","","","","","","","2026-09-18 00:00:00","True","Andrew Walsh","39379","","1.0000","","","","2026-09-18 00:00:00","","2026-09-18 00:00:00","0","","","","","","","","","","","81 z6j71","","","LOUISVILLE","GEC","","","","GE APPLIANCES","","(800) 723-1585","","(800) 967-2334","","","KY","","","0.0000","1839.0000","0.0000",""
"43779","","Supplier","ALL","False","","","False","2026-09-18 00:00:00","AMW","","","","","","","","","","","","2026-09-25 00:00:00","True","Andrew Walsh","39380","","1.0000","","","","2026-09-21 00:00:00","","2026-09-18 00:00:00","0","","","","","","","","","","","791472T","PO BOX 24302","","NEW YORK","ALMO","","","","ALMO CORPORATION","socentral@almo.com  order email","(215) 698-4070","","(888) 893-5816","","","NY","www.access.almo.com","10087","0.0000","10624.0000","0.0000",""
"43780","","Supplier","ALL","False","","","False","2026-09-18 00:00:00","AMW","","","","","","","","","","","","2026-09-23 00:00:00","True","Andrew Walsh","39381","","1.0000","","","","2026-09-18 00:00:00","","2026-09-18 00:00:00","0","","","","","","","","","","","","1901 MAIN STREET","","IRVINE","BSH","","","","BSH HOME APPLIANCES","mbx-irv-order@bshg.com","","","(949) 440-7100","(800) 613-7333","","CA","www.boschappliances.com","92614","0.0000","1597.0000","0.0000",""
"43781","","Supplier","ALL","False","","","False","2026-09-18 00:00:00","AMW","","","","","","","","","","","","2026-09-25 00:00:00","True","Andrew Walsh","39382","","1.0000","","","","2026-09-21 00:00:00","","2026-09-18 00:00:00","0","","","","","","","","","","","791472T","PO BOX 24302","","NEW YORK","ALMO","","","","ALMO CORPORATION","socentral@almo.com  order email","(215) 698-4070","","(888) 893-5816","","","NY","www.access.almo.com","10087","0.0000","8658.0000","0.0000",""
"43782","","Supplier","ALL","False","","","False","2026-09-18 00:00:00","AMW","","","","","","","","","","","","2026-09-25 00:00:00","True","Andrew Walsh","39383","","1.0000","","","","2026-09-18 00:00:00","","2026-09-18 00:00:00","0","","","","","","","","","","","","PO BOX 730241","","DALLAS","LGEUS","","","","LG ELECTRONICS USA INC","","","","","","","TX","","75373-0241","0.0000","2285.0000","0.0000",""
"43783","","Supplier","ALL","False","","","False","2026-09-18 00:00:00","AMW","","","","","","","","","","","","2026-09-25 00:00:00","True","Andrew Walsh","39384","","1.0000","","","","2026-09-18 00:00:00","","2026-09-18 00:00:00","0","","","","","","","","","","","","PO BOX 730241","","DALLAS","LGEUS","","","","LG ELECTRONICS USA INC","","","","","","","TX","","75373-0241","0.0000","3558.0000","0.0000",""
"43784","","Supplier","ALL","False","","","False","2026-09-18 00:00:00","AMW","","","","","","","","","","","","2026-09-25 00:00:00","True","Andrew Walsh","39385","","1.0000","","","","2026-09-18 00:00:00","","2026-09-18 00:00:00","0","","","","","","","","","","","WIL028","PO BOX 734806","","CHICAGO","MIDDLEBY","(888) 845-4641","","","MIDDLEBY CORPORATION","middlebyadvantage@middleby.com","(888) 845-4641","","(888) 845-4641","","","IL","http://vikingrange.middlebyadvantage.com/clients/custompage.aspx?page=/viking/index.html","60673","0.0000","11742.5000","0.0000",""
"43785","","Supplier","ALL","False","","","False","2026-09-18 00:00:00","AMW","","","","","","","","","","","","2026-10-02 00:00:00","True","Andrew Walsh","39386","","1.0000","","","","2026-09-18 00:00:00","","2026-09-18 00:00:00","0","","","","","","","","","","","WIL028","PO BOX 734806","","CHICAGO","MIDDLEBY","(888) 845-4641","","","MIDDLEBY CORPORATION","middlebyadvantage@middleby.com","(888) 845-4641","","(888) 845-4641","","","IL","http://vikingrange.middlebyadvantage.com/clients/custompage.aspx?page=/viking/index.html","60673","0.0000","8067.5000","0.0000",""
"43786","","Supplier","ALL","False","","","False","2026-09-18 00:00:00","AMW","","","","","","","","","","","","2026-09-25 00:00:00","True","Andrew Walsh","39387","","1.0000","","","","2026-09-18 00:00:00","","2026-09-18 00:00:00","0","","","","","","","","","","","81 z6j71","","","LOUISVILLE","GEC","","","","GE APPLIANCES","","(800) 723-1585","","(800) 967-2334","","","KY","","","0.0000","4294.0000","0.0000",""
"43769","","Supplier","ALL","False","","","False","2026-09-17 00:00:00","KKD","","","","","","","","","","","","","True","Kezia Doane","39371","","1.0000","","2026-09-18 00:00:00","2026-09-18 00:00:00","2026-09-17 00:00:00","2026-09-18 00:00:00","2026-09-17 00:00:00","0","","","","","","","","","","","055699","13100 W. 43RD DRIVE","","GOLDEN","AMERICAN","","AR- Brandy 303.633.5518","","GREAT PLAINS APPLIANCE PARTS","sbaca@americanappliance.biz","(303) 633-5503","","(800) 678-6788","(303) 633-5500","","CO","https://www.greatplainsapplianceparts.com","80403","1339.9200","1339.9200","1339.9200",""
"43770","","Supplier","ALL","False","","","False","2026-09-17 00:00:00","KKD","","","","","","","","","","","","","True","Kezia Doane","39372","","1.0000","","","","2026-09-17 00:00:00","","2026-09-17 00:00:00","0","","","","","","","","","","","95466","PO BOX 88177","","MILWAUKEE","MARCONE","","","","MARCONE APPLIANCE PARTS CO","","","","(800) 482-6022","","","WI","http://www.marcone.com/","53288-8177","0.0000","957.0100","0.0000",""
"43771","","Supplier","ALL","False","","","False","2026-09-17 00:00:00","AMW","","","","","","","","","","","","2026-11-13 00:00:00","True","Andrew Walsh","X146","ALLIANCE DIRECT TL","1.0000","2026-09-17 00:00:00","","","2026-09-17 00:00:00","","2026-09-17 00:00:00","0","","","","","","","","","","","786202","3885 ELMORE AVE","SUITE 100","DAVENPORT","OROURKE","Mike Funk 713-805-1110","Jamie Paul 469-645-1778","","O'ROURKE SALE COMPANY","jpaul@orourkesales.com  order email","","","(210) 333-1311","(563) 823-3505- A/P","","IA","","52807","0.0000","141235.0000","0.0000","AMW"
"43757","","Supplier","ALL","False","","","False","2026-09-16 00:00:00","KKD","","","","","","","","","","","","","True","Kezia Doane","39361","","1.0000","","2026-09-18 00:00:00","2026-09-18 00:00:00","2026-09-16 00:00:00","2026-09-18 00:00:00","2026-09-16 00:00:00","0","","","","","","","","","","","95466","PO BOX 88177","","MILWAUKEE","MARCONE","","","","MARCONE APPLIANCE PARTS CO","","","","(800) 482-6022","","","WI","http://www.marcone.com/","53288-8177","527.1300","527.1300","527.1300",""
"43758","","Supplier","ALL","False","","","False","2026-09-16 00:00:00","KKD","","","","","","","","","","","","","True","Kezia Doane","39362","","1.0000","","2026-09-17 00:00:00","2026-09-17 00:00:00","2026-09-16 00:00:00","2026-09-17 00:00:00","2026-09-16 00:00:00","0","","","","","","","","","","","055699","13100 W. 43RD DRIVE","","GOLDEN","AMERICAN","","AR- Brandy 303.633.5518","","GREAT PLAINS APPLIANCE PARTS","sbaca@americanappliance.biz","(303) 633-5503","","(800) 678-6788","(303) 633-5500","","CO","https://www.greatplainsapplianceparts.com","80403","195.7300","195.7300","195.7300",""
"43759","","Supplier","ALL","False","","","False","2026-09-16 00:00:00","JKO","","","","","","","","","","","","","True","Jack Ort","E164","","1.0000","","","","2026-09-16 00:00:00","2026-09-16 00:00:00","2026-09-16 00:00:00","0","","","","","","","","","","","949928 Contract","P.O. BOX 8502","","BENTON HARBOR","WP001","","","","WHIRLPOOL CORPORATION","","(214) 550-5613","","(800) 321-7613","","","MI","https://secure5.whirlpool.com/home.jsp","49022","0.0000","0.0000","0.0100",""
"43760","","Supplier","ALL","False","","","False","2026-09-16 00:00:00","KKD","","","","","","","","","","","","","True","Kezia Doane","39363","","1.0000","","","","2026-09-16 00:00:00","","2026-09-16 00:00:00","0","","","","","","","","","","","X5128940907","9 INDEPENDENCE WAY","","PRINCETON","MIELE PART","","","","MIELE INC.","","(609) 419-4298","","(800) 843-7231","","","NJ","","08540","0.0000","291.0000","0.0000",""
"43761","","Supplier","ALL","False","","","False","2026-09-16 00:00:00","KKD","","","","","","","","","","","","","True","Kezia Doane","39364","","1.0000","","2026-09-18 00:00:00","2026-09-18 00:00:00","2026-09-16 00:00:00","2026-09-18 00:00:00","2026-09-16 00:00:00","0","","","","","","","","","","","WIL028","PO BOX 734806","","CHICAGO","MIDDLEBY","(888) 845-4641","","","MIDDLEBY CORPORATION","middlebyadvantage@middleby.com","(888) 845-4641","","(888) 845-4641","","","IL","http://vikingrange.middlebyadvantage.com/clients/custompage.aspx?page=/viking/index.html","60673","482.4500","482.4500","482.4500",""
"43762","","Supplier","ALL","False","","","False","2026-09-16 00:00:00","KKD","","","","","","","","","","","","","True","Kezia Doane","39365","","1.0000","","","","2026-09-16 00:00:00","","2026-09-16 00:00:00","0","","","","","","","","","","","","P.O. Box 8387","","CAROL STREAM","ENCOMPASS","","","","ENCOMPASS","","","","","","","IL","","60197","0.0000","24.8800","0.0000",""
"43763","","Supplier","ALL","False","","","False","2026-09-16 00:00:00","KKD","","","","","","","","","","","","","True","Kezia Doane","39366","","1.0000","","","","2026-09-16 00:00:00","","2026-09-16 00:00:00","0","","","","","","","","","","","86577305","GE/RCA CONSUMER SERVICE","PO BOX 733572","DALLAS","GE PARTS","","","","GENERAL ELECTRIC COMPANY","graham.ramsey@geappliances.com","(866) 765-3592","","(888) 440-3405","1.866.557.7586","","TX","","75373-3572","0.0000","8.9200","0.0000",""
"43764","","Supplier","ALL","False","","","False","2026-09-16 00:00:00","AMW","","","","","","","","","","","","2026-11-13 00:00:00","True","Andrew Walsh","39367","","1.0000","","","","","","2026-09-16 00:00:00","0","","","","","","","","","","","786202","3885 ELMORE AVE","SUITE 100","DAVENPORT","OROURKE","Mike Funk 713-805-1110","Jamie Paul 469-645-1778","","O'ROURKE SALE COMPANY","jpaul@orourkesales.com  order email","","","(210) 333-1311","(563) 823-3505- A/P","","IA","","52807","0.0000","0.0000","0.0000",""
"43765","","Supplier","ALL","False","","","False","2026-09-16 00:00:00","KKD","","","","","","","","","","","","","True","Kezia Doane","39368","","1.0000","","2026-09-17 00:00:00","2026-09-17 00:00:00","2026-09-16 00:00:00","2026-09-17 00:00:00","2026-09-16 00:00:00","0","","","","","","","","","","","010051","PO BOX 566268","","DALLAS","APD","","","","RELIABLE PARTS","","(214) 634-7929","","(214) 631-4298","(800) 841-4060","","TX","www.apdepot.com","75356","157.5000","157.5000","157.5000",""
"43766","","Supplier","ALL","False","","","False","2026-09-16 00:00:00","CBS","","","","","","","","","","","","","True","Chris Shanahan","39369","","1.0000","","","","","","2026-09-16 00:00:00","0","","","","","","","","","","","2024420","20 West Market St","PO BOX 1267","York","WOLF","","","","Wolf Cabinets","","","Higgerson Mod MD00010107-1","","","","PA","","17401","0.0000","0.0000","0.0000",""
"43767","","Supplier","ALL","False","","","False","2026-09-16 00:00:00","AMW","","","","","","","","","","","","2026-09-23 00:00:00","True","Andrew Walsh","39370","","1.0000","","","","","","2026-09-16 00:00:00","0","","","","","","","","","","","","PO BOX 730241","","DALLAS","LGEUS","","","","LG ELECTRONICS USA INC","","","","","","","TX","","75373-0241","0.0000","0.0000","0.0000",""
"43768","","Supplier","ALL","False","","","False","2026-09-16 00:00:00","AMW","","","","","","","","","","","","2026-09-16 00:00:00","True","Andrew Walsh","X145","","1.0000","","","","","","2026-09-16 00:00:00","0","","","","","","","","","","","786202","3885 ELMORE AVE","SUITE 100","DAVENPORT","OROURKE","Mike Funk 713-805-1110","Jamie Paul 469-645-1778","","O'ROURKE SALE COMPANY","jpaul@orourkesales.com  order email","","","(210) 333-1311","(563) 823-3505- A/P","","IA","","52807","0.0000","0.0000","0.0000",""
"43739","","Supplier","ALL","False","","","False","2026-09-15 00:00:00","KKD","","","","","","","","","","","","","True","Kezia Doane","39343","","1.0000","","","","2026-09-15 00:00:00","","2026-09-15 00:00:00","0","","","","","","","","","","","4022263","PO BOX 845053","","DALLAS","TRANE PART","FELICIA - ACCNT MNGER","","","TRANE PARTS","joey.rodriquez@trane.com","","","608.787.4636","512-524-3190 PartOrd","","TX","igor.alvarado@trane.com","75284-5053","0.0000","52.1700","0.0000",""
"43740","","Supplier","ALL","False","","","False","2026-09-15 00:00:00","KKD","","","","","","","","","","","","","True","Kezia Doane","39344","","1.0000","","2026-09-17 00:00:00","","2026-09-15 00:00:00","2026-09-17 00:00:00","2026-09-15 00:00:00","0","","","","","","","","","","","95466","PO BOX 88177","","MILWAUKEE","MARCONE","","","","MARCONE APPLIANCE PARTS CO","","","","(800) 482-6022","","","WI","http://www.marcone.com/","53288-8177","304.2700","309.6500","304.2700",""
"43741","","Supplier","ALL","False","","","False","2026-09-15 00:00:00","KKD","","","","","","","","","","","","","True","Kezia Doane","39345","","1.0000","","","","2026-09-15 00:00:00","","2026-09-15 00:00:00","0","","","","","","","","","","","86577305","GE/RCA CONSUMER SERVICE","PO BOX 733572","DALLAS","GE PARTS","","","","GENERAL ELECTRIC COMPANY","graham.ramsey@geappliances.com","(866) 765-3592","","(888) 440-3405","1.866.557.7586","","TX","","75373-3572","0.0000","45.9100","0.0000",""
"43742","","Supplier","ALL","False","","","False","2026-09-15 00:00:00","AMW","","","","","","","","","","","","2026-09-18 00:00:00","True","Andrew Walsh","39346","","1.0000","","2026-09-18 00:00:00","","2026-09-15 00:00:00","2026-09-18 00:00:00","2026-09-15 00:00:00","0","","","","","","","","","","","81 z6j71","","","LOUISVILLE","GEC","","","","GE APPLIANCES","","(800) 723-1585","","(800) 967-2334","","","KY","","","7517.0000","12376.0000","7517.0000",""
"43743","","Supplier","ALL","False","","","False","2026-09-15 00:00:00","AMW","","","","","","","","","","","","2026-09-17 00:00:00","True","Andrew Walsh","39347","","1.0000","","2026-09-18 00:00:00","2026-09-18 00:00:00","2026-09-15 00:00:00","2026-09-17 00:00:00","2026-09-15 00:00:00","0","","","","","","","","","","","0580","PO BOX 978591","","DALLAS","WESTYE","","","","SUBZERO WOLF GROUP","","","","(800) 441-9260","","","TX","","75397-8591","1611.0000","1611.0000","1611.0000",""
"43744","","Supplier","ALL","False","","","False","2026-09-15 00:00:00","KKD","","","","","","","","","","","","","True","Kezia Doane","39348","","1.0000","","","","2026-09-15 00:00:00","","2026-09-15 00:00:00","0","","","","","","","","","","","X5128940907","9 INDEPENDENCE WAY","","PRINCETON","MIELE PART","","","","MIELE INC.","","(609) 419-4298","","(800) 843-7231","","","NJ","","08540","0.0000","1758.0000","0.0000",""
"43745","","Supplier","ALL","False","","","False","2026-09-15 00:00:00","AMW","","","","","","","","","","","","2026-09-17 00:00:00","True","Andrew Walsh","39349","","1.0000","","2026-09-18 00:00:00","2026-09-18 00:00:00","2026-09-15 00:00:00","2026-09-17 00:00:00","2026-09-15 00:00:00","0","","","","","","","","","","","0580","PO BOX 978591","","DALLAS","WESTYE","","","","SUBZERO WOLF GROUP","","","","(800) 441-9260","","","TX","","75397-8591","11298.0000","11298.0000","11298.0000",""
"43746","","Supplier","ALL","False","","","False","2026-09-15 00:00:00","AMW","","","","","","","","","","","","2026-09-17 00:00:00","True","Andrew Walsh","39350","","1.0000","","2026-09-18 00:00:00","2026-09-18 00:00:00","2026-09-15 00:00:00","2026-09-17 00:00:00","2026-09-15 00:00:00","0","","","","","","","","","","","0580","PO BOX 978591","","DALLAS","WESTYE","","","","SUBZERO WOLF GROUP","","","","(800) 441-9260","","","TX","","75397-8591","6109.0000","6109.0000","6109.0000",""
"43747","","Supplier","ALL","False","","","False","2026-09-15 00:00:00","AMW","","","","","","","","","","","","2026-10-01 00:00:00","True","Andrew Walsh","39351","","1.0000","","","","2026-09-15 00:00:00","","2026-09-15 00:00:00","0","","","","","","","","","","","0580","PO BOX 978591","","DALLAS","WESTYE","","","","SUBZERO WOLF GROUP","","","","(800) 441-9260","","","TX","","75397-8591","0.0000","20732.0000","0.0000",""
"43748","","Supplier","ALL","False","","","False","2026-09-15 00:00:00","AMW","","","","","","","","","","","","2026-10-01 00:00:00","True","Andrew Walsh","39352","","1.0000","","","","2026-09-15 00:00:00","","2026-09-15 00:00:00","0","","","","","","","","","","","0580","PO BOX 978591","","DALLAS","WESTYE","","","","SUBZERO WOLF GROUP","","","","(800) 441-9260","","","TX","","75397-8591","0.0000","17512.0000","0.0000",""
"43749","","Supplier","ALL","False","","","False","2026-09-15 00:00:00","AMW","","","","","","","","","","","","2026-10-01 00:00:00","True","Andrew Walsh","39353","","1.0000","","","","2026-09-15 00:00:00","","2026-09-15 00:00:00","0","","","","","","","","","","","0580","PO BOX 978591","","DALLAS","WESTYE","","","","SUBZERO WOLF GROUP","","","","(800) 441-9260","","","TX","","75397-8591","0.0000","11010.0000","0.0000",""
"43750","","Supplier","ALL","False","","","False","2026-09-15 00:00:00","AMW","","","","","","","","","","","","2026-10-01 00:00:00","True","Andrew Walsh","39354","","1.0000","","","","2026-09-15 00:00:00","","2026-09-15 00:00:00","0","","","","","","","","","","","0580","PO BOX 978591","","DALLAS","WESTYE","","","","SUBZERO WOLF GROUP","","","","(800) 441-9260","","","TX","","75397-8591","0.0000","27386.0100","0.0000",""
"43751","","Supplier","ALL","False","","","False","2026-09-15 00:00:00","AMW","","","","","","","","","","","","2026-09-24 00:00:00","True","Andrew Walsh","39355","","1.0000","","","","2026-09-15 00:00:00","","2026-09-15 00:00:00","0","","","","","","","","","","","0580","PO BOX 978591","","DALLAS","WESTYE","","","","SUBZERO WOLF GROUP","","","","(800) 441-9260","","","TX","","75397-8591","0.0000","13131.0000","0.0000",""
"43752","","Supplier","ALL","False","","","False","2026-09-15 00:00:00","AMW","","","","","","","","","","","","2026-09-24 00:00:00","True","Andrew Walsh","39356","","1.0000","","","","2026-09-15 00:00:00","","2026-09-15 00:00:00","0","","","","","","","","","","","0580","PO BOX 978591","","DALLAS","WESTYE","","","","SUBZERO WOLF GROUP","","","","(800) 441-9260","","","TX","","75397-8591","0.0000","1810.0100","0.0000",""
"43753","","Supplier","ALL","False","","","False","2026-09-15 00:00:00","KKD","","","","","","","","","","","","","True","Kezia Doane","39357","","1.0000","","2026-09-17 00:00:00","2026-09-17 00:00:00","2026-09-15 00:00:00","2026-09-17 00:00:00","2026-09-15 00:00:00","0","","","","","","","","","","","010051","PO BOX 566268","","DALLAS","APD","","","","RELIABLE PARTS","","(214) 634-7929","","(214) 631-4298","(800) 841-4060","","TX","www.apdepot.com","75356","56.9600","56.9600","56.9600",""
"43754","","Supplier","ALL","False","","","False","2026-09-15 00:00:00","KKD","","","","","","","","","","","","","True","Kezia Doane","39358","","1.0000","","","","2026-09-15 00:00:00","","2026-09-15 00:00:00","0","","","","","","","","","","","","P.O. Box 8387","","CAROL STREAM","ENCOMPASS","","","","ENCOMPASS","","","","","","","IL","","60197","0.0000","1955.8400","0.0000",""
"43755","","Supplier","ALL","False","","","False","2026-09-15 00:00:00","KKD","","","","","","","","","","","","","True","Kezia Doane","39359","","1.0000","","2026-09-16 00:00:00","2026-09-16 00:00:00","2026-09-15 00:00:00","2026-09-16 00:00:00","2026-09-15 00:00:00","0","","","","","","","","","","","055699","13100 W. 43RD DRIVE","","GOLDEN","AMERICAN","","AR- Brandy 303.633.5518","","GREAT PLAINS APPLIANCE PARTS","sbaca@americanappliance.biz","(303) 633-5503","","(800) 678-6788","(303) 633-5500","","CO","https://www.greatplainsapplianceparts.com","80403","484.7600","484.7600","484.7600",""
"43756","","Supplier","ALL","False","","","False","2026-09-15 00:00:00","KKD","","","","","","","","","","","","","True","Kezia Doane","39360","","1.0000","","","","","","2026-09-15 00:00:00","0","","","","","","","","","","","","271 TEXAS AVE","","ROUND ROCK","DAWARD","","","","D.A. WARDEN","","(512) 459-1421","","(512) 459-9693","","","TX","","78664","0.0000","0.0000","0.0000",""
"43726","","Supplier","ALL","False","","","False","2026-09-14 00:00:00","KKD","","","","","","","","","","","","","True","Kezia Doane","39330","","1.0000","","2026-09-16 00:00:00","2026-09-16 00:00:00","2026-09-14 00:00:00","2026-09-16 00:00:00","2026-09-14 00:00:00","0","","","","","","","","","","","055699","13100 W. 43RD DRIVE","","GOLDEN","AMERICAN","","AR- Brandy 303.633.5518","","GREAT PLAINS APPLIANCE PARTS","sbaca@americanappliance.biz","(303) 633-5503","","(800) 678-6788","(303) 633-5500","","CO","https://www.greatplainsapplianceparts.com","80403","100.4400","100.4400","100.4400",""
"43727","","Supplier","ALL","False","","","False","2026-09-14 00:00:00","KKD","","","","","","","","","","","","","True","Kezia Doane","39331","","1.0000","","2026-09-16 00:00:00","","2026-09-14 00:00:00","2026-09-16 00:00:00","2026-09-14 00:00:00","0","","","","","","","","","","","95466","PO BOX 88177","","MILWAUKEE","MARCONE","","","","MARCONE APPLIANCE PARTS CO","","","","(800) 482-6022","","","WI","http://www.marcone.com/","53288-8177","571.5300","739.8700","571.5300",""
"43728","","Supplier","ALL","False","","","False","2026-09-14 00:00:00","KKD","","","","","","","","","","","","","True","Kezia Doane","39332","","1.0000","","2026-09-16 00:00:00","2026-09-16 00:00:00","2026-09-14 00:00:00","2026-09-16 00:00:00","2026-09-14 00:00:00","0","","","","","","","","","","","010051","PO BOX 566268","","DALLAS","APD","","","","RELIABLE PARTS","","(214) 634-7929","","(214) 631-4298","(800) 841-4060","","TX","www.apdepot.com","75356","651.8900","651.8900","651.8900",""
"43729","","Supplier","ALL","False","","","False","2026-09-14 00:00:00","KKD","","","","","","","","","","","","","True","Kezia Doane","39333","","1.0000","","2026-09-17 00:00:00","2026-09-17 00:00:00","2026-09-14 00:00:00","2026-09-17 00:00:00","2026-09-14 00:00:00","0","","","","","","","","","","","4022263","PO BOX 845053","","DALLAS","TRANE PART","FELICIA - ACCNT MNGER","","","TRANE PARTS","joey.rodriquez@trane.com","","","608.787.4636","512-524-3190 PartOrd","","TX","igor.alvarado@trane.com","75284-5053","628.0400","628.0400","628.0400",""
"43730","","Supplier","ALL","False","","","False","2026-09-14 00:00:00","AMW","","","","","","","","","","","","2026-09-14 00:00:00","True","Andrew Walsh","39334","","1.0000","","2026-09-16 00:00:00","2026-09-16 00:00:00","2026-09-14 00:00:00","2026-09-14 00:00:00","2026-09-14 00:00:00","0","","","","","","","","","","","0580","PO BOX 978591","","DALLAS","WESTYE","","","","SUBZERO WOLF GROUP","","","","(800) 441-9260","","","TX","","75397-8591","1115.9800","1115.9800","1115.9800",""
"43731","","Supplier","ALL","False","","","False","2026-09-14 00:00:00","CBS","","","","","","","","","","","","","True","Chris Shanahan","39335","","1.0000","","","","","","2026-09-14 00:00:00","0","","","","","","","","","","","152630","PO BOX 250","","KREAMER","WOODMODE","","","","WOOD-MODE INC.","","(570) 372-1417","BARG","(570) 374-2711","","","PA","","17833-0250","0.0000","0.0000","0.0000",""
"43732","","Supplier","ALL","False","","","False","2026-09-14 00:00:00","KKD","","","","","","","","","","","","","True","Kezia Doane","39336","","1.0000","","2026-09-21 00:00:00","2026-09-21 00:00:00","2026-09-14 00:00:00","2026-09-21 00:00:00","2026-09-14 00:00:00","0","","","","","","","","","","","86577305","GE/RCA CONSUMER SERVICE","PO BOX 733572","DALLAS","GE PARTS","","","","GENERAL ELECTRIC COMPANY","graham.ramsey@geappliances.com","(866) 765-3592","","(888) 440-3405","1.866.557.7586","","TX","","75373-3572","116.2700","116.2700","116.2700",""
"43733","","Supplier","ALL","False","","","False","2026-09-14 00:00:00","AMW","","","","","","","","","","","","","True","Andrew Walsh","39337","","1.0000","","","","","","2026-09-14 00:00:00","0","","","","","","","","","","","949928 Contract","P.O. BOX 8502","","BENTON HARBOR","WP001","","","","WHIRLPOOL CORPORATION","","(214) 550-5613","","(800) 321-7613","","","MI","https://secure5.whirlpool.com/home.jsp","49022","0.0000","0.0000","0.0000",""
"43734","","Supplier","ALL","False","","","False","2026-09-14 00:00:00","CAM","","","","","","","","","","","","","True","","39338","","1.0000","","","","","","2026-09-14 00:00:00","0","","","","","","","","","","","152630","PO BOX 250","","KREAMER","WOODMODE","","","","WOOD-MODE INC.","","(570) 372-1417","","(570) 374-2711","","","PA","","17833-0250","0.0000","0.0000","0.0000",""
"43735","","Supplier","ALL","False","","","False","2026-09-14 00:00:00","KKD","","","","","","","","","","","","","True","Kezia Doane","39339","","1.0000","","2026-09-16 00:00:00","2026-09-16 00:00:00","2026-09-14 00:00:00","2026-09-16 00:00:00","2026-09-14 00:00:00","0","","","","","","","","","","","4022263","PO BOX 845053","","DALLAS","TRANE PART","FELICIA - ACCNT MNGER","","","TRANE PARTS","joey.rodriquez@trane.com","","","608.787.4636","512-524-3190 PartOrd","","TX","igor.alvarado@trane.com","75284-5053","905.5500","905.5500","905.5500",""
"43736","","Supplier","ALL","False","","","False","2026-09-14 00:00:00","AMW","","","","","","","","","","","","2026-09-21 00:00:00","True","Andrew Walsh","39340","","1.0000","","","","2026-09-14 00:00:00","","2026-09-14 00:00:00","0","","","","","","","","","","","","PO BOX 730241","","DALLAS","LGEUS","","","","LG ELECTRONICS USA INC","","","","","","","TX","","75373-0241","0.0000","1940.0000","0.0000",""
"43737","","Supplier","ALL","False","","","False","2026-09-14 00:00:00","AMW","","","","","","","","","","","","2026-09-18 00:00:00","True","Andrew Walsh","39341","","1.0000","","","","2026-09-14 00:00:00","","2026-09-14 00:00:00","0","","","","","","","","","","","949928 Contract","P.O. BOX 8502","","BENTON HARBOR","WP001","","","","WHIRLPOOL CORPORATION","","(214) 550-5613","","(800) 321-7613","","","MI","https://secure5.whirlpool.com/home.jsp","49022","0.0000","16788.0000","0.0000",""
"43738","","Supplier","ALL","False","","","False","2026-09-14 00:00:00","AMW","","","","","","","","","","","","2026-09-18 00:00:00","True","Andrew Walsh","39342","","1.0000","","2026-09-18 00:00:00","","2026-09-15 00:00:00","2026-09-18 00:00:00","2026-09-14 00:00:00","0","","","","","","","","","","","949928 Contract","P.O. BOX 8502","","BENTON HARBOR","WP001","","","","WHIRLPOOL CORPORATION","","(214) 550-5613","","(800) 321-7613","","","MI","https://secure5.whirlpool.com/home.jsp","49022","8483.0000","13384.0000","8483.0000",""
"43711","","Supplier","ALL","False","","","False","2026-09-11 00:00:00","KKD","","","","","","","","","","","","","True","Kezia Doane","39316","","1.0000","","2026-09-16 00:00:00","2026-09-16 00:00:00","2026-09-11 00:00:00","2026-09-16 00:00:00","2026-09-11 00:00:00","0","","","","","","","","","","","010051","PO BOX 566268","","DALLAS","APD","","","","RELIABLE PARTS","","(214) 634-7929","","(214) 631-4298","(800) 841-4060","","TX","www.apdepot.com","75356","234.9700","234.9700","234.9700",""
"43712","","Supplier","ALL","False","","","False","2026-09-11 00:00:00","KKD","","","","","","","","","","","","","True","Kezia Doane","RET-MIELE-SEPT26","","1.0000","","","","2026-09-11 00:00:00","","2026-09-11 00:00:00","0","","","","","","","","","","","X5128940907","9 INDEPENDENCE WAY","","PRINCETON","MIELE PART","","","","MIELE INC.","","(609) 419-4298","","(800) 843-7231","","","NJ","","08540","0.0000","-478.5000","0.0000",""
"43713","","Supplier","ALL","False","","","False","2026-09-11 00:00:00","AMW","","","","","","","","","","","","2026-10-16 00:00:00","True","Andrew Walsh","39317","","1.0000","","","","2026-09-11 00:00:00","","2026-09-11 00:00:00","0","","","","","","","","","","","2640116","P.O.BOX 88776","","CAROL STREAM","TRUE","","","","TRUE MANUFACTURING CO., INC","trueresidentialorders@truemfg.com order email","","","(800) 325-6152","","","IL","http://www.true-residential.com/support/","60188-8776","0.0000","13999.5000","0.0000",""
"43714","","Supplier","ALL","False","","","False","2026-09-11 00:00:00","AMW","","","","","","","","","","","","2026-10-02 00:00:00","True","Andrew Walsh","39318","","1.0000","","","","2026-09-11 00:00:00","","2026-09-11 00:00:00","0","","","","","","","","","","","2640116","P.O.BOX 88776","","CAROL STREAM","TRUE","","","","TRUE MANUFACTURING CO., INC","trueresidentialorders@truemfg.com order email","","","(800) 325-6152","","","IL","http://www.true-residential.com/support/","60188-8776","0.0000","7716.0000","0.0000",""
"43715","","Supplier","ALL","False","","","False","2026-09-11 00:00:00","AMW","","","","","","","","","","","","2026-09-18 00:00:00","True","Andrew Walsh","39319","","1.0000","","","","2026-09-11 00:00:00","2026-09-18 00:00:00","2026-09-11 00:00:00","0","","","","","","","","","","","2640116","P.O.BOX 88776","","CAROL STREAM","TRUE","","","","TRUE MANUFACTURING CO., INC","trueresidentialorders@truemfg.com order email","","","(800) 325-6152","","","IL","http://www.true-residential.com/support/","60188-8776","0.0000","12402.7500","12402.7500",""
"43716","","Supplier","ALL","False","","","False","2026-09-11 00:00:00","KKD","","","","","","","","","","","","","True","Kezia Doane","39320","","1.0000","","2026-09-15 00:00:00","","2026-09-11 00:00:00","2026-09-15 00:00:00","2026-09-11 00:00:00","0","","","","","","","","","","","95466","PO BOX 88177","","MILWAUKEE","MARCONE","","","","MARCONE APPLIANCE PARTS CO","","","","(800) 482-6022","","","WI","http://www.marcone.com/","53288-8177","488.1100","563.1100","488.1100",""
"43717","","Supplier","ALL","False","","","False","2026-09-11 00:00:00","KKD","","","","","","","","","","","","","True","Kezia Doane","39321","","1.0000","","2026-09-18 00:00:00","2026-09-18 00:00:00","2026-09-11 00:00:00","2026-09-18 00:00:00","2026-09-11 00:00:00","0","","","","","","","","","","","X5128940907","9 INDEPENDENCE WAY","","PRINCETON","MIELE PART","","","","MIELE INC.","","(609) 419-4298","","(800) 843-7231","","","NJ","","08540","224.2500","224.2500","224.2500",""
"43718","","Supplier","ALL","False","","","False","2026-09-11 00:00:00","KKD","","","","","","","","","","","","","True","Kezia Doane","39322","","1.0000","","2026-09-14 00:00:00","2026-09-14 00:00:00","2026-09-11 00:00:00","2026-09-14 00:00:00","2026-09-11 00:00:00","0","","","","","","","","","","","055699","13100 W. 43RD DRIVE","","GOLDEN","AMERICAN","","AR- Brandy 303.633.5518","","GREAT PLAINS APPLIANCE PARTS","sbaca@americanappliance.biz","(303) 633-5503","","(800) 678-6788","(303) 633-5500","","CO","https://www.greatplainsapplianceparts.com","80403","300.9400","300.9400","300.9400",""
"43719","","Supplier","ALL","False","","","False","2026-09-11 00:00:00","KKD","","","","","","","","","","","","","True","Kezia Doane","39323","","1.0000","","2026-09-17 00:00:00","2026-09-17 00:00:00","2026-09-11 00:00:00","2026-09-17 00:00:00","2026-09-11 00:00:00","0","","","","","","","","","","","","P.O. Box 8387","","CAROL STREAM","ENCOMPASS","","","","ENCOMPASS","","","","","","","IL","","60197","360.2800","360.2800","360.2800",""
"43720","","Supplier","ALL","False","","","False","2026-09-11 00:00:00","CBS","","","","","","","","","","","","","True","Chris Shanahan","39324","","1.0000","","","","","","2026-09-11 00:00:00","0","","","","","","","","","","","","","","","MISC","","","","MISCELLANEOUS SUPPLIER","","","MICROTRIM - SNITKIN S00064968","","","","","","","0.0000","0.0000","0.0000",""
"43721","","Supplier","ALL","False","","","False","2026-09-11 00:00:00","AMW","","","","","","","","","","","","2026-09-18 00:00:00","True","Andrew Walsh","39325","","1.0000","","2026-09-18 00:00:00","","2026-09-18 00:00:00","2026-09-21 00:00:00","2026-09-11 00:00:00","0","","","","","","","","","","","949928 Contract","P.O. BOX 8502","","BENTON HARBOR","WP001","","","","WHIRLPOOL CORPORATION","","(214) 550-5613","","(800) 321-7613","","","MI","https://secure5.whirlpool.com/home.jsp","49022","4329.0000","14738.5000","6551.0000",""
"43722","","Supplier","ALL","False","","","False","2026-09-11 00:00:00","AMW","","","","","","","","","","","","","True","Andrew Walsh","39326","","1.0000","","","","2026-09-11 00:00:00","","2026-09-11 00:00:00","0","","","","","","","","","","","2640116","P.O.BOX 88776","","CAROL STREAM","TRUE","","","","TRUE MANUFACTURING CO., INC","trueresidentialorders@truemfg.com order email","","","(800) 325-6152","","","IL","http://www.true-residential.com/support/","60188-8776","0.0000","28360.5000","0.0000",""
"43723","","Supplier","ALL","False","","","False","2026-09-11 00:00:00","AMW","","","","","","","","","","","","2026-09-17 00:00:00","True","Andrew Walsh","39327","","1.0000","","2026-09-18 00:00:00","","2026-09-11 00:00:00","2026-09-17 00:00:00","2026-09-11 00:00:00","0","","","","","","","","","","","0580","PO BOX 978591","","DALLAS","WESTYE","","","","SUBZERO WOLF GROUP","","","","(800) 441-9260","","","TX","","75397-8591","9863.0000","18131.0100","9863.0000",""
"43724","","Supplier","ALL","False","","","False","2026-09-11 00:00:00","AMW","","","","","","","","","","","","2026-09-24 00:00:00","True","Andrew Walsh","39328","","1.0000","","2026-09-18 00:00:00","","2026-09-11 00:00:00","2026-09-17 00:00:00","2026-09-11 00:00:00","0","","","","","","","","","","","0580","PO BOX 978591","","DALLAS","WESTYE","","","","SUBZERO WOLF GROUP","","","","(800) 441-9260","","","TX","","75397-8591","4446.0300","21028.0300","4446.0300",""
"43725","","Supplier","ALL","False","","","False","2026-09-11 00:00:00","AMW","","","","","","","","","","","","2026-09-17 00:00:00","True","Andrew Walsh","39329","","1.0000","","2026-09-18 00:00:00","2026-09-18 00:00:00","2026-09-11 00:00:00","2026-09-17 00:00:00","2026-09-11 00:00:00","0","","","","","","","","","","","0580","PO BOX 978591","","DALLAS","WESTYE","","","","SUBZERO WOLF GROUP","","","","(800) 441-9260","","","TX","","75397-8591","10230.0000","10230.0000","10230.0000",""
"43703","","Supplier","ALL","False","","","False","2026-09-10 00:00:00","KKD","","","","","","","","","","","","","True","Kezia Doane","39309","","1.0000","","2026-09-11 00:00:00","2026-09-11 00:00:00","2026-09-10 00:00:00","2026-09-11 00:00:00","2026-09-10 00:00:00","0","","","","","","","","","","","055699","13100 W. 43RD DRIVE","","GOLDEN","AMERICAN","","AR- Brandy 303.633.5518","","GREAT PLAINS APPLIANCE PARTS","sbaca@americanappliance.biz","(303) 633-5503","","(800) 678-6788","(303) 633-5500","","CO","https://www.greatplainsapplianceparts.com","80403","208.2400","208.2400","208.2400",""
"43704","","Supplier","ALL","False","","","False","2026-09-10 00:00:00","KKD","","","","","","","","","","","","","True","Kezia Doane","39310","","1.0000","","2026-09-16 00:00:00","2026-09-16 00:00:00","2026-09-10 00:00:00","2026-09-16 00:00:00","2026-09-10 00:00:00","0","","","","","","","","","","","95466","PO BOX 88177","","MILWAUKEE","MARCONE","","","","MARCONE APPLIANCE PARTS CO","","","","(800) 482-6022","","","WI","http://www.marcone.com/","53288-8177","1756.5800","1756.5800","1756.5800",""
"43705","","Supplier","ALL","False","","","False","2026-09-10 00:00:00","KKD","","","","","","","","","","","","","True","Kezia Doane","39311","","1.0000","","2026-09-14 00:00:00","2026-09-14 00:00:00","2026-09-10 00:00:00","2026-09-14 00:00:00","2026-09-10 00:00:00","0","","","","","","","","","","","010051","PO BOX 566268","","DALLAS","APD","","","","RELIABLE PARTS","","(214) 634-7929","","(214) 631-4298","(800) 841-4060","","TX","www.apdepot.com","75356","427.7000","427.7000","427.7000",""
"43706","","Supplier","ALL","False","","","False","2026-09-10 00:00:00","AMW","","","","","","","","","","","","2026-09-15 00:00:00","True","Andrew Walsh","39312","","1.0000","","2026-09-18 00:00:00","2026-09-18 00:00:00","2026-09-10 00:00:00","2026-09-16 00:00:00","2026-09-10 00:00:00","0","","","","","","","","","","","","1901 MAIN STREET","","IRVINE","BSH","","","","BSH HOME APPLIANCES","mbx-irv-order@bshg.com","","","(949) 440-7100","(800) 613-7333","","CA","www.boschappliances.com","92614","5112.0000","5112.0000","5112.0000",""
"43707","","Supplier","ALL","False","","","False","2026-09-10 00:00:00","KKD","","","","","","","","","","","","","True","Kezia Doane","39313","","1.0000","","","","2026-09-10 00:00:00","","2026-09-10 00:00:00","0","","","","","","","","","","","4022263","PO BOX 845053","","DALLAS","TRANE PART","FELICIA - ACCNT MNGER","","","TRANE PARTS","joey.rodriquez@trane.com","","","608.787.4636","512-524-3190 PartOrd","","TX","igor.alvarado@trane.com","75284-5053","0.0000","996.5700","0.0000",""
"43708","","Supplier","ALL","False","","","False","2026-09-10 00:00:00","CAM","","","","","","","","","","","","","True","","39314","","1.0000","","","","","","2026-09-10 00:00:00","0","","","","","","","","","","","","PO BOX 732674","","DALLAS","HARDWARE","kRYSTLE HAASE","","","Hardware Resources","","318.742.9513","","318.742.0660","318.212.0514 (KRYSTL","","TX","","75373","0.0000","0.0000","0.0000",""
"43709","","Supplier","ALL","False","","","False","2026-09-10 00:00:00","CDM","","","","","","","","","","","","","True","Cayden Mayfield","39315","","1.0000","","2026-09-12 00:00:00","","2026-09-10 00:00:00","2026-09-16 00:00:00","2026-09-10 00:00:00","0","","","","","","","","","","","540275","PO BOX 848343","","DALLAS","TRANE","","","","TRANE U.S. INC.","tiffanyjones@trane.com","","","800.241.8507","","","TX","","75284-8343","7527.2800","8444.2800","8444.2800",""
"43710","","Supplier","ALL","False","","","False","2026-09-10 00:00:00","CAM","","","","","","","","","","","","","True","","CB00010201","","1.0000","","","","","","2026-09-10 00:00:00","0","","","","","","","","","","","","PO BOX 732674","","DALLAS","HARDWARE","kRYSTLE HAASE","","","Hardware Resources","","318.742.9513","","318.742.0660","318.212.0514 (KRYSTL","","TX","","75373","0.0000","0.0000","0.0000",""
"43686","","Supplier","ALL","False","","","False","2026-09-09 00:00:00","KKD","","","","","","","","","","","","","True","Kezia Doane","39292","","1.0000","","2026-09-18 00:00:00","2026-09-18 00:00:00","2026-09-09 00:00:00","2026-09-18 00:00:00","2026-09-09 00:00:00","0","","","","","","","","","","","X5128940907","9 INDEPENDENCE WAY","","PRINCETON","MIELE PART","","","","MIELE INC.","","(609) 419-4298","","(800) 843-7231","","","NJ","","08540","141.7500","141.7500","141.7500",""
"43687","","Supplier","ALL","False","","","False","2026-09-09 00:00:00","KKD","","","","","","","","","","","","","True","Kezia Doane","39293","","1.0000","","2026-09-15 00:00:00","2026-09-15 00:00:00","2026-09-09 00:00:00","2026-09-15 00:00:00","2026-09-09 00:00:00","0","","","","","","","","","","","95466","PO BOX 88177","","MILWAUKEE","MARCONE","","","","MARCONE APPLIANCE PARTS CO","","","","(800) 482-6022","","","WI","http://www.marcone.com/","53288-8177","1097.1400","1097.1400","1097.1400",""
"43688","","Supplier","ALL","False","","","False","2026-09-09 00:00:00","KKD","","","","","","","","","","","","","True","Kezia Doane","39294","","1.0000","","2026-09-16 00:00:00","","2026-09-09 00:00:00","2026-09-16 00:00:00","2026-09-09 00:00:00","0","","","","","","","","","","","","P.O. Box 8387","","CAROL STREAM","ENCOMPASS","","","","ENCOMPASS","","","","","","","IL","","60197","2.9900","371.7800","2.9900",""
"43689","","Supplier","ALL","False","","","False","2026-09-09 00:00:00","KKD","","","","","","","","","","","","","True","Kezia Doane","39295","","1.0000","","","","2026-09-09 00:00:00","","2026-09-09 00:00:00","0","","","","","","","","","","","95466","PO BOX 88177","","MILWAUKEE","MARCONE","","","","MARCONE APPLIANCE PARTS CO","","","","(800) 482-6022","","","WI","http://www.marcone.com/","53288-8177","0.0000","96.0000","0.0000",""
"43690","","Supplier","ALL","False","","","False","2026-09-09 00:00:00","AMW","","","","","","","","","","","","2026-09-16 00:00:00","True","Andrew Walsh","39296","","1.0000","","","","2026-09-09 00:00:00","2026-09-16 00:00:00","2026-09-09 00:00:00","0","","","","","","","","","","","","PO BOX 730241","","DALLAS","LGEUS","","","","LG ELECTRONICS USA INC","","","","","","","TX","","75373-0241","0.0000","1318.0000","1318.0000",""
"43691","","Supplier","ALL","False","","","False","2026-09-09 00:00:00","KKD","","","","","","","","","","","","","True","Kezia Doane","39297","","1.0000","","2026-09-14 00:00:00","2026-09-14 00:00:00","2026-09-09 00:00:00","2026-09-14 00:00:00","2026-09-09 00:00:00","0","","","","","","","","","","","055699","13100 W. 43RD DRIVE","","GOLDEN","AMERICAN","","AR- Brandy 303.633.5518","","GREAT PLAINS APPLIANCE PARTS","sbaca@americanappliance.biz","(303) 633-5503","","(800) 678-6788","(303) 633-5500","","CO","https://www.greatplainsapplianceparts.com","80403","492.2800","492.2800","492.2800",""
"43692","","Supplier","ALL","False","","","False","2026-09-09 00:00:00","KKD","","","","","","","","","","","","","True","Kezia Doane","39298","","1.0000","","2026-09-21 00:00:00","2026-09-21 00:00:00","2026-09-09 00:00:00","2026-09-21 00:00:00","2026-09-09 00:00:00","0","","","","","","","","","","","010051","PO BOX 566268","","DALLAS","APD","","","","RELIABLE PARTS","","(214) 634-7929","","(214) 631-4298","(800) 841-4060","","TX","www.apdepot.com","75356","1463.3900","1463.3900","1463.3900",""
"43693","","Supplier","ALL","False","","","False","2026-09-09 00:00:00","KKD","","","","","","","","","","","","","True","Kezia Doane","39299","","1.0000","","2026-09-17 00:00:00","2026-09-17 00:00:00","2026-09-09 00:00:00","2026-09-17 00:00:00","2026-09-09 00:00:00","0","","","","","","","","","","","","1901 MAIN STREET","","IRVINE","BSH","","","","BSH HOME APPLIANCES","mbx-irv-order@bshg.com","","","(949) 440-7100","(800) 613-7333","","CA","www.boschappliances.com","92614","519.1900","519.1900","519.1900",""
"43694","","Supplier","ALL","False","","","False","2026-09-09 00:00:00","AMW","","","","","","","","","","","","2026-09-15 00:00:00","True","Andrew Walsh","39300","","1.0000","","","","2026-09-09 00:00:00","","2026-09-09 00:00:00","0","","","","","","","","","","","949928 Contract","P.O. BOX 8502","","BENTON HARBOR","WP001","","","","WHIRLPOOL CORPORATION","","(214) 550-5613","","(800) 321-7613","","","MI","https://secure5.whirlpool.com/home.jsp","49022","0.0000","6594.0000","0.0000",""
"43695","","Supplier","ALL","False","","","False","2026-09-09 00:00:00","KKD","","","","","","","","","","","","","True","Kezia Doane","39301","","1.0000","","2026-09-17 00:00:00","2026-09-17 00:00:00","2026-09-09 00:00:00","2026-09-15 00:00:00","2026-09-09 00:00:00","0","","","","","","","","","","","311583","318 JUNE AVE","","BLANDON","BLUESTAR","STEVE KRAMER EXT 2124-PARTS","JORDYN deGLAS ext 2120-SALES","","PRIZER PAINTER STOVE WORKS INC","sales@bluestarcooking.com  order email","","","(610) 376-7479","(800) 449-8691","","PA","","19510","59.3400","59.3400","59.3400",""
"43696","","Supplier","ALL","False","","","False","2026-09-09 00:00:00","KKD","","","","","","","","","","","","","True","Kezia Doane","39302","","1.0000","","2026-09-18 00:00:00","2026-09-18 00:00:00","2026-09-09 00:00:00","2026-09-18 00:00:00","2026-09-09 00:00:00","0","","","","","","","","","","","X5128940907","9 INDEPENDENCE WAY","","PRINCETON","MIELE PART","","","","MIELE INC.","","(609) 419-4298","","(800) 843-7231","","","NJ","","08540","785.2500","785.2500","785.2500",""
"43697","","Supplier","ALL","False","","","False","2026-09-09 00:00:00","CBS","","","","","","","","","","","","","True","Chris Shanahan","39303","","1.0000","","","","","","2026-09-09 00:00:00","0","","","","","","","","","","","","","","","MISC","","","","MISCELLANEOUS SUPPLIER","","","BUSTER AND PUNCH - WEINER CB00010197","","","","","","","0.0000","0.0000","0.0000",""
"43698","","Supplier","ALL","False","","","False","2026-09-09 00:00:00","AMW","","","","","","","","","","","","2026-09-17 00:00:00","True","Andrew Walsh","39304","","1.0000","","2026-09-18 00:00:00","","2026-09-09 00:00:00","2026-09-17 00:00:00","2026-09-09 00:00:00","0","","","","","","","","","","","0580","PO BOX 978591","","DALLAS","WESTYE","","","","SUBZERO WOLF GROUP","","","","(800) 441-9260","","","TX","","75397-8591","12885.0000","12986.0000","12885.0000",""
"43699","","Supplier","ALL","False","","","False","2026-09-09 00:00:00","AMW","","","","","","","","","","","","2026-09-17 00:00:00","True","Andrew Walsh","39305","","1.0000","","2026-09-18 00:00:00","2026-09-18 00:00:00","2026-09-09 00:00:00","2026-09-17 00:00:00","2026-09-09 00:00:00","0","","","","","","","","","","","0580","PO BOX 978591","","DALLAS","WESTYE","","","","SUBZERO WOLF GROUP","","","","(800) 441-9260","","","TX","","75397-8591","2355.0000","2355.0000","2355.0000",""
"43700","","Supplier","ALL","False","","","False","2026-09-09 00:00:00","AMW","","","","","","","","","","","","2026-09-17 00:00:00","True","Andrew Walsh","39306","","1.0000","","","","2026-09-09 00:00:00","","2026-09-09 00:00:00","0","","","","","","","","","","","0580","PO BOX 978591","","DALLAS","WESTYE","","","","SUBZERO WOLF GROUP","","","","(800) 441-9260","","","TX","","75397-8591","0.0000","2937.0000","0.0000",""
"43701","","Supplier","ALL","False","","","False","2026-09-09 00:00:00","AMW","","","","","","","","","","","","2026-09-11 00:00:00","True","Andrew Walsh","39307","","1.0000","","","","2026-09-09 00:00:00","","2026-09-09 00:00:00","0","","","","","","","","","","","109912","P O BOX 110669","","CARROLLTON","MILESTONE","","","","MILESTONE","kvanness@milestonedist.com  orer email","(214) 420-7899","","(877) 644-0414","(214) 217-2801","","TX","","75011","0.0000","9330.6000","0.0000",""
"43702","","Supplier","ALL","False","","","False","2026-09-09 00:00:00","AMW","","","","","","","","","","","","2026-09-16 00:00:00","True","Andrew Walsh","39308","","1.0000","","","","2026-09-09 00:00:00","","2026-09-09 00:00:00","0","","","","","","","","","","","949928 Contract","P.O. BOX 8502","","BENTON HARBOR","WP001","","","","WHIRLPOOL CORPORATION","","(214) 550-5613","","(800) 321-7613","","","MI","https://secure5.whirlpool.com/home.jsp","49022","0.0000","4785.0000","0.0000",""
"43671","","Supplier","ALL","False","","","False","2026-09-08 00:00:00","AMW","","","","","","","","","","","","2026-09-15 00:00:00","True","Andrew Walsh","39277","","1.0000","","","","2026-09-08 00:00:00","2026-09-14 00:00:00","2026-09-08 00:00:00","0","","","","","","","","","","","","PO BOX 730241","","DALLAS","LGEUS","","","","LG ELECTRONICS USA INC","","","","","","","TX","","75373-0241","0.0000","1899.0000","1899.0000",""
"43672","","Supplier","ALL","False","","","False","2026-09-08 00:00:00","AMW","","","","","","","","","","","","","True","Andrew Walsh","39278","","1.0000","","2026-09-12 00:00:00","","2026-09-08 00:00:00","2026-09-10 00:00:00","2026-09-08 00:00:00","0","","","","","","","","","","","0580","PO BOX 978591","","DALLAS","WESTYE","","","","SUBZERO WOLF GROUP","","","","(800) 441-9260","","","TX","","75397-8591","43.0000","4252.0000","43.0000",""
"43673","","Supplier","ALL","False","","","False","2026-09-08 00:00:00","AMW","","","","","","","","","","","","2026-09-17 00:00:00","True","Andrew Walsh","39279","","1.0000","","2026-09-12 00:00:00","2026-09-12 00:00:00","2026-09-08 00:00:00","2026-09-10 00:00:00","2026-09-08 00:00:00","0","","","","","","","","","","","0580","PO BOX 978591","","DALLAS","WESTYE","","","","SUBZERO WOLF GROUP","","","","(800) 441-9260","","","TX","","75397-8591","11544.0000","11544.0000","11544.0000",""
"43674","","Supplier","ALL","False","","","False","2026-09-08 00:00:00","AMW","","","","","","","","","","","","2026-09-11 00:00:00","True","Andrew Walsh","39280","","1.0000","","","","2026-09-08 00:00:00","","2026-09-08 00:00:00","0","","","","","","","","","","","949928 Contract","P.O. BOX 8502","","BENTON HARBOR","WP001","","","","WHIRLPOOL CORPORATION","","(214) 550-5613","","(800) 321-7613","","","MI","https://secure5.whirlpool.com/home.jsp","49022","0.0000","2775.0000","0.0000",""
"43675","","Supplier","ALL","False","","","False","2026-09-08 00:00:00","AMW","","","","","","","","","","","","2026-11-13 00:00:00","True","Andrew Walsh","39281","","1.0000","","","","2026-09-08 00:00:00","","2026-09-08 00:00:00","0","","","","","","","","","","","949928 Contract","P.O. BOX 8502","","BENTON HARBOR","WP001","","","","WHIRLPOOL CORPORATION","","(214) 550-5613","","(800) 321-7613","","","MI","https://secure5.whirlpool.com/home.jsp","49022","0.0000","2775.0000","0.0000",""
"43676","","Supplier","ALL","False","","","False","2026-09-08 00:00:00","AMW","","","","","","","","","","","","2027-01-15 00:00:00","True","Andrew Walsh","39282","","1.0000","","","","2026-09-08 00:00:00","","2026-09-08 00:00:00","0","","","","","","","","","","","949928 Contract","P.O. BOX 8502","","BENTON HARBOR","WP001","","","","WHIRLPOOL CORPORATION","","(214) 550-5613","","(800) 321-7613","","","MI","https://secure5.whirlpool.com/home.jsp","49022","0.0000","2775.0000","0.0000",""
"43677","","Supplier","ALL","False","","","False","2026-09-08 00:00:00","KKD","","","","","","","","","","","","","True","Kezia Doane","39283","","1.0000","","2026-09-15 00:00:00","2026-09-15 00:00:00","2026-09-08 00:00:00","2026-09-15 00:00:00","2026-09-08 00:00:00","0","","","","","","","","","","","010051","PO BOX 566268","","DALLAS","APD","","","","RELIABLE PARTS","","(214) 634-7929","","(214) 631-4298","(800) 841-4060","","TX","www.apdepot.com","75356","591.9300","591.9300","591.9300",""
"43678","","Supplier","ALL","False","","","False","2026-09-08 00:00:00","KKD","","","","","","","","","","","","","True","Kezia Doane","39284","","1.0000","","2026-09-17 00:00:00","","2026-09-08 00:00:00","2026-09-17 00:00:00","2026-09-08 00:00:00","0","","","","","","","","","","","86577305","GE/RCA CONSUMER SERVICE","PO BOX 733572","DALLAS","GE PARTS","","","","GENERAL ELECTRIC COMPANY","graham.ramsey@geappliances.com","(866) 765-3592","","(888) 440-3405","1.866.557.7586","","TX","","75373-3572","537.7000","942.1400","537.7000",""
"43679","","Supplier","ALL","False","","","False","2026-09-08 00:00:00","AMW","","","","","","","","","","","","2026-09-11 00:00:00","True","Andrew Walsh","39285","","1.0000","","","","2026-09-08 00:00:00","","2026-09-08 00:00:00","0","","","","","","","","","","","","1901 MAIN STREET","","IRVINE","BSH","","","","BSH HOME APPLIANCES","mbx-irv-order@bshg.com","","","(949) 440-7100","(800) 613-7333","","CA","www.boschappliances.com","92614","0.0000","1080.0000","0.0000",""
"43680","","Supplier","ALL","False","","","False","2026-09-08 00:00:00","AMW","","","","","","","","","","","","2026-09-11 00:00:00","True","Andrew Walsh","39286","","1.0000","","2026-09-14 00:00:00","2026-09-14 00:00:00","2026-09-08 00:00:00","2026-09-12 00:00:00","2026-09-08 00:00:00","0","","","","","","","","","","","","1901 MAIN STREET","","IRVINE","BSH","","","","BSH HOME APPLIANCES","mbx-irv-order@bshg.com","","","(949) 440-7100","(800) 613-7333","","CA","www.boschappliances.com","92614","225.0000","225.0000","225.0000",""
"43681","","Supplier","ALL","False","","","False","2026-09-08 00:00:00","KKD","","","","","","","","","","","","","True","Kezia Doane","39287","","1.0000","","","","","","2026-09-08 00:00:00","0","","","","","","","","","","","","271 TEXAS AVE","","ROUND ROCK","DAWARD","","","","D.A. WARDEN","","(512) 459-1421","","(512) 459-9693","","","TX","","78664","0.0000","0.0000","0.0000",""
"43682","","Supplier","ALL","False","","","False","2026-09-08 00:00:00","AMW","","","","","","","","","","","","2026-09-17 00:00:00","True","Andrew Walsh","39288","","1.0000","","2026-09-18 00:00:00","","2026-09-08 00:00:00","2026-09-17 00:00:00","2026-09-08 00:00:00","0","","","","","","","","","","","0580","PO BOX 978591","","DALLAS","WESTYE","","","","SUBZERO WOLF GROUP","","","","(800) 441-9260","","","TX","","75397-8591","137.0000","274.0000","137.0000",""
"43683","","Supplier","ALL","False","","","False","2026-09-08 00:00:00","KKD","","","","","","","","","","","","","True","Kezia Doane","39289","","1.0000","","2026-09-11 00:00:00","2026-09-11 00:00:00","2026-09-08 00:00:00","2026-09-11 00:00:00","2026-09-08 00:00:00","0","","","","","","","","","","","055699","13100 W. 43RD DRIVE","","GOLDEN","AMERICAN","","AR- Brandy 303.633.5518","","GREAT PLAINS APPLIANCE PARTS","sbaca@americanappliance.biz","(303) 633-5503","","(800) 678-6788","(303) 633-5500","","CO","https://www.greatplainsapplianceparts.com","80403","1707.1800","1707.1800","1707.1800",""
"43684","","Supplier","ALL","False","","","False","2026-09-08 00:00:00","AMW","","","","","","","","","","","","2026-09-11 00:00:00","True","Andrew Walsh","39290","","1.0000","","2026-09-18 00:00:00","","2026-09-08 00:00:00","2026-09-14 00:00:00","2026-09-08 00:00:00","0","","","","","","","","","","","81 z6j71","","","LOUISVILLE","GEC","","","","GE APPLIANCES","","(800) 723-1585","","(800) 967-2334","","","KY","","","9224.0000","9734.0000","9734.0000",""
"43685","","Supplier","ALL","False","","","False","2026-09-08 00:00:00","AMW","","","","","","","","","","","","2026-09-11 00:00:00","True","Andrew Walsh","39291","","1.0000","","2026-09-18 00:00:00","","2026-09-08 00:00:00","2026-09-18 00:00:00","2026-09-08 00:00:00","0","","","","","","","","","","","81 z6j71","","","LOUISVILLE","GEC","","","","GE APPLIANCES","","(800) 723-1585","","(800) 967-2334","","","KY","","","2177.0000","5685.0000","5231.0000",""
"43663","","Supplier","ALL","False","","","False","2026-09-04 00:00:00","AMW","","","","","","","","","","","","2026-09-04 00:00:00","True","Andrew Walsh","39270","","1.0000","","2026-09-18 00:00:00","2026-09-18 00:00:00","2026-09-04 00:00:00","2026-09-14 00:00:00","2026-09-04 00:00:00","0","","","","","","","","","","","81 z6j71","","","LOUISVILLE","GEC","","","","GE APPLIANCES","","(800) 723-1585","","(800) 967-2334","","","KY","","","2219.0000","2219.0000","2219.0000",""
"43664","","Supplier","ALL","False","","","False","2026-09-04 00:00:00","AMW","","","","","","","","","","","","2026-09-08 00:00:00","True","Andrew Walsh","39271","","1.0000","","","","2026-09-04 00:00:00","2026-09-14 00:00:00","2026-09-04 00:00:00","0","","","","","","","","","","","8203150","P.O. Box 22924","","New York","MIELE","BRYAN ABOUD 210-254-7189","","","Miele, Incorporated","","(609) 419-4298","","(800) 843-7231","AR 800.999.3790 x 5","","NY","","10087-2924","0.0000","23772.1700","23772.1700",""
"43665","","Supplier","ALL","False","","","False","2026-09-04 00:00:00","AMW","","","","","","","","","","","","2026-09-10 00:00:00","True","Andrew Walsh","39272","","1.0000","","2026-09-18 00:00:00","2026-09-18 00:00:00","2026-09-04 00:00:00","2026-09-17 00:00:00","2026-09-04 00:00:00","0","","","","","","","","","","","0580","PO BOX 978591","","DALLAS","WESTYE","","","","SUBZERO WOLF GROUP","","","","(800) 441-9260","","","TX","","75397-8591","10573.0000","10573.0000","10573.0000",""
"43666","","Supplier","ALL","False","","","False","2026-09-04 00:00:00","AMW","","","","","","","","","","","","2026-09-11 00:00:00","True","Andrew Walsh","P230","","1.0000","","2026-09-18 00:00:00","","2026-09-04 00:00:00","2026-09-16 00:00:00","2026-09-04 00:00:00","0","","","","","","","","","","","","1901 MAIN STREET","","IRVINE","BSH","","","","BSH HOME APPLIANCES","mbx-irv-order@bshg.com","","","(949) 440-7100","(800) 613-7333","","CA","www.boschappliances.com","92614","80138.8800","114096.0000","80138.8800",""
"43667","","Supplier","ALL","False","","","False","2026-09-04 00:00:00","CBS","","","","","","","","","","","","","True","Chris Shanahan","39273","","1.0000","","","","","","2026-09-04 00:00:00","0","","","","","","","","","","","","","","","MISC","","","","MISCELLANEOUS SUPPLIER","","","Ruvati for CB00010194","","","","","","","0.0000","0.0000","0.0000",""
"43668","","Supplier","ALL","False","","","False","2026-09-04 00:00:00","AMW","","","","","","","","","","","","2026-09-10 00:00:00","True","Andrew Walsh","39274","","1.0000","","2026-09-12 00:00:00","2026-09-12 00:00:00","2026-09-04 00:00:00","2026-09-10 00:00:00","2026-09-04 00:00:00","0","","","","","","","","","","","0580","PO BOX 978591","","DALLAS","WESTYE","","","","SUBZERO WOLF GROUP","","","","(800) 441-9260","","","TX","","75397-8591","4559.0000","4559.0000","4559.0000",""
"43669","","Supplier","ALL","False","","","False","2026-09-04 00:00:00","AMW","","","","","","","","","","","","2026-09-09 00:00:00","True","Andrew Walsh","39275","","1.0000","","2026-09-14 00:00:00","2026-09-14 00:00:00","2026-09-04 00:00:00","2026-09-14 00:00:00","2026-09-04 00:00:00","0","","","","","","","","","","","","1901 MAIN STREET","","IRVINE","BSH","","","","BSH HOME APPLIANCES","mbx-irv-order@bshg.com","","","(949) 440-7100","(800) 613-7333","","CA","www.boschappliances.com","92614","2058.0000","2058.0000","2058.0000",""
"43670","","Supplier","ALL","False","","","False","2026-09-04 00:00:00","AMW","","","","","","","","","","","","2026-09-10 00:00:00","True","Andrew Walsh","39276","","1.0000","","2026-09-12 00:00:00","2026-09-12 00:00:00","2026-09-04 00:00:00","2026-09-10 00:00:00","2026-09-04 00:00:00","0","","","","","","","","","","","0580","PO BOX 978591","","DALLAS","WESTYE","","","","SUBZERO WOLF GROUP","","","","(800) 441-9260","","","TX","","75397-8591","4559.0000","4559.0000","4559.0000",""
"43654","","Supplier","ALL","False","","","False","2026-09-03 00:00:00","AMW","","","","","","","","","","","","2026-09-09 00:00:00","True","Andrew Walsh","39261","","1.0000","","2026-09-12 00:00:00","2026-09-12 00:00:00","2026-09-08 00:00:00","2026-09-10 00:00:00","2026-09-03 00:00:00","0","","","","","","","","","","","791472T","PO BOX 24302","","NEW YORK","ALMO","","","","ALMO CORPORATION","socentral@almo.com  order email","(215) 698-4070","","(888) 893-5816","","","NY","www.access.almo.com","10087","7143.4600","7143.4600","7143.4600",""
"43655","","Supplier","ALL","False","","","False","2026-09-03 00:00:00","KKD","","","","","","","","","","","","","True","Kezia Doane","39262","","1.0000","","","","2026-09-03 00:00:00","","2026-09-03 00:00:00","0","","","","","","","","","","","4022263","PO BOX 845053","","DALLAS","TRANE PART","FELICIA - ACCNT MNGER","","","TRANE PARTS","joey.rodriquez@trane.com","","","608.787.4636","512-524-3190 PartOrd","","TX","igor.alvarado@trane.com","75284-5053","0.0000","296.4100","0.0000",""
"43656","","Supplier","ALL","False","","","False","2026-09-03 00:00:00","KKD","","","","","","","","","","","","","True","Kezia Doane","39263","","1.0000","","2026-09-14 00:00:00","","2026-09-03 00:00:00","2026-09-14 00:00:00","2026-09-03 00:00:00","0","","","","","","","","","","","","1901 MAIN STREET","","IRVINE","BSH","","","","BSH HOME APPLIANCES","mbx-irv-order@bshg.com","","","(949) 440-7100","(800) 613-7333","","CA","www.boschappliances.com","92614","731.5900","841.1800","731.5900",""
"43657","","Supplier","ALL","False","","","False","2026-09-03 00:00:00","KKD","","","","","","","","","","","","","True","Kezia Doane","39264","","1.0000","","2026-09-14 00:00:00","2026-09-14 00:00:00","2026-09-03 00:00:00","2026-09-14 00:00:00","2026-09-03 00:00:00","0","","","","","","","","","","","4022263","PO BOX 845053","","DALLAS","TRANE PART","FELICIA - ACCNT MNGER","","","TRANE PARTS","joey.rodriquez@trane.com","","","608.787.4636","512-524-3190 PartOrd","","TX","igor.alvarado@trane.com","75284-5053","1400.0200","1400.0200","1400.0200",""
"43658","","Supplier","ALL","False","","","False","2026-09-03 00:00:00","KKD","","","","","","","","","","","","","True","Kezia Doane","39265","","1.0000","","2026-09-08 00:00:00","2026-09-08 00:00:00","2026-09-03 00:00:00","2026-09-08 00:00:00","2026-09-03 00:00:00","0","","","","","","","","","","","","P.O. Box 8387","","CAROL STREAM","ENCOMPASS","","","","ENCOMPASS","","","","","","","IL","","60197","127.8000","127.8000","127.8000",""
"43659","","Supplier","ALL","False","","","False","2026-09-03 00:00:00","KKD","","","","","","","","","","","","","True","Kezia Doane","39266","","1.0000","","2026-09-08 00:00:00","2026-09-08 00:00:00","2026-09-03 00:00:00","2026-09-08 00:00:00","2026-09-03 00:00:00","0","","","","","","","","","","","055699","13100 W. 43RD DRIVE","","GOLDEN","AMERICAN","","AR- Brandy 303.633.5518","","GREAT PLAINS APPLIANCE PARTS","sbaca@americanappliance.biz","(303) 633-5503","","(800) 678-6788","(303) 633-5500","","CO","https://www.greatplainsapplianceparts.com","80403","335.4000","335.4000","335.4000",""
"43660","","Supplier","ALL","False","","","False","2026-09-03 00:00:00","KKD","","","","","","","","","","","","","True","Kezia Doane","39267","","1.0000","","2026-09-09 00:00:00","2026-09-09 00:00:00","2026-09-03 00:00:00","2026-09-09 00:00:00","2026-09-03 00:00:00","0","","","","","","","","","","","010051","PO BOX 566268","","DALLAS","APD","","","","RELIABLE PARTS","","(214) 634-7929","","(214) 631-4298","(800) 841-4060","","TX","www.apdepot.com","75356","1112.3800","1112.3800","1112.3800",""
"43661","","Supplier","ALL","False","","","False","2026-09-03 00:00:00","KKD","","","","","","","","","","","","","True","Kezia Doane","39268","","1.0000","","","","2026-09-03 00:00:00","","2026-09-03 00:00:00","0","","","","","","","","","","","4022263","PO BOX 845053","","DALLAS","TRANE PART","FELICIA - ACCNT MNGER","","","TRANE PARTS","joey.rodriquez@trane.com","","","608.787.4636","512-524-3190 PartOrd","","TX","igor.alvarado@trane.com","75284-5053","0.0000","1646.1300","0.0000",""
"43662","","Supplier","ALL","False","","","False","2026-09-03 00:00:00","CDM","","","","","","","","","","","","","True","Cayden Mayfield","39269","","1.0000","","2026-09-09 00:00:00","2026-09-09 00:00:00","2026-09-03 00:00:00","2026-09-09 00:00:00","2026-09-03 00:00:00","0","","","","","","","","","","","4022263","PO BOX 845053","","DALLAS","TRANE PART","FELICIA - ACCNT MNGER","","","TRANE PARTS","joey.rodriquez@trane.com","","","608.787.4636","512-524-3190 PartOrd","","TX","igor.alvarado@trane.com","75284-5053","90.7200","90.7200","90.7200",""
"43643","","Supplier","ALL","False","","","False","2026-09-02 00:00:00","KKD","","","","","","","","","","","","","True","Kezia Doane","39251","","1.0000","","2026-09-08 00:00:00","2026-09-08 00:00:00","2026-09-02 00:00:00","2026-09-08 00:00:00","2026-09-02 00:00:00","0","","","","","","","","","","","055699","13100 W. 43RD DRIVE","","GOLDEN","AMERICAN","","AR- Brandy 303.633.5518","","GREAT PLAINS APPLIANCE PARTS","sbaca@americanappliance.biz","(303) 633-5503","","(800) 678-6788","(303) 633-5500","","CO","https://www.greatplainsapplianceparts.com","80403","490.9500","490.9500","490.9500",""
"43644","","Supplier","ALL","False","","","False","2026-09-02 00:00:00","KKD","","","","","","","","","","","","","True","Kezia Doane","39252","","1.0000","","2026-09-09 00:00:00","2026-09-09 00:00:00","2026-09-03 00:00:00","2026-09-09 00:00:00","2026-09-02 00:00:00","0","","","","","","","","","","","95466","PO BOX 88177","","MILWAUKEE","MARCONE","","","","MARCONE APPLIANCE PARTS CO","","","","(800) 482-6022","","","WI","http://www.marcone.com/","53288-8177","582.0900","582.0900","582.0900",""
"43645","","Supplier","ALL","False","","","False","2026-09-02 00:00:00","KKD","","","","","","","","","","","","","True","Kezia Doane","39253","","1.0000","","2026-09-14 00:00:00","2026-09-14 00:00:00","2026-09-02 00:00:00","2026-09-14 00:00:00","2026-09-02 00:00:00","0","","","","","","","","","","","010051","PO BOX 566268","","DALLAS","APD","","","","RELIABLE PARTS","","(214) 634-7929","","(214) 631-4298","(800) 841-4060","","TX","www.apdepot.com","75356","547.6000","547.6000","547.6000",""
"43646","","Supplier","ALL","False","","","False","2026-09-02 00:00:00","CDM","","","","","","","","","","","","","True","Cayden Mayfield","39254","ONEAL 3T 18V QTY 2","1.0000","2026-09-02 00:00:00","2026-09-04 00:00:00","2026-09-04 00:00:00","2026-09-02 00:00:00","2026-09-03 00:00:00","2026-09-02 00:00:00","0","","","","","","","","","","","540275","PO BOX 848343","","DALLAS","TRANE","","","","TRANE U.S. INC.","tiffanyjones@trane.com","","","800.241.8507","","","TX","","75284-8343","12580.1700","12787.8700","12580.1700","CDM"
"43647","","Supplier","ALL","False","","","False","2026-09-02 00:00:00","CDM","","","","","","","","","","","","","True","Cayden Mayfield","39255","PIRTLE 4T 2T 20V","1.0000","2026-09-02 00:00:00","2026-09-12 00:00:00","2026-09-12 00:00:00","2026-09-02 00:00:00","2026-09-08 00:00:00","2026-09-02 00:00:00","0","","","","","","","","","","","540275","PO BOX 848343","","DALLAS","TRANE","","","","TRANE U.S. INC.","tiffanyjones@trane.com","","","800.241.8507","","","TX","","75284-8343","10930.3100","10930.3100","10930.3100","CDM"
"43648","","Supplier","ALL","False","","","False","2026-09-02 00:00:00","AMW","","","","","","","","","","","","2026-09-08 00:00:00","True","Andrew Walsh","39256","","1.0000","","2026-09-08 00:00:00","2026-09-08 00:00:00","2026-09-02 00:00:00","2026-09-08 00:00:00","2026-09-02 00:00:00","0","","","","","","","","","","","","1901 MAIN STREET","","IRVINE","BSH","","","","BSH HOME APPLIANCES","mbx-irv-order@bshg.com","","","(949) 440-7100","(800) 613-7333","","CA","www.boschappliances.com","92614","4376.0000","4376.0000","4376.0000",""
"43649","","Supplier","ALL","False","","","False","2026-09-02 00:00:00","AMW","","","","","","","","","","","","2026-10-16 00:00:00","True","Andrew Walsh","39257","","1.0000","","","","2026-09-02 00:00:00","","2026-09-02 00:00:00","0","","","","","","","","","","","949928 Contract","P.O. BOX 8502","","BENTON HARBOR","WP001","","","","WHIRLPOOL CORPORATION","","(214) 550-5613","","(800) 321-7613","","","MI","https://secure5.whirlpool.com/home.jsp","49022","0.0000","7362.0000","0.0000",""
"43650","","Supplier","ALL","False","","","False","2026-09-02 00:00:00","KKD","","","","","","","","","","","","","True","Kezia Doane","39258","","1.0000","","2026-09-10 00:00:00","2026-09-10 00:00:00","2026-09-02 00:00:00","2026-09-10 00:00:00","2026-09-02 00:00:00","0","","","","","","","","","","","","1901 MAIN STREET","","IRVINE","BSH","","","","BSH HOME APPLIANCES","mbx-irv-order@bshg.com","","","(949) 440-7100","(800) 613-7333","","CA","www.boschappliances.com","92614","177.2000","177.2000","177.2000",""
"43651","","Supplier","ALL","False","","","False","2026-09-02 00:00:00","CBS","","","","","","","","","","","","","True","Chris Shanahan","39259","","1.0000","","","","","","2026-09-02 00:00:00","0","","","","","","","","","","","C009058","13610 52ND ST E","","SUMNER","BELLMONT","","","","BELLMONT CABINET CO.","","","FOR CB00010198 - SCHWEITZER","(253) 321-3011","","","WA","","98390","0.0000","0.0000","0.0000",""
"43652","","Supplier","ALL","False","","","False","2026-09-02 00:00:00","AMW","","","","","","","","","","","","2026-09-09 00:00:00","True","Andrew Walsh","39260","","1.0000","","","","","","2026-09-02 00:00:00","0","","","","","","","","","","","","1901 MAIN STREET","","IRVINE","BSH","","","","BSH HOME APPLIANCES","mbx-irv-order@bshg.com","","","(949) 440-7100","(800) 613-7333","","CA","www.boschappliances.com","92614","0.0000","0.0000","0.0000",""
"43653","","Supplier","ALL","False","","","False","2026-09-02 00:00:00","AMW","","","","","","","","","","","","2026-09-09 00:00:00","True","Andrew Walsh","P229","","1.0000","","","","","","2026-09-02 00:00:00","0","","","","","","","","","","","","1901 MAIN STREET","","IRVINE","BSH","","","","BSH HOME APPLIANCES","mbx-irv-order@bshg.com","","","(949) 440-7100","(800) 613-7333","","CA","www.boschappliances.com","92614","0.0000","0.0000","0.0000",""
"43619","","Supplier","ALL","False","","","False","2026-09-01 00:00:00","CAM","","","","","","","","","","","","","True","","39228","","1.0000","","","","","","2026-09-01 00:00:00","0","","","","","","","","","","","","","","","MISC","","","","MISCELLANEOUS SUPPLIER","","","","","","","","","","0.0000","0.0000","0.0000",""
"43620","","Supplier","ALL","False","","","False","2026-09-01 00:00:00","KKD","","","","","","","","","","","","","True","Kezia Doane","39229","","1.0000","","2026-09-08 00:00:00","2026-09-08 00:00:00","2026-09-01 00:00:00","2026-09-03 00:00:00","2026-09-01 00:00:00","0","","","","","","","","","","","2640116","P.O.BOX 88776","","CAROL STREAM","TRUE","","","","TRUE MANUFACTURING CO., INC","trueresidentialorders@truemfg.com order email","","","(800) 325-6152","","","IL","http://www.true-residential.com/support/","60188-8776","66.9900","66.9900","66.9900",""
"43621","","Supplier","ALL","False","","","False","2026-09-01 00:00:00","RDW","","","","","","","","","","","","","True","RDW","39230","","1.0000","","2026-09-01 00:00:00","2026-09-01 00:00:00","2026-09-01 00:00:00","2026-09-01 00:00:00","2026-09-01 00:00:00","0","","","","","","","","","","","","1901 MAIN STREET","","IRVINE","BSH","","","","BSH HOME APPLIANCES","mbx-irv-order@bshg.com","","","(949) 440-7100","(800) 613-7333","","CA","www.boschappliances.com","92614","0.0100","0.0100","0.0100",""
"43622","","Supplier","ALL","False","","","False","2026-09-01 00:00:00","KKD","","","","","","","","","","","","","True","Kezia Doane","39231","","1.0000","","2026-09-03 00:00:00","","2026-09-01 00:00:00","2026-09-03 00:00:00","2026-09-01 00:00:00","0","","","","","","","","","","","055699","13100 W. 43RD DRIVE","","GOLDEN","AMERICAN","","AR- Brandy 303.633.5518","","GREAT PLAINS APPLIANCE PARTS","sbaca@americanappliance.biz","(303) 633-5503","","(800) 678-6788","(303) 633-5500","","CO","https://www.greatplainsapplianceparts.com","80403","202.4400","629.9400","202.4400",""
"43623","","Supplier","ALL","False","","","False","2026-09-01 00:00:00","KKD","","","","","","","","","","","","","True","Kezia Doane","39232","","1.0000","","2026-09-09 00:00:00","2026-09-09 00:00:00","2026-09-01 00:00:00","2026-09-09 00:00:00","2026-09-01 00:00:00","0","","","","","","","","","","","95466","PO BOX 88177","","MILWAUKEE","MARCONE","","","","MARCONE APPLIANCE PARTS CO","","","","(800) 482-6022","","","WI","http://www.marcone.com/","53288-8177","964.2700","964.2700","964.2700",""
"43624","","Supplier","ALL","False","","","False","2026-09-01 00:00:00","AMW","","","","","","","","","","","","2026-09-03 00:00:00","True","Andrew Walsh","39233","","1.0000","","2026-09-12 00:00:00","2026-09-12 00:00:00","2026-09-01 00:00:00","2026-09-10 00:00:00","2026-09-01 00:00:00","0","","","","","","","","","","","0580","PO BOX 978591","","DALLAS","WESTYE","","","","SUBZERO WOLF GROUP","","","","(800) 441-9260","","","TX","","75397-8591","15141.0000","15141.0000","15141.0000",""
"43625","","Supplier","ALL","False","","","False","2026-09-01 00:00:00","AMW","","","","","","","","","","","","2026-09-03 00:00:00","True","Andrew Walsh","39234","","1.0000","","2026-09-04 00:00:00","","2026-09-01 00:00:00","2026-09-03 00:00:00","2026-09-01 00:00:00","0","","","","","","","","","","","0580","PO BOX 978591","","DALLAS","WESTYE","","","","SUBZERO WOLF GROUP","","","","(800) 441-9260","","","TX","","75397-8591","10944.0000","14446.0000","10944.0000",""
"43626","","Supplier","ALL","False","","","False","2026-09-01 00:00:00","AMW","","","","","","","","","","","","2026-09-03 00:00:00","True","Andrew Walsh","39235","","1.0000","","2026-09-04 00:00:00","2026-09-04 00:00:00","2026-09-01 00:00:00","2026-09-03 00:00:00","2026-09-01 00:00:00","0","","","","","","","","","","","0580","PO BOX 978591","","DALLAS","WESTYE","","","","SUBZERO WOLF GROUP","","","","(800) 441-9260","","","TX","","75397-8591","7609.0000","7609.0000","7609.0000",""
"43627","","Supplier","ALL","False","","","False","2026-09-01 00:00:00","AMW","","","","","","","","","","","","2026-09-10 00:00:00","True","Andrew Walsh","39236","","1.0000","","2026-09-12 00:00:00","2026-09-12 00:00:00","2026-09-01 00:00:00","2026-09-10 00:00:00","2026-09-01 00:00:00","0","","","","","","","","","","","0580","PO BOX 978591","","DALLAS","WESTYE","","","","SUBZERO WOLF GROUP","","","","(800) 441-9260","","","TX","","75397-8591","11298.0000","11298.0000","11298.0000",""
"43628","","Supplier","ALL","False","","","False","2026-09-01 00:00:00","AMW","","","","","","","","","","","","2026-09-10 00:00:00","True","Andrew Walsh","39237","","1.0000","","2026-09-12 00:00:00","2026-09-12 00:00:00","2026-09-01 00:00:00","2026-09-10 00:00:00","2026-09-01 00:00:00","0","","","","","","","","","","","0580","PO BOX 978591","","DALLAS","WESTYE","","","","SUBZERO WOLF GROUP","","","","(800) 441-9260","","","TX","","75397-8591","4027.0000","4027.0000","4027.0000",""
"43629","","Supplier","ALL","False","","","False","2026-09-01 00:00:00","AMW","","","","","","","","","","","","2026-09-10 00:00:00","True","Andrew Walsh","39238","","1.0000","","2026-09-12 00:00:00","2026-09-12 00:00:00","2026-09-01 00:00:00","2026-09-10 00:00:00","2026-09-01 00:00:00","0","","","","","","","","","","","0580","PO BOX 978591","","DALLAS","WESTYE","","","","SUBZERO WOLF GROUP","","","","(800) 441-9260","","","TX","","75397-8591","11970.0000","11970.0000","11970.0000",""
"43630","","Supplier","ALL","False","","","False","2026-09-01 00:00:00","AMW","","","","","","","","","","","","2026-09-10 00:00:00","True","Andrew Walsh","39239","","1.0000","","2026-09-12 00:00:00","2026-09-12 00:00:00","2026-09-01 00:00:00","2026-09-10 00:00:00","2026-09-01 00:00:00","0","","","","","","","","","","","0580","PO BOX 978591","","DALLAS","WESTYE","","","","SUBZERO WOLF GROUP","","","","(800) 441-9260","","","TX","","75397-8591","4698.0000","4698.0000","4698.0000",""
"43631","","Supplier","ALL","False","","","False","2026-09-01 00:00:00","AMW","","","","","","","","","","","","2026-09-04 00:00:00","True","Andrew Walsh","39240","","1.0000","","2026-09-12 00:00:00","","2026-09-01 00:00:00","2026-09-10 00:00:00","2026-09-01 00:00:00","0","","","","","","","","","","","","PO BOX 730241","","DALLAS","LGEUS","","","","LG ELECTRONICS USA INC","","","","","","","TX","","75373-0241","3191.0400","6363.6000","3191.0400",""
"43632","","Supplier","ALL","False","","","False","2026-09-01 00:00:00","RR","","","","","","","","","","","","2026-08-27 00:00:00","True","Rafael Ramirez","PALOOZA F2026","","1.0000","","2026-09-02 00:00:00","2026-09-02 00:00:00","2026-09-01 00:00:00","2026-09-01 00:00:00","2026-09-01 00:00:00","0","","","","","","","","","","","949928 Contract","P.O. BOX 8502","","BENTON HARBOR","WP001","","","","WHIRLPOOL CORPORATION","","(214) 550-5613","","(800) 321-7613","","","MI","https://secure5.whirlpool.com/home.jsp","49022","8626.0000","8626.0000","8626.0000",""
"43633","","Supplier","ALL","False","","","False","2026-09-01 00:00:00","AMW","","","","","","","","","","","","2026-09-04 00:00:00","True","Andrew Walsh","39241","","1.0000","","2026-09-03 00:00:00","2026-09-03 00:00:00","2026-09-01 00:00:00","2026-09-03 00:00:00","2026-09-01 00:00:00","0","","","","","","","","","","","129032","P. O. Box 740919","","Los Angeles","FISHERPAYK","ERICK FRANK","","","FISHER & PAYKEL","erick.frank@fisherpaykel.com order email","(949) 790-8911","","(949) 790-8900","","","CA","fisherpaykel.com","90074","0.0100","0.0100","0.0100",""
"43634","","Supplier","ALL","False","","","False","2026-09-01 00:00:00","AMW","","","","","","","","","","","","2026-09-04 00:00:00","True","Andrew Walsh","39242","","1.0000","","2026-09-18 00:00:00","","2026-09-01 00:00:00","2026-09-18 00:00:00","2026-09-01 00:00:00","0","","","","","","","","","","","949928 Contract","P.O. BOX 8502","","BENTON HARBOR","WP001","","","","WHIRLPOOL CORPORATION","","(214) 550-5613","","(800) 321-7613","","","MI","https://secure5.whirlpool.com/home.jsp","49022","29249.0000","48373.0000","29249.0000",""
"43635","","Supplier","ALL","False","","","False","2026-09-01 00:00:00","KKD","","","","","","","","","","","","","True","Kezia Doane","39243","","1.0000","","","","","","2026-09-01 00:00:00","0","","","","","","","","","","","","271 TEXAS AVE","","ROUND ROCK","DAWARD","","","","D.A. WARDEN","","(512) 459-1421","","(512) 459-9693","","","TX","","78664","0.0000","0.0000","0.0000",""
"43636","","Supplier","ALL","False","","","False","2026-09-01 00:00:00","KKD","","","","","","","","","","","","","True","Kezia Doane","39244","","1.0000","","2026-09-02 00:00:00","2026-09-02 00:00:00","2026-09-01 00:00:00","2026-09-02 00:00:00","2026-09-01 00:00:00","0","","","","","","","","","","","010051","PO BOX 566268","","DALLAS","APD","","","","RELIABLE PARTS","","(214) 634-7929","","(214) 631-4298","(800) 841-4060","","TX","www.apdepot.com","75356","187.4500","187.4500","187.4500",""
"43637","","Supplier","ALL","False","","","False","2026-09-01 00:00:00","CBS","","","","","","","","","","","","","True","Chris Shanahan","39245","","1.0000","","","","","","2026-09-01 00:00:00","0","","","","","","","","","","","","","","","MISC","","","","MISCELLANEOUS SUPPLIER","","","MODERN STONEWORKS - CB00010197 WEINER","","","","","","","0.0000","0.0000","0.0000",""
"43638","","Supplier","ALL","False","","","False","2026-09-01 00:00:00","KKD","","","","","","","","","","","","","True","Kezia Doane","39246","","1.0000","","2026-09-10 00:00:00","2026-09-10 00:00:00","2026-09-01 00:00:00","2026-09-10 00:00:00","2026-09-01 00:00:00","0","","","","","","","","","","","86577305","GE/RCA CONSUMER SERVICE","PO BOX 733572","DALLAS","GE PARTS","","","","GENERAL ELECTRIC COMPANY","graham.ramsey@geappliances.com","(866) 765-3592","","(888) 440-3405","1.866.557.7586","","TX","","75373-3572","223.4000","223.4000","223.4000",""
"43639","","Supplier","ALL","False","","","False","2026-09-01 00:00:00","KKD","","","","","","","","","","","","","True","Kezia Doane","39247","","1.0000","","2026-09-09 00:00:00","2026-09-09 00:00:00","2026-09-01 00:00:00","2026-09-09 00:00:00","2026-09-01 00:00:00","0","","","","","","","","","","","","1901 MAIN STREET","","IRVINE","BSHPARTS","","","","BSH Parts","www.boschappliances.com","","","(949) 440-7100","(800) 613-7333","","CA","","92614","39.9800","39.9800","39.9800",""
"43640","","Supplier","ALL","False","","","False","2026-09-01 00:00:00","AMW","","","","","","","","","","","","2026-09-08 00:00:00","True","Andrew Walsh","39248","","1.0000","","2026-09-14 00:00:00","2026-09-14 00:00:00","2026-09-01 00:00:00","2026-09-10 00:00:00","2026-09-01 00:00:00","0","","","","","","","","","","","81 z6j71","","","LOUISVILLE","GEC","","","","GE APPLIANCES","","(800) 723-1585","","(800) 967-2334","","","KY","","","1208.0000","1208.0000","1208.0000",""
"43641","","Supplier","ALL","False","","","False","2026-09-01 00:00:00","AMW","","","","","","","","","","","","2026-09-08 00:00:00","True","Andrew Walsh","39249","","1.0000","","2026-09-12 00:00:00","2026-09-12 00:00:00","2026-09-01 00:00:00","2026-09-11 00:00:00","2026-09-01 00:00:00","0","","","","","","","","","","","949928 Contract","P.O. BOX 8502","","BENTON HARBOR","WP001","","","","WHIRLPOOL CORPORATION","","(214) 550-5613","","(800) 321-7613","","","MI","https://secure5.whirlpool.com/home.jsp","49022","7774.0000","7774.0000","7774.0000",""
"43642","","Supplier","ALL","False","","","False","2026-09-01 00:00:00","KKD","","","","","","","","","","","","","True","Kezia Doane","39250","","1.0000","","","","2026-09-01 00:00:00","2026-09-08 00:00:00","2026-09-01 00:00:00","0","","","","","","","","","","","2640116","P.O.BOX 88776","","CAROL STREAM","TRUE","","","","TRUE MANUFACTURING CO., INC","trueresidentialorders@truemfg.com order email","","","(800) 325-6152","","","IL","http://www.true-residential.com/support/","60188-8776","0.0000","350.1700","350.1700",""
"43603","","Supplier","ALL","False","","","False","2026-08-31 00:00:00","AMW","","","","","","","","","","","","2026-09-03 00:00:00","True","Andrew Walsh","39213","","1.0000","","2026-09-04 00:00:00","2026-09-04 00:00:00","2026-08-31 00:00:00","2026-09-03 00:00:00","2026-08-31 00:00:00","0","","","","","","","","","","","0580","PO BOX 978591","","DALLAS","WESTYE","","","","SUBZERO WOLF GROUP","","","","(800) 441-9260","","","TX","","75397-8591","6377.0000","6377.0000","6377.0000",""
"43604","","Supplier","ALL","False","","","False","2026-08-31 00:00:00","AMW","","","","","","","","","","","","2026-08-27 00:00:00","True","Andrew Walsh","39214","","1.0000","","2026-09-04 00:00:00","2026-09-04 00:00:00","2026-08-31 00:00:00","2026-09-03 00:00:00","2026-08-31 00:00:00","0","","","","","","","","","","","0580","PO BOX 978591","","DALLAS","WESTYE","","","","SUBZERO WOLF GROUP","","","","(800) 441-9260","","","TX","","75397-8591","11961.0000","11961.0000","11961.0000",""
"43605","","Supplier","ALL","False","","","False","2026-08-31 00:00:00","KKD","","","","","","","","","","","","","True","Kezia Doane","39215","","1.0000","","2026-09-01 00:00:00","2026-09-01 00:00:00","2026-08-31 00:00:00","2026-09-01 00:00:00","2026-08-31 00:00:00","0","","","","","","","","","","","055699","13100 W. 43RD DRIVE","","GOLDEN","AMERICAN","","AR- Brandy 303.633.5518","","GREAT PLAINS APPLIANCE PARTS","sbaca@americanappliance.biz","(303) 633-5503","","(800) 678-6788","(303) 633-5500","","CO","https://www.greatplainsapplianceparts.com","80403","379.5000","379.5000","379.5000",""
"43606","","Supplier","ALL","False","","","False","2026-08-31 00:00:00","KKD","","","","","","","","","","","","","True","Kezia Doane","39216","","1.0000","","2026-09-17 00:00:00","2026-09-17 00:00:00","2026-08-31 00:00:00","2026-09-17 00:00:00","2026-08-31 00:00:00","0","","","","","","","","","","","95466","PO BOX 88177","","MILWAUKEE","MARCONE","","","","MARCONE APPLIANCE PARTS CO","","","","(800) 482-6022","","","WI","http://www.marcone.com/","53288-8177","1481.1100","1481.1100","1481.1100",""
"43607","","Supplier","ALL","False","","","False","2026-08-31 00:00:00","KKD","","","","","","","","","","","","","True","Kezia Doane","39217","","1.0000","","2026-09-09 00:00:00","","2026-08-31 00:00:00","2026-09-09 00:00:00","2026-08-31 00:00:00","0","","","","","","","","","","","86577305","GE/RCA CONSUMER SERVICE","PO BOX 733572","DALLAS","GE PARTS","","","","GENERAL ELECTRIC COMPANY","graham.ramsey@geappliances.com","(866) 765-3592","","(888) 440-3405","1.866.557.7586","","TX","","75373-3572","155.3200","295.4400","155.3200",""
"43608","","Supplier","ALL","False","","","False","2026-08-31 00:00:00","AMW","","","","","","","","","","","","2026-09-03 00:00:00","True","Andrew Walsh","39218","","1.0000","","","","2026-08-31 00:00:00","","2026-08-31 00:00:00","0","","","","","","","","","","","","1901 MAIN STREET","","IRVINE","BSH","","","","BSH HOME APPLIANCES","mbx-irv-order@bshg.com","","","(949) 440-7100","(800) 613-7333","","CA","www.boschappliances.com","92614","0.0000","52.0000","0.0000",""
"43609","","Supplier","ALL","False","","","False","2026-08-31 00:00:00","AMW","","","","","","","","","","","","2026-09-04 00:00:00","True","Andrew Walsh","39219","","1.0000","","2026-09-18 00:00:00","","2026-08-31 00:00:00","2026-09-18 00:00:00","2026-08-31 00:00:00","0","","","","","","","","","","","81 z6j71","","","LOUISVILLE","GEC","","","","GE APPLIANCES","","(800) 723-1585","","(800) 967-2334","","","KY","","","14164.5000","17884.5000","14164.5000",""
"43610","","Supplier","ALL","False","","","False","2026-08-31 00:00:00","AMW","","","","","","","","","","","","2026-09-04 00:00:00","True","Andrew Walsh","39220","","1.0000","","2026-09-04 00:00:00","2026-09-04 00:00:00","2026-08-31 00:00:00","2026-09-03 00:00:00","2026-08-31 00:00:00","0","","","","","","","","","","","81 z6j71","","","LOUISVILLE","GEC","","","","GE APPLIANCES","","(800) 723-1585","","(800) 967-2334","","","KY","","","18621.7100","18621.7100","18621.7100",""
"43611","","Supplier","ALL","False","","","False","2026-08-31 00:00:00","CBS","","","","","","","","","","","","","True","Chris Shanahan","39221","","1.0000","","","","","","2026-08-31 00:00:00","0","","","","","","","","","","","","","","","MISC","","","","MISCELLANEOUS SUPPLIER","","","RUVATI FOR CB00010197 WEINER","","","","","","","0.0000","0.0000","0.0000",""
"43612","","Supplier","ALL","False","","","False","2026-08-31 00:00:00","AMW","","","","","","","","","","","","2026-09-03 00:00:00","True","Andrew Walsh","39222","","1.0000","","2026-09-04 00:00:00","2026-09-04 00:00:00","2026-08-31 00:00:00","2026-09-03 00:00:00","2026-08-31 00:00:00","0","","","","","","","","","","","0580","PO BOX 978591","","DALLAS","WESTYE","","","","SUBZERO WOLF GROUP","","","","(800) 441-9260","","","TX","","75397-8591","484.0000","484.0000","484.0000",""
"43613","","Supplier","ALL","False","","","False","2026-08-31 00:00:00","KKD","","","","","","","","","","","","","True","Kezia Doane","39223","","1.0000","","2026-09-01 00:00:00","2026-09-01 00:00:00","2026-08-31 00:00:00","2026-09-01 00:00:00","2026-08-31 00:00:00","0","","","","","","","","","","","010051","PO BOX 566268","","DALLAS","APD","","","","RELIABLE PARTS","","(214) 634-7929","","(214) 631-4298","(800) 841-4060","","TX","www.apdepot.com","75356","633.5400","633.5400","633.5400",""
"43614","","Supplier","ALL","False","","","False","2026-08-31 00:00:00","AMW","","","","","","","","","","","","2026-09-04 00:00:00","True","Andrew Walsh","39224","PTP-31598860","1.0000","2026-08-31 00:00:00","2026-09-08 00:00:00","2026-09-08 00:00:00","2026-08-31 00:00:00","2026-09-08 00:00:00","2026-08-31 00:00:00","0","","","","","","","","","","","129032","P. O. Box 740919","","Los Angeles","FISHERPAYK","ERICK FRANK","","","FISHER & PAYKEL","erick.frank@fisherpaykel.com order email","(949) 790-8911","","(949) 790-8900","","","CA","fisherpaykel.com","90074","12265.8600","12265.8600","12265.8600","AMW"
"43615","","Supplier","ALL","False","","","False","2026-08-31 00:00:00","AMW","","","","","","","","","","","","2026-09-04 00:00:00","True","Andrew Walsh","39225","","1.0000","","","","2026-08-31 00:00:00","","2026-08-31 00:00:00","0","","","","","","","","","","","109912","P O BOX 110669","","CARROLLTON","MILESTONE","","","","MILESTONE","kvanness@milestonedist.com  orer email","(214) 420-7899","","(877) 644-0414","(214) 217-2801","","TX","","75011","0.0000","7371.9000","0.0000",""
"43616","","Supplier","ALL","False","","","False","2026-08-31 00:00:00","KKD","","","","","","","","","","","","","True","Kezia Doane","CREDIT-GE-2026","","1.0000","","2026-08-31 00:00:00","2026-08-31 00:00:00","2026-08-31 00:00:00","2026-08-31 00:00:00","2026-08-31 00:00:00","0","","","","","","","","","","","86577305","GE/RCA CONSUMER SERVICE","PO BOX 733572","DALLAS","GE PARTS","","","","GENERAL ELECTRIC COMPANY","graham.ramsey@geappliances.com","(866) 765-3592","","(888) 440-3405","1.866.557.7586","","TX","","75373-3572","-223.4000","-223.4000","-223.4000",""
"43617","","Supplier","ALL","False","","","False","2026-08-31 00:00:00","AMW","","","","","","","","","","","","2026-09-04 00:00:00","True","Andrew Walsh","39226","","1.0000","","2026-09-14 00:00:00","","2026-08-31 00:00:00","2026-09-10 00:00:00","2026-08-31 00:00:00","0","","","","","","","","","","","81 z6j71","","","LOUISVILLE","GEC","","","","GE APPLIANCES","","(800) 723-1585","","(800) 967-2334","","","KY","","","2796.0000","21091.1700","2796.0000",""
"43618","","Supplier","ALL","False","","","False","2026-08-31 00:00:00","AMW","","","","","","","","","","","","2026-09-04 00:00:00","True","Andrew Walsh","39227","","1.0000","","","","2026-08-31 00:00:00","","2026-08-31 00:00:00","0","","","","","","","","","","","949928 Contract","P.O. BOX 8502","","BENTON HARBOR","WP001","","","","WHIRLPOOL CORPORATION","","(214) 550-5613","","(800) 321-7613","","","MI","https://secure5.whirlpool.com/home.jsp","49022","0.0000","4031.0000","0.0000",""
"43598","","Supplier","ALL","False","","","False","2026-08-28 00:00:00","KKD","","","","","","","","","","","","","True","Kezia Doane","39209","","1.0000","","","","","","2026-08-28 00:00:00","0","","","","","","","","","","","PETRA","PO Box 955611","","St. Louis","PETRA","","","","PETRA INDUSTRIES","","","","800.443.6975","","","MO","","63195-5611","0.0000","0.0000","0.0000",""
"43599","","Supplier","ALL","False","","","False","2026-08-28 00:00:00","JKO","","","","","","","","","","","","","True","Jack Ort","E163","","1.0000","","","","2026-08-28 00:00:00","2026-08-28 00:00:00","2026-08-28 00:00:00","0","","","","","","","","","","","949928 Contract","P.O. BOX 8502","","BENTON HARBOR","WP001","","","","WHIRLPOOL CORPORATION","","(214) 550-5613","","(800) 321-7613","","","MI","https://secure5.whirlpool.com/home.jsp","49022","0.0000","0.0000","9359.0000",""
"43600","","Supplier","ALL","False","","","False","2026-08-28 00:00:00","KKD","","","","","","","","","","","","","True","Kezia Doane","39210","","1.0000","","2026-09-03 00:00:00","","2026-08-28 00:00:00","2026-09-03 00:00:00","2026-08-28 00:00:00","0","","","","","","","","","","","","P.O. Box 8387","","CAROL STREAM","ENCOMPASS","","","","ENCOMPASS","","","","","","","IL","","60197","38.0200","184.3400","38.0200",""
"43601","","Supplier","ALL","False","","","False","2026-08-28 00:00:00","KKD","","","","","","","","","","","","","True","Kezia Doane","39211","","1.0000","","2026-08-31 00:00:00","","2026-08-28 00:00:00","2026-08-31 00:00:00","2026-08-28 00:00:00","0","","","","","","","","","","","010051","PO BOX 566268","","DALLAS","APD","","","","RELIABLE PARTS","","(214) 634-7929","","(214) 631-4298","(800) 841-4060","","TX","www.apdepot.com","75356","277.9700","333.2400","277.9700",""
"43602","","Supplier","ALL","False","","","False","2026-08-28 00:00:00","KKD","","","","","","","","","","","","","True","Kezia Doane","39212","","1.0000","","2026-09-01 00:00:00","2026-09-01 00:00:00","2026-08-28 00:00:00","2026-09-01 00:00:00","2026-08-28 00:00:00","0","","","","","","","","","","","055699","13100 W. 43RD DRIVE","","GOLDEN","AMERICAN","","AR- Brandy 303.633.5518","","GREAT PLAINS APPLIANCE PARTS","sbaca@americanappliance.biz","(303) 633-5503","","(800) 678-6788","(303) 633-5500","","CO","https://www.greatplainsapplianceparts.com","80403","129.0700","129.0700","129.0700",""
"43586","","Supplier","ALL","False","","","False","2026-08-27 00:00:00","KKD","","","","","","","","","","","","","True","Kezia Doane","39199","","1.0000","","2026-09-01 00:00:00","2026-09-01 00:00:00","2026-08-27 00:00:00","2026-09-01 00:00:00","2026-08-27 00:00:00","0","","","","","","","","","","","95466","PO BOX 88177","","MILWAUKEE","MARCONE","","","","MARCONE APPLIANCE PARTS CO","","","","(800) 482-6022","","","WI","http://www.marcone.com/","53288-8177","1378.4900","1378.4900","1378.4900",""
"43587","","Supplier","ALL","False","","","False","2026-08-27 00:00:00","KKD","","","","","","","","","","","","","True","Kezia Doane","39200","","1.0000","","2026-09-03 00:00:00","2026-09-03 00:00:00","2026-08-27 00:00:00","2026-09-03 00:00:00","2026-08-27 00:00:00","0","","","","","","","","","","","311583","318 JUNE AVE","","BLANDON","BLUESTAR","STEVE KRAMER EXT 2124-PARTS","JORDYN deGLAS ext 2120-SALES","","PRIZER PAINTER STOVE WORKS INC","sales@bluestarcooking.com  order email","","","(610) 376-7479","(800) 449-8691","","PA","","19510","134.2500","134.2500","134.2500",""
"43588","","Supplier","ALL","False","","","False","2026-08-27 00:00:00","KKD","","","","","","","","","","","","","True","Kezia Doane","39201","","1.0000","","2026-09-03 00:00:00","2026-09-03 00:00:00","2026-08-27 00:00:00","2026-09-03 00:00:00","2026-08-27 00:00:00","0","","","","","","","","","","","WIL028","PO BOX 734806","","CHICAGO","MIDDLEBY","(888) 845-4641","","","MIDDLEBY CORPORATION","middlebyadvantage@middleby.com","(888) 845-4641","","(888) 845-4641","","","IL","http://vikingrange.middlebyadvantage.com/clients/custompage.aspx?page=/viking/index.html","60673","74.4600","74.4600","74.4600",""
"43589","","Supplier","ALL","False","","","False","2026-08-27 00:00:00","RR","","","","","","","","","","","","","True","Rafael Ramirez","P228","","1.0000","","","","","","2026-08-27 00:00:00","0","","","","","","","","","","","81 z6j71","","","LOUISVILLE","GEC","","","","GE APPLIANCES","","(800) 723-1585","","(800) 967-2334","","","KY","","","0.0000","0.0000","0.0000",""
"43590","","Supplier","ALL","False","","","False","2026-08-27 00:00:00","RR","","","","","","","","","","","","","True","Rafael Ramirez","PALOOZA-GEC","","1.0000","","2026-09-02 00:00:00","2026-09-02 00:00:00","2026-08-27 00:00:00","2026-08-27 00:00:00","2026-08-27 00:00:00","0","","","","","","","","","","","81 z6j71","","","LOUISVILLE","GEC","","","","GE APPLIANCES","","(800) 723-1585","","(800) 967-2334","","","KY","","","4675.0000","4675.0000","4675.0000",""
"43591","","Supplier","ALL","False","","","False","2026-08-27 00:00:00","KKD","","","","","","","","","","","","","True","Kezia Doane","39202","","1.0000","","2026-08-31 00:00:00","2026-08-31 00:00:00","2026-08-27 00:00:00","2026-08-31 00:00:00","2026-08-27 00:00:00","0","","","","","","","","","","","4022263","PO BOX 845053","","DALLAS","TRANE PART","FELICIA - ACCNT MNGER","","","TRANE PARTS","joey.rodriquez@trane.com","","","608.787.4636","512-524-3190 PartOrd","","TX","igor.alvarado@trane.com","75284-5053","947.7800","947.7800","947.7800",""
