"TABLE_SCHEM","TABLE_NAME","TABLE_TYPE"
"%BI","Alerts","SYSTEM TABLE"
"%BI","AttachInfo","SYSTEM TABLE"
"%BI","Audit","SYSTEM TABLE"
"%BI","BPM","SYSTEM TABLE"
"%BI","Blog","SYSTEM TABLE"
"%BI","BlogComment","SYSTEM TABLE"
"%BI","BlogImageUpload","SYSTEM TABLE"
"%BI","BlogPost","SYSTEM TABLE"
"%BI","BoardObjCom","SYSTEM TABLE"
"%BI","Category","SYSTEM TABLE"
"%BI","ClsCom","SYSTEM TABLE"
"%BI","ClsComFld","SYSTEM TABLE"
"%BI","CodeTable","SYSTEM TABLE"
"%BI","CodeTableEnc","SYSTEM TABLE"
"%BI","ColorScheme","SYSTEM TABLE"
"%BI","ComputationSetup","SYSTEM TABLE"
"%BI","ComputeField","SYSTEM TABLE"
"%BI","Condition","SYSTEM TABLE"
"%BI","CurrencyRate","SYSTEM TABLE"
"%BI","CusCode","SYSTEM TABLE"
"%BI","DashBoard","SYSTEM TABLE"
"%BI","DashBoardItem","SYSTEM TABLE"
"%BI","DataCapClass","SYSTEM TABLE"
"%BI","DataCaptured","SYSTEM TABLE"
"%BI","DataType","SYSTEM TABLE"
"%BI","DetailList","SYSTEM TABLE"
"%BI","DetailTrail","SYSTEM TABLE"
"%BI","DocMag","SYSTEM TABLE"
"%BI","Docs","SYSTEM TABLE"
"%BI","Echo","SYSTEM TABLE"
"%BI","EchoTrail","SYSTEM TABLE"
"%BI","EdmundPage","SYSTEM TABLE"
"%BI","EmailTrail","SYSTEM TABLE"
"%BI","EscapeSequence","SYSTEM TABLE"
"%BI","ExcelTemplate","SYSTEM TABLE"
"%BI","FORMDESIGN","SYSTEM TABLE"
"%BI","FileTemplates","SYSTEM TABLE"
"%BI","FormDef","SYSTEM TABLE"
"%BI","GetMail","SYSTEM TABLE"
"%BI","Hi","SYSTEM TABLE"
"%BI","IJNSMSLog","SYSTEM TABLE"
"%BI","ImageList","SYSTEM TABLE"
"%BI","KPI","SYSTEM TABLE"
"%BI","KnowledgeAttachment","SYSTEM TABLE"
"%BI","KnowledgeCategory","SYSTEM TABLE"
"%BI","KnowledgeThread","SYSTEM TABLE"
"%BI","KnowledgeThreadPost","SYSTEM TABLE"
"%BI","List","SYSTEM TABLE"
"%BI","ListAttachForm","SYSTEM TABLE"
"%BI","ListDrillDown","SYSTEM TABLE"
"%BI","ListField","SYSTEM TABLE"
"%BI","MailOutBox","SYSTEM TABLE"
"%BI","MailV2","SYSTEM TABLE"
"%BI","ManSession","SYSTEM TABLE"
"%BI","Map","SYSTEM TABLE"
"%BI","MapTable","SYSTEM TABLE"
"%BI","Measure","SYSTEM TABLE"
"%BI","Messages","SYSTEM TABLE"
"%BI","OCR","SYSTEM TABLE"
"%BI","OCRForm","SYSTEM TABLE"
"%BI","OCRRule","SYSTEM TABLE"
"%BI","PerfAlert","SYSTEM TABLE"
"%BI","PerfMet","SYSTEM TABLE"
"%BI","PerfMetNode","SYSTEM TABLE"
"%BI","Period","SYSTEM TABLE"
"%BI","PivotData","SYSTEM TABLE"
"%BI","PivotTable","SYSTEM TABLE"
"%BI","Planner","SYSTEM TABLE"
"%BI","PopUp","SYSTEM TABLE"
"%BI","Presenter","SYSTEM TABLE"
"%BI","Printer","SYSTEM TABLE"
"%BI","Query","SYSTEM TABLE"
"%BI","QueryAttachForm","SYSTEM TABLE"
"%BI","QueryCom","SYSTEM TABLE"
"%BI","QueryDisplayFields","SYSTEM TABLE"
"%BI","QueryDrillDown","SYSTEM TABLE"
"%BI","RecentAccess","SYSTEM TABLE"
"%BI","Roles","SYSTEM TABLE"
"%BI","RuleWorkFlow","SYSTEM TABLE"
"%BI","RuleWorkFlowObj","SYSTEM TABLE"
"%BI","SMS","SYSTEM TABLE"
"%BI","SMStemplate","SYSTEM TABLE"
"%BI","SMrTask","SYSTEM TABLE"
"%BI","ScheduleTaskHist","SYSTEM TABLE"
"%BI","Scheduler","SYSTEM TABLE"
"%BI","Shortcut","SYSTEM TABLE"
"%BI","SpeedTrakMap","SYSTEM TABLE"
"%BI","StoredProc","SYSTEM TABLE"
"%BI","SubCategory","SYSTEM TABLE"
"%BI","SubDuration","SYSTEM TABLE"
"%BI","SubjectTable","SYSTEM TABLE"
"%BI","SysLanguage","SYSTEM TABLE"
"%BI","TCWFHeader","SYSTEM TABLE"
"%BI","TCWFStation","SYSTEM TABLE"
"%BI","TCWFTempHeader","SYSTEM TABLE"
"%BI","TCWFTempStation","SYSTEM TABLE"
"%BI","TEST","SYSTEM TABLE"
"%BI","Template","SYSTEM TABLE"
"%BI","TextList","SYSTEM TABLE"
"%BI","Trace","SYSTEM TABLE"
"%BI","TransGroupTable","SYSTEM TABLE"
"%BI","TransLang2","SYSTEM TABLE"
"%BI","TransTable","SYSTEM TABLE"
"%BI","Transformation","SYSTEM TABLE"
"%BI","UploadF","SYSTEM TABLE"
"%BI","UserDashBoard","SYSTEM TABLE"
"%BI","UserObjList","SYSTEM TABLE"
"%BI","UserRole","SYSTEM TABLE"
"%BI","UserTrail","SYSTEM TABLE"
"%BI","Users","SYSTEM TABLE"
"%BI","VennDiagram","SYSTEM TABLE"
"%BI","View","SYSTEM TABLE"
"%BI","WComputation","SYSTEM TABLE"
"%BI","WPivotTable","SYSTEM TABLE"
"%BI","WebContacts","SYSTEM TABLE"
"%BI","WebGridFS","SYSTEM TABLE"
"%BI","WebSCM","SYSTEM TABLE"
"%BI","WebSCModule","SYSTEM TABLE"
"%BI","WebTmpPic","SYSTEM TABLE"
"%BI","WordTemplate","SYSTEM TABLE"
"%BI","WorkFlow","SYSTEM TABLE"
"%BI","swDashBoardLibTable","SYSTEM TABLE"
"%BI","swMapDB","SYSTEM TABLE"
"%BI","swMapSetupCode","SYSTEM TABLE"
"%BI","swMapSetupTableXY","SYSTEM TABLE"
"%BI","swVennDB","SYSTEM TABLE"
"%BI","swVennGroupDB","SYSTEM TABLE"
"%BI","swVennSetupCode","SYSTEM TABLE"
"%CSP_Util","CSPLogEvent","SYSTEM TABLE"
"%CSP_Util","Performance","SYSTEM TABLE"
"%Calendar","Hijri","SYSTEM TABLE"
"%DeepSee","IDList","SYSTEM TABLE"
"%DeepSee_CubeManager","Audit","SYSTEM TABLE"
"%DeepSee_CubeManager","CubeEvent","SYSTEM TABLE"
"%DeepSee_CubeManager","CubeRegistry","SYSTEM TABLE"
"%DeepSee_Dashboard","Definition","SYSTEM TABLE"
"%DeepSee_Dashboard","Pivot","SYSTEM TABLE"
"%DeepSee_Dashboard","Theme","SYSTEM TABLE"
"%DeepSee_Dashboard","WidgetTemplate","SYSTEM TABLE"
"%DeepSee_PMML_Dataset","Base","SYSTEM TABLE"
"%DeepSee_PMML_Dataset","Cube","SYSTEM TABLE"
"%DeepSee_PMML_Dataset","ResultSet","SYSTEM TABLE"
"%DeepSee_PMML_Dataset","SQL","SYSTEM TABLE"
"%DeepSee_PMML_Dataset","Table","SYSTEM TABLE"
"%DeepSee_PMML_Utils","TempResult","SYSTEM TABLE"
"%DeepSee_Report","DataView","SYSTEM TABLE"
"%DeepSee_Report","DataViewField","SYSTEM TABLE"
"%DeepSee_UserLibrary","Folder","SYSTEM TABLE"
"%DeepSee_UserLibrary","FolderItem","SYSTEM TABLE"
"%DeepSee_UserLibrary","Link","SYSTEM TABLE"
"%DeepSee_UserLibrary","Report","SYSTEM TABLE"
"%DeepSee_UserLibrary","Worksheet","SYSTEM TABLE"
"%DeepSee_UserPortal_Data","Alert","SYSTEM TABLE"
"%DeepSee_UserPortal_Data","UserName","SYSTEM TABLE"
"%DeepSee_XMLA","EnumerationsRowset","SYSTEM TABLE"
"%DeepSee_XMLA","KeywordsRowset","SYSTEM TABLE"
"%DeepSee_XMLA","LiteralsRowset","SYSTEM TABLE"
"%DeepSee_XMLA","PropertiesRowset","SYSTEM TABLE"
"%DeepSee_XMLA","SchemasRowset","SYSTEM TABLE"
"%DeepSee_extensions_components","PCA","SYSTEM TABLE"
"%DeepSee_extensions_utils","LDA","SYSTEM TABLE"
"%Dictionary","ClassDefinition","SYSTEM TABLE"
"%Dictionary","CompiledClass","SYSTEM TABLE"
"%Dictionary","CompiledConstraint","SYSTEM TABLE"
"%Dictionary","CompiledConstraintMethod","SYSTEM TABLE"
"%Dictionary","CompiledForeignKey","SYSTEM TABLE"
"%Dictionary","CompiledIndex","SYSTEM TABLE"
"%Dictionary","CompiledIndexMethod","SYSTEM TABLE"
"%Dictionary","CompiledIndexProperty","SYSTEM TABLE"
"%Dictionary","CompiledInstanceVar","SYSTEM TABLE"
"%Dictionary","CompiledMethod","SYSTEM TABLE"
"%Dictionary","CompiledParameter","SYSTEM TABLE"
"%Dictionary","CompiledProjection","SYSTEM TABLE"
"%Dictionary","CompiledProperty","SYSTEM TABLE"
"%Dictionary","CompiledPropertyMethod","SYSTEM TABLE"
"%Dictionary","CompiledPropertyUDLText","SYSTEM TABLE"
"%Dictionary","CompiledQuery","SYSTEM TABLE"
"%Dictionary","CompiledQueryMethod","SYSTEM TABLE"
"%Dictionary","CompiledStorage","SYSTEM TABLE"
"%Dictionary","CompiledStorageData","SYSTEM TABLE"
"%Dictionary","CompiledStorageDataValue","SYSTEM TABLE"
"%Dictionary","CompiledStorageIndex","SYSTEM TABLE"
"%Dictionary","CompiledStorageProperty","SYSTEM TABLE"
"%Dictionary","CompiledStorageSQLMap","SYSTEM TABLE"
"%Dictionary","CompiledStorageSQLMapData","SYSTEM TABLE"
"%Dictionary","CompiledStorageSQLMapRowIdSpec","SYSTEM TABLE"
"%Dictionary","CompiledStorageSQLMapSub","SYSTEM TABLE"
"%Dictionary","CompiledStorageSQLMapSubAccessvar","SYSTEM TABLE"
"%Dictionary","CompiledStorageSQLMapSubInvalidcondition","SYSTEM TABLE"
"%Dictionary","CompiledTrigger","SYSTEM TABLE"
"%Dictionary","CompiledUDLText","SYSTEM TABLE"
"%Dictionary","CompiledXData","SYSTEM TABLE"
"%Dictionary","ForeignKeyDefinition","SYSTEM TABLE"
"%Dictionary","IndexDefinition","SYSTEM TABLE"
"%Dictionary","MethodDefinition","SYSTEM TABLE"
"%Dictionary","ParameterDefinition","SYSTEM TABLE"
"%Dictionary","ProjectionDefinition","SYSTEM TABLE"
"%Dictionary","PropertyDefinition","SYSTEM TABLE"
"%Dictionary","PropertyUDLTextDefinition","SYSTEM TABLE"
"%Dictionary","QueryDefinition","SYSTEM TABLE"
"%Dictionary","StorageDataDefinition","SYSTEM TABLE"
"%Dictionary","StorageDataValueDefinition","SYSTEM TABLE"
"%Dictionary","StorageDefinition","SYSTEM TABLE"
"%Dictionary","StorageIndexDefinition","SYSTEM TABLE"
"%Dictionary","StoragePropertyDefinition","SYSTEM TABLE"
"%Dictionary","StorageSQLMapDataDefinition","SYSTEM TABLE"
"%Dictionary","StorageSQLMapDefinition","SYSTEM TABLE"
"%Dictionary","StorageSQLMapRowIdSpecDefinition","SYSTEM TABLE"
"%Dictionary","StorageSQLMapSubAccessvarDefinition","SYSTEM TABLE"
"%Dictionary","StorageSQLMapSubDefinition","SYSTEM TABLE"
"%Dictionary","StorageSQLMapSubInvalidconditionDefinition","SYSTEM TABLE"
"%Dictionary","TriggerDefinition","SYSTEM TABLE"
"%Dictionary","UDLTextDefinition","SYSTEM TABLE"
"%Dictionary","XDataDefinition","SYSTEM TABLE"
"%ExtentMgr","GUID","SYSTEM TABLE"
"%FileMan","Field","SYSTEM TABLE"
"%FileMan","File","SYSTEM TABLE"
"%FileMan","MappedField","SYSTEM TABLE"
"%FileMan","MappedFile","SYSTEM TABLE"
"%FileMan","MappedFilePackage","SYSTEM TABLE"
"%Library","ObjectJournal","SYSTEM TABLE"
"%Library","ObjectJournalRecord","SYSTEM TABLE"
"%Library","ObjectJournalTransaction","SYSTEM TABLE"
"%Library","RoutineIndex","SYSTEM TABLE"
"%Library","SysLogTable","SYSTEM TABLE"
"%Library","sys_SQLConnection","SYSTEM TABLE"
"%Monitor","Alert","SYSTEM TABLE"
"%Monitor_System_Sample","AuditCount","SYSTEM TABLE"
"%Monitor_System_Sample","AuditEvents","SYSTEM TABLE"
"%Monitor_System_Sample","CSPGateway","SYSTEM TABLE"
"%Monitor_System_Sample","Clients","SYSTEM TABLE"
"%Monitor_System_Sample","Diskspace","SYSTEM TABLE"
"%Monitor_System_Sample","Freespace","SYSTEM TABLE"
"%Monitor_System_Sample","Globals","SYSTEM TABLE"
"%Monitor_System_Sample","HistoryMemory","SYSTEM TABLE"
"%Monitor_System_Sample","HistoryPerf","SYSTEM TABLE"
"%Monitor_System_Sample","HistorySys","SYSTEM TABLE"
"%Monitor_System_Sample","HistoryUser","SYSTEM TABLE"
"%Monitor_System_Sample","Journals","SYSTEM TABLE"
"%Monitor_System_Sample","License","SYSTEM TABLE"
"%Monitor_System_Sample","LockTable","SYSTEM TABLE"
"%Monitor_System_Sample","Processes","SYSTEM TABLE"
"%Monitor_System_Sample","Routines","SYSTEM TABLE"
"%Monitor_System_Sample","Servers","SYSTEM TABLE"
"%Monitor_System_Sample","SystemMetrics","SYSTEM TABLE"
"%Net_Remote","ActivityLog","SYSTEM TABLE"
"%Net_Remote","ObjectGateway","SYSTEM TABLE"
"%OAuth2_Server","Properties","SYSTEM TABLE"
"%SQL_Manager","UI","SYSTEM TABLE"
"%SQL_Manager_QButtons","Base","SYSTEM TABLE"
"%SYNC","SyncTime","SYSTEM TABLE"
"%SYS","Audit","SYSTEM TABLE"
"%SYS","MVACTIVELISTS","SYSTEM TABLE"
"%SYS","Namespace","SYSTEM TABLE"
"%SYS","PhoneProviders","SYSTEM TABLE"
"%SYS","ProcessQuery","SYSTEM TABLE"
"%SYS","Task","SYSTEM TABLE"
"%SYS","X509Credentials","SYSTEM TABLE"
"%SYSTEM","DSTIME","SYSTEM TABLE"
"%SYSTEM","Task","SYSTEM TABLE"
"%SYSTEM","TaskConfig","SYSTEM TABLE"
"%SYSTEM","TaskHistory","SYSTEM TABLE"
"%SYS_Maint","Bitmap","SYSTEM TABLE"
"%SYS_Maint","BitmapResults","SYSTEM TABLE"
"%SYS_OAuth2","Request","SYSTEM TABLE"
"%SYS_OpenAM","IdentityServices","SYSTEM TABLE"
"%SYS_PTools","SQLBenchMarkQueries","SYSTEM TABLE"
"%SYS_PTools","SQLBenchMarkResults","SYSTEM TABLE"
"%SYS_PTools","SQLQuery","SYSTEM TABLE"
"%SYS_PTools","SQLStats","SYSTEM TABLE"
"%SYS_PTools","SQLUtilResults","SYSTEM TABLE"
"%SYS_PTools","SQLUtilities","SYSTEM TABLE"
"%SYS_PTools","Stats","SYSTEM TABLE"
"%SYS_Portal","Resources","SYSTEM TABLE"
"%SYS_Portal","Users","SYSTEM TABLE"
"%SYS_Task","Config","SYSTEM TABLE"
"%SYS_Task","History","SYSTEM TABLE"
"%Studio","BreakPoint","SYSTEM TABLE"
"%Studio","OpenDialogItems","SYSTEM TABLE"
"%Studio","Package","SYSTEM TABLE"
"%Studio","Project","SYSTEM TABLE"
"%Studio","ProjectItem","SYSTEM TABLE"
"%Studio","WatchPoint","SYSTEM TABLE"
"%Studio","WatchVariable","SYSTEM TABLE"
"%Studio_Extension","Menu","SYSTEM TABLE"
"%Studio_Extension","MenuBase","SYSTEM TABLE"
"%Studio_SourceControl","Change","SYSTEM TABLE"
"%Studio_SourceControl","ItemSet","SYSTEM TABLE"
"%Studio_Template","HTMLAttribute","SYSTEM TABLE"
"%Studio_Template","HTMLElement","SYSTEM TABLE"
"%TSQL_sys","columns","SYSTEM TABLE"
"%TSQL_sys","constraints","SYSTEM TABLE"
"%TSQL_sys","indexes","SYSTEM TABLE"
"%TSQL_sys","keys","SYSTEM TABLE"
"%TSQL_sys","objects","SYSTEM TABLE"
"%TSQL_sys","procedure","SYSTEM TABLE"
"%TSQL_sys","types","SYSTEM TABLE"
"%UMLS_lex","LNORM","SYSTEM TABLE"
"%UMLS_lex","LRABR","SYSTEM TABLE"
"%UMLS_lex","LRAGR","SYSTEM TABLE"
"%UMLS_lex","LRCMP","SYSTEM TABLE"
"%UMLS_lex","LRFIL","SYSTEM TABLE"
"%UMLS_lex","LRFLD","SYSTEM TABLE"
"%UMLS_lex","LRMOD","SYSTEM TABLE"
"%UMLS_lex","LRNOM","SYSTEM TABLE"
"%UMLS_lex","LRPRN","SYSTEM TABLE"
"%UMLS_lex","LRPRP","SYSTEM TABLE"
"%UMLS_lex","LRSPL","SYSTEM TABLE"
"%UMLS_lex","LRTRM","SYSTEM TABLE"
"%UMLS_lex","LRTYP","SYSTEM TABLE"
"%UMLS_lex","LRWD","SYSTEM TABLE"
"%UMLS_meta","AMBIGLUI","SYSTEM TABLE"
"%UMLS_meta","AMBIGSUI","SYSTEM TABLE"
"%UMLS_meta","CUICOLL","SYSTEM TABLE"
"%UMLS_meta","DELETEDCUI","SYSTEM TABLE"
"%UMLS_meta","DELETEDLUI","SYSTEM TABLE"
"%UMLS_meta","DELETEDSUI","SYSTEM TABLE"
"%UMLS_meta","MERGEDCUI","SYSTEM TABLE"
"%UMLS_meta","MERGEDLUI","SYSTEM TABLE"
"%UMLS_meta","MRAUI","SYSTEM TABLE"
"%UMLS_meta","MRCOLS","SYSTEM TABLE"
"%UMLS_meta","MRCONSO","SYSTEM TABLE"
"%UMLS_meta","MRCUI","SYSTEM TABLE"
"%UMLS_meta","MRDEF","SYSTEM TABLE"
"%UMLS_meta","MRDOC","SYSTEM TABLE"
"%UMLS_meta","MRFILES","SYSTEM TABLE"
"%UMLS_meta","MRHIER","SYSTEM TABLE"
"%UMLS_meta","MRHIST","SYSTEM TABLE"
"%UMLS_meta","MRMAP","SYSTEM TABLE"
"%UMLS_meta","MRRANK","SYSTEM TABLE"
"%UMLS_meta","MRREL","SYSTEM TABLE"
"%UMLS_meta","MRSAB","SYSTEM TABLE"
"%UMLS_meta","MRSAT","SYSTEM TABLE"
"%UMLS_meta","MRSMAP","SYSTEM TABLE"
"%UMLS_meta","MRSTY","SYSTEM TABLE"
"%UMLS_meta","MRXNS_ENG","SYSTEM TABLE"
"%UMLS_meta","MRXNWCOLL","SYSTEM TABLE"
"%UMLS_meta","MRXNW_ENG","SYSTEM TABLE"
"%UMLS_meta","MRXW_BAQ","SYSTEM TABLE"
"%UMLS_meta","MRXW_CZE","SYSTEM TABLE"
"%UMLS_meta","MRXW_DAN","SYSTEM TABLE"
"%UMLS_meta","MRXW_DUT","SYSTEM TABLE"
"%UMLS_meta","MRXW_ENG","SYSTEM TABLE"
"%UMLS_meta","MRXW_FIN","SYSTEM TABLE"
"%UMLS_meta","MRXW_FRE","SYSTEM TABLE"
"%UMLS_meta","MRXW_GER","SYSTEM TABLE"
"%UMLS_meta","MRXW_HEB","SYSTEM TABLE"
"%UMLS_meta","MRXW_HUN","SYSTEM TABLE"
"%UMLS_meta","MRXW_ITA","SYSTEM TABLE"
"%UMLS_meta","MRXW_JPN","SYSTEM TABLE"
"%UMLS_meta","MRXW_KOR","SYSTEM TABLE"
"%UMLS_meta","MRXW_LAV","SYSTEM TABLE"
"%UMLS_meta","MRXW_NOR","SYSTEM TABLE"
"%UMLS_meta","MRXW_POL","SYSTEM TABLE"
"%UMLS_meta","MRXW_POR","SYSTEM TABLE"
"%UMLS_meta","MRXW_RUS","SYSTEM TABLE"
"%UMLS_meta","MRXW_SCR","SYSTEM TABLE"
"%UMLS_meta","MRXW_SPA","SYSTEM TABLE"
"%UMLS_meta","MRXW_SWE","SYSTEM TABLE"
"%UMLS_meta","SUICOLL","SYSTEM TABLE"
"%UnitTest_Result","TestAssert","SYSTEM TABLE"
"%UnitTest_Result","TestCase","SYSTEM TABLE"
"%UnitTest_Result","TestInstance","SYSTEM TABLE"
"%UnitTest_Result","TestMethod","SYSTEM TABLE"
"%UnitTest_Result","TestSuite","SYSTEM TABLE"
"%WebStress","Calls","SYSTEM TABLE"
"%WebStress","Control","SYSTEM TABLE"
"%WebStress","Errors","SYSTEM TABLE"
"%WebStress","Iterations","SYSTEM TABLE"
"%WebStress","Playback","SYSTEM TABLE"
"%WebStress","Run","SYSTEM TABLE"
"%WebStress","Scripts","SYSTEM TABLE"
"%WebStress","Tests","SYSTEM TABLE"
"%WebStress_Machines","ApplicationServers","SYSTEM TABLE"
"%WebStress_Machines","Generators","SYSTEM TABLE"
"%WebStress_Machines","WebServers","SYSTEM TABLE"
"%WebStress_Playback","Status","SYSTEM TABLE"
"%WebStress_Results","AppServerStats","SYSTEM TABLE"
"%WebStress_Results","Calls","SYSTEM TABLE"
"%WebStress_Results","General","SYSTEM TABLE"
"%WebStress_Results","Iterations","SYSTEM TABLE"
"%WebStress_Results","PageSummary","SYSTEM TABLE"
"%WebStress_Results","Summary","SYSTEM TABLE"
"%WebStress_Scripts","URLS","SYSTEM TABLE"
"%WebStress_Scripts_URLS","Parameters","SYSTEM TABLE"
"%WebStress_Tables","NoDelay","SYSTEM TABLE"
"%WebStress_Tables","NoResults","SYSTEM TABLE"
"%WebStress_Tests","Parameters","SYSTEM TABLE"
"%WebStress_Utils","Version","SYSTEM TABLE"
"%XML","XCatalog","SYSTEM TABLE"
"%XSQL_Catalog_Informix","syscolumns","SYSTEM TABLE"
"%XSQL_Catalog_Informix","systables","SYSTEM TABLE"
"%ZEN_Mobile_RSS","Application","SYSTEM TABLE"
"%ZEN_Mobile_RSS","Feed","SYSTEM TABLE"
"%ZEN_Mobile_RSS","Item","SYSTEM TABLE"
"%ZEN_Report","ExcelServer","SYSTEM TABLE"
"%ZEN_Report","PrintServer","SYSTEM TABLE"
"%ZEN_Report","RenderServer","SYSTEM TABLE"
"%ZEN_Report","TestReport","SYSTEM TABLE"
"%ZEN_Report","Version","SYSTEM TABLE"
"%iFind","Entity","SYSTEM TABLE"
"%iFind","OriginalWord","SYSTEM TABLE"
"%iFind","Transformation","SYSTEM TABLE"
"%iFind","Word","SYSTEM TABLE"
"%iFind","WordTransformation","SYSTEM TABLE"
"%iKnow","Configuration","SYSTEM TABLE"
"%iKnow","Domain","SYSTEM TABLE"
"%iKnow","UserDictionary","SYSTEM TABLE"
"%iKnow_Matching","MatchingProfile","SYSTEM TABLE"
"%iKnow_Objects","BlackList","SYSTEM TABLE"
"%iKnow_Objects","CcUnique","SYSTEM TABLE"
"%iKnow_Objects","CrcInSourceDetails","SYSTEM TABLE"
"%iKnow_Objects","CrcOccurrence","SYSTEM TABLE"
"%iKnow_Objects","CrcUnique","SYSTEM TABLE"
"%iKnow_Objects","Dictionary","SYSTEM TABLE"
"%iKnow_Objects","DictionaryItem","SYSTEM TABLE"
"%iKnow_Objects","DictionaryMatch","SYSTEM TABLE"
"%iKnow_Objects","DictionaryTerm","SYSTEM TABLE"
"%iKnow_Objects","EntityInSourceDetails","SYSTEM TABLE"
"%iKnow_Objects","EntityMatch","SYSTEM TABLE"
"%iKnow_Objects","EntityOccurrence","SYSTEM TABLE"
"%iKnow_Objects","EntityUnique","SYSTEM TABLE"
"%iKnow_Objects","MetadataField","SYSTEM TABLE"
"%iKnow_Objects","MetadataValue","SYSTEM TABLE"
"%iKnow_Objects","Path","SYSTEM TABLE"
"%iKnow_Objects","Sentence","SYSTEM TABLE"
"%iKnow_Objects","Source","SYSTEM TABLE"
"%iKnow_Objects","VirtualCrcOccurrence","SYSTEM TABLE"
"%iKnow_Objects","VirtualCrcUnique","SYSTEM TABLE"
"%iKnow_Objects","VirtualDictionaryMatch","SYSTEM TABLE"
"%iKnow_Objects","VirtualEntityOccurrence","SYSTEM TABLE"
"%iKnow_Objects","VirtualEntityUnique","SYSTEM TABLE"
"%iKnow_Objects","VirtualSentence","SYSTEM TABLE"
"%iKnow_Objects","VirtualSource","SYSTEM TABLE"
"%iKnow_Stemming","Configuration","SYSTEM TABLE"
"%iKnow_Stemming","HunspellConfig","SYSTEM TABLE"
"%iKnow_Stemming","MultiLanguageConfig","SYSTEM TABLE"
"%iKnow_Stemming","Rule","SYSTEM TABLE"
"%iKnow_Stemming","TextConfig","SYSTEM TABLE"
"%iKnow_ont_temp","SearchResult","SYSTEM TABLE"
"INFORMATION_SCHEMA","CHECK_CONSTRAINTS","SYSTEM TABLE"
"INFORMATION_SCHEMA","COLUMNS","SYSTEM TABLE"
"INFORMATION_SCHEMA","CONSTRAINT_COLUMN_USAGE","SYSTEM TABLE"
"INFORMATION_SCHEMA","CONSTRAINT_TABLE_USAGE","SYSTEM TABLE"
"INFORMATION_SCHEMA","INDEXES","SYSTEM TABLE"
"INFORMATION_SCHEMA","KEY_COLUMN_USAGE","SYSTEM TABLE"
"INFORMATION_SCHEMA","PARAMETERS","SYSTEM TABLE"
"INFORMATION_SCHEMA","REFERENTIAL_CONSTRAINTS","SYSTEM TABLE"
"INFORMATION_SCHEMA","ROUTINES","SYSTEM TABLE"
"INFORMATION_SCHEMA","SCHEMATA","SYSTEM TABLE"
"INFORMATION_SCHEMA","STATEMENTS","SYSTEM TABLE"
"INFORMATION_SCHEMA","STATEMENT_CHILDREN","SYSTEM TABLE"
"INFORMATION_SCHEMA","STATEMENT_LOCATIONS","SYSTEM TABLE"
"INFORMATION_SCHEMA","STATEMENT_PRIV_ACTIONS","SYSTEM TABLE"
"INFORMATION_SCHEMA","STATEMENT_PRIV_OBJECTS","SYSTEM TABLE"
"INFORMATION_SCHEMA","STATEMENT_RELATIONS","SYSTEM TABLE"
"INFORMATION_SCHEMA","TABLES","SYSTEM TABLE"
"INFORMATION_SCHEMA","TABLE_CONSTRAINTS","SYSTEM TABLE"
"INFORMATION_SCHEMA","TRIGGERS","SYSTEM TABLE"
"INFORMATION_SCHEMA","VIEWS","SYSTEM TABLE"
"INFORMATION_SCHEMA","VIEW_COLUMN_USAGE","SYSTEM TABLE"
"INFORMATION_SCHEMA","VIEW_TABLE_USAGE","SYSTEM TABLE"
"SQLUser","ACHReturnsReportHistory","TABLE"
"SQLUser","ACHReturnsReportLineItem","TABLE"
"SQLUser","ACHReturnsReportResponseDetail","TABLE"
"SQLUser","APCheck","TABLE"
"SQLUser","APCurrent","TABLE"
"SQLUser","APCurrentPO","TABLE"
"SQLUser","APHistory","TABLE"
"SQLUser","APHistoryAccountAllocation","TABLE"
"SQLUser","APHistoryPO","TABLE"
"SQLUser","APPostingHistory","TABLE"
"SQLUser","APPostingHistoryDetail","TABLE"
"SQLUser","APPostingHistoryDist","TABLE"
"SQLUser","APTransTemplate","TABLE"
"SQLUser","APTransTemplateDist","TABLE"
"SQLUser","APTransaction","TABLE"
"SQLUser","APTransactionDist","TABLE"
"SQLUser","APTransactionDocument","TABLE"
"SQLUser","APTransactionPO","TABLE"
"SQLUser","ARCurrent","TABLE"
"SQLUser","ARCurrentTemp","TABLE"
"SQLUser","ARDepositBatch","TABLE"
"SQLUser","ARHistory","TABLE"
"SQLUser","ARPostingHistory","TABLE"
"SQLUser","ARPostingHistoryDetail","TABLE"
"SQLUser","ARTemp","TABLE"
"SQLUser","ARTransaction","TABLE"
"SQLUser","AVSResponseCodes","TABLE"
"SQLUser","Advertising","TABLE"
"SQLUser","AvalaraInvoiceExportLog","TABLE"
"SQLUser","AvalaraTax","TABLE"
"SQLUser","AvalaraTransactionLogs","TABLE"
"SQLUser","BCHistory","TABLE"
"SQLUser","BCPOImportBrand","TABLE"
"SQLUser","BCPOImportControl","TABLE"
"SQLUser","BCPOImportDetail","TABLE"
"SQLUser","BCPOImportPO","TABLE"
"SQLUser","BankRecTXType","TABLE"
"SQLUser","BarcodeSchema","TABLE"
"SQLUser","BinLocation","TABLE"
"SQLUser","Branch","TABLE"
"SQLUser","BranchBrand","TABLE"
"SQLUser","BranchLocation","TABLE"
"SQLUser","BranchLogo","TABLE"
"SQLUser","Brand","TABLE"
"SQLUser","BrandFeatures","TABLE"
"SQLUser","BrandMiscType","TABLE"
"SQLUser","BrandServiceCenter","TABLE"
"SQLUser","CVVResponseCodes","TABLE"
"SQLUser","Carrier","TABLE"
"SQLUser","CheckSeries","TABLE"
"SQLUser","City","TABLE"
"SQLUser","CityDepartment","TABLE"
"SQLUser","ClickToPayServiceLog","TABLE"
"SQLUser","CollectionsDetail","TABLE"
"SQLUser","CollectionsHeader","TABLE"
"SQLUser","Color","TABLE"
"SQLUser","Columns","TABLE"
"SQLUser","ColumnsUsers","TABLE"
"SQLUser","Comment","TABLE"
"SQLUser","CommentDepartment","TABLE"
"SQLUser","Commission","TABLE"
"SQLUser","CommissionBonus","TABLE"
"SQLUser","CommissionPayoutPercent","TABLE"
"SQLUser","CommissionStructure","TABLE"
"SQLUser","CommissionStructureLevel","TABLE"
"SQLUser","CommissionStructureLevelMisc","TABLE"
"SQLUser","CommissionStructureLevelModel","TABLE"
"SQLUser","Complaint","TABLE"
"SQLUser","ContactType","TABLE"
"SQLUser","Contract","TABLE"
"SQLUser","ContractCoApplicant","TABLE"
"SQLUser","ContractCoSigner","TABLE"
"SQLUser","ContractCredit","TABLE"
"SQLUser","ContractDocument","TABLE"
"SQLUser","ContractHistory","TABLE"
"SQLUser","ContractNote","TABLE"
"SQLUser","ContractReference","TABLE"
"SQLUser","ContractStatus","TABLE"
"SQLUser","ContractType","TABLE"
"SQLUser","CostCenter","TABLE"
"SQLUser","Country","TABLE"
"SQLUser","CreditReason","TABLE"
"SQLUser","CreditStatus","TABLE"
"SQLUser","Customer","TABLE"
"SQLUser","CustomerAddress","TABLE"
"SQLUser","CustomerContact","TABLE"
"SQLUser","CustomerCreditCards","TABLE"
"SQLUser","CustomerDepartment","TABLE"
"SQLUser","CustomerDocument","TABLE"
"SQLUser","CustomerMailingList","TABLE"
"SQLUser","CustomerNote","TABLE"
"SQLUser","CustomerNotification","TABLE"
"SQLUser","CustomerNotificationLog","TABLE"
"SQLUser","DCHAccount","TABLE"
"SQLUser","DbupdatesLockOut","TABLE"
"SQLUser","DbupdatesLog","TABLE"
"SQLUser","Dealer","TABLE"
"SQLUser","DealerCustomer","TABLE"
"SQLUser","Department","TABLE"
"SQLUser","Destination","TABLE"
"SQLUser","DeviceLicense","TABLE"
"SQLUser","DeviceLicenseLog","TABLE"
"SQLUser","DispCallCount","TABLE"
"SQLUser","DispRoute","TABLE"
"SQLUser","DispatchMeError","TABLE"
"SQLUser","DispatchMeJob","TABLE"
"SQLUser","EDIChanges","TABLE"
"SQLUser","EDIMapping","TABLE"
"SQLUser","EDIMappingAttributes","TABLE"
"SQLUser","EDIMappingCodes","TABLE"
"SQLUser","EDIMappingFiles","TABLE"
"SQLUser","EFT","TABLE"
"SQLUser","EPASSSession","TABLE"
"SQLUser","EPAStatus","TABLE"
"SQLUser","EPATransaction","TABLE"
"SQLUser","EPATransactionLog","TABLE"
"SQLUser","EmailFormat","TABLE"
"SQLUser","EmailLink","TABLE"
"SQLUser","ErrLog","TABLE"
"SQLUser","ExtWarranty","TABLE"
"SQLUser","ExtWarrantySalesDivision","TABLE"
"SQLUser","Failure","TABLE"
"SQLUser","Features","TABLE"
"SQLUser","GLAccountAllocation","TABLE"
"SQLUser","GLAccountAllocationDetail","TABLE"
"SQLUser","GLBudget","TABLE"
"SQLUser","GLCostPostingDetail","TABLE"
"SQLUser","GLFinancialData","TABLE"
"SQLUser","GLFinancialFormat","TABLE"
"SQLUser","GLFinancialName","TABLE"
"SQLUser","GLMaster","TABLE"
"SQLUser","GLPostingHistory","TABLE"
"SQLUser","GLPostingHistoryDetail","TABLE"
"SQLUser","GLRepetativeTransaction","TABLE"
"SQLUser","GLRepetativeTransactionGroup","TABLE"
"SQLUser","GLTransaction","TABLE"
"SQLUser","GLTransactionHolding","TABLE"
"SQLUser","GLYtdTransaction","TABLE"
"SQLUser","HistoryComment","TABLE"
"SQLUser","HistoryMisc","TABLE"
"SQLUser","HistorySales","TABLE"
"SQLUser","HistoryService","TABLE"
"SQLUser","HistoryWarranty","TABLE"
"SQLUser","Holiday","TABLE"
"SQLUser","ImportTemplateTranslation","TABLE"
"SQLUser","InsCode","TABLE"
"SQLUser","InsCodePercent","TABLE"
"SQLUser","InvNumber","TABLE"
"SQLUser","InvPrintEmailFormConfig","TABLE"
"SQLUser","InvPrintForm","TABLE"
"SQLUser","InvPrintFormConfig","TABLE"
"SQLUser","InvType","TABLE"
"SQLUser","InvTypeBranchMinDeposit","TABLE"
"SQLUser","InvTypeDepartment","TABLE"
"SQLUser","InvTypeMiscTypesForInvoiceGM","TABLE"
"SQLUser","InvTypeMiscTypesForModelGM","TABLE"
"SQLUser","InvTypeSalesDivision","TABLE"
"SQLUser","InvTypeSerialType","TABLE"
"SQLUser","InventoryDivision","TABLE"
"SQLUser","InventoryType","TABLE"
"SQLUser","Invoice","TABLE"
"SQLUser","InvoiceAddress","TABLE"
"SQLUser","InvoiceArchive","TABLE"
"SQLUser","InvoiceArchiveAddress","TABLE"
"SQLUser","InvoiceArchiveComment","TABLE"
"SQLUser","InvoiceArchiveItem","TABLE"
"SQLUser","InvoiceArchiveLabor","TABLE"
"SQLUser","InvoiceArchiveMisc","TABLE"
"SQLUser","InvoiceArchiveModel","TABLE"
"SQLUser","InvoiceArchiveModelListPrices","TABLE"
"SQLUser","InvoiceArchiveNote","TABLE"
"SQLUser","InvoiceArchivePackage","TABLE"
"SQLUser","InvoiceArchivePayment","TABLE"
"SQLUser","InvoiceArchivePaymentSignature","TABLE"
"SQLUser","InvoiceArchivePaymentTxRequestData","TABLE"
"SQLUser","InvoiceArchivePaymentTxResponseData","TABLE"
"SQLUser","InvoiceArchiveSerial","TABLE"
"SQLUser","InvoiceArchiveSignature","TABLE"
"SQLUser","InvoiceArchiveTable1","TABLE"
"SQLUser","InvoiceArchiveTable2","TABLE"
"SQLUser","InvoiceArchiveTax","TABLE"
"SQLUser","InvoiceArchiveTaxCode","TABLE"
"SQLUser","InvoiceArchiveWarranty","TABLE"
"SQLUser","InvoiceArchiveWarrantyDetail","TABLE"
"SQLUser","InvoiceAudit","TABLE"
"SQLUser","InvoiceAuditLog","TABLE"
"SQLUser","InvoiceComment","TABLE"
"SQLUser","InvoiceContacts","TABLE"
"SQLUser","InvoiceDocument","TABLE"
"SQLUser","InvoiceIntegrationLog","TABLE"
"SQLUser","InvoiceItem","TABLE"
"SQLUser","InvoiceLabor","TABLE"
"SQLUser","InvoiceMisc","TABLE"
"SQLUser","InvoiceModel","TABLE"
"SQLUser","InvoiceModelListPrices","TABLE"
"SQLUser","InvoiceNote","TABLE"
"SQLUser","InvoicePackage","TABLE"
"SQLUser","InvoicePayment","TABLE"
"SQLUser","InvoicePaymentEHPReceipt","TABLE"
"SQLUser","InvoicePaymentEHPRequestData","TABLE"
"SQLUser","InvoicePaymentEPAReceipt","TABLE"
"SQLUser","InvoicePaymentEPARequestData","TABLE"
"SQLUser","InvoicePaymentEPPReceipt","TABLE"
"SQLUser","InvoicePaymentEPPRequestData","TABLE"
"SQLUser","InvoicePaymentMONReceipt","TABLE"
"SQLUser","InvoicePaymentMONRequestData","TABLE"
"SQLUser","InvoicePaymentSignature","TABLE"
"SQLUser","InvoicePaymentTxRequestData","TABLE"
"SQLUser","InvoicePaymentTxResponseData","TABLE"
"SQLUser","InvoicePaymentVIPReceipt","TABLE"
"SQLUser","InvoicePaymentVIPRequestData","TABLE"
"SQLUser","InvoicePostingHistory","TABLE"
"SQLUser","InvoicePostingHistoryDetail","TABLE"
"SQLUser","InvoicePrintAudit","TABLE"
"SQLUser","InvoiceRelations","TABLE"
"SQLUser","InvoiceReturns","TABLE"
"SQLUser","InvoiceSerial","TABLE"
"SQLUser","InvoiceSignature","TABLE"
"SQLUser","InvoiceSignatureContract","TABLE"
"SQLUser","InvoiceSpecialOrderSerialAuditTrail","TABLE"
"SQLUser","InvoiceTable1","TABLE"
"SQLUser","InvoiceTable2","TABLE"
"SQLUser","InvoiceTax","TABLE"
"SQLUser","InvoiceTaxCode","TABLE"
"SQLUser","InvoiceViewAudit","TABLE"
"SQLUser","InvoiceWarranty","TABLE"
"SQLUser","InvoiceWarrantyDetail","TABLE"
"SQLUser","InvoiceWebOrder","TABLE"
"SQLUser","InvoiceWebOrderInstall","TABLE"
"SQLUser","InvoiceWebOrderLabor","TABLE"
"SQLUser","InvoiceWebOrderMisc","TABLE"
"SQLUser","InvoiceWebOrderModel","TABLE"
"SQLUser","InvoiceWebOrderPayment","TABLE"
"SQLUser","InvoiceWebOrderWty","TABLE"
"SQLUser","InvoiceWebOrderWtyModelLines","TABLE"
"SQLUser","Item","TABLE"
"SQLUser","ItemAudit","TABLE"
"SQLUser","ItemBC","TABLE"
"SQLUser","ItemDelete","TABLE"
"SQLUser","ItemDocument","TABLE"
"SQLUser","ItemImage","TABLE"
"SQLUser","ItemImageLog","TABLE"
"SQLUser","ItemListPrice","TABLE"
"SQLUser","ItemListPriceDelete","TABLE"
"SQLUser","ItemLocation","TABLE"
"SQLUser","ItemLocationDelete","TABLE"
"SQLUser","ItemLocationImage","TABLE"
"SQLUser","ItemNote","TABLE"
"SQLUser","ItemOpenInvoiceImage","TABLE"
"SQLUser","ItemPhysicalAudit","TABLE"
"SQLUser","ItemPicture","TABLE"
"SQLUser","ItemPriceList","TABLE"
"SQLUser","ItemSales","TABLE"
"SQLUser","ItemTransfer","TABLE"
"SQLUser","ItemWirelessPhysical","TABLE"
"SQLUser","JobStatus","TABLE"
"SQLUser","JobStatusDepartment","TABLE"
"SQLUser","LaborRate","TABLE"
"SQLUser","ListPrice","TABLE"
"SQLUser","Location","TABLE"
"SQLUser","MPHPartsExport","TABLE"
"SQLUser","MailingCategory","TABLE"
"SQLUser","MapZone","TABLE"
"SQLUser","MapZoneCoordinates","TABLE"
"SQLUser","MapZoneDelivery","TABLE"
"SQLUser","MapZoneDepartment","TABLE"
"SQLUser","MapZoneVertices","TABLE"
"SQLUser","Markup","TABLE"
"SQLUser","MarkupListPrice","TABLE"
"SQLUser","MethodInv","TABLE"
"SQLUser","Misc","TABLE"
"SQLUser","MiscBranchTax","TABLE"
"SQLUser","MiscSalesDivision","TABLE"
"SQLUser","MiscType","TABLE"
"SQLUser","MiscTypeSalesDivision","TABLE"
"SQLUser","MobileTech","TABLE"
"SQLUser","MobileTechComment","TABLE"
"SQLUser","MobileTechCustomer","TABLE"
"SQLUser","MobileTechEmailInvoice","TABLE"
"SQLUser","MobileTechInvoice","TABLE"
"SQLUser","MobileTechItem","TABLE"
"SQLUser","MobileTechLabor","TABLE"
"SQLUser","MobileTechMessage","TABLE"
"SQLUser","MobileTechMisc","TABLE"
"SQLUser","MobileTechNote","TABLE"
"SQLUser","MobileTechPayment","TABLE"
"SQLUser","MobileTechPaymentDBUpdates","TABLE"
"SQLUser","MobileTechProcCustomer","TABLE"
"SQLUser","MobileTechSign","TABLE"
"SQLUser","MobileTechStoredProcedure","TABLE"
"SQLUser","MobileTechTran","TABLE"
"SQLUser","Model","TABLE"
"SQLUser","ModelAudit","TABLE"
"SQLUser","ModelDelivery","TABLE"
"SQLUser","ModelDocument","TABLE"
"SQLUser","ModelEcoFee","TABLE"
"SQLUser","ModelImage","TABLE"
"SQLUser","ModelImageLog","TABLE"
"SQLUser","ModelListPrice","TABLE"
"SQLUser","ModelMinMax","TABLE"
"SQLUser","ModelNote","TABLE"
"SQLUser","ModelPicture","TABLE"
"SQLUser","ModelPriceChange","TABLE"
"SQLUser","ModelPriceList","TABLE"
"SQLUser","ModelRegion","TABLE"
"SQLUser","ModelSupplierQOH","TABLE"
"SQLUser","ModelTransfer","TABLE"
"SQLUser","ModelWebCrossSellCodes","TABLE"
"SQLUser","ModelWebDownloads","TABLE"
"SQLUser","ModelWebFeatures","TABLE"
"SQLUser","ModelWebFields","TABLE"
"SQLUser","ModelWebImages","TABLE"
"SQLUser","ModelWebMetaData","TABLE"
"SQLUser","ModelWebSmartPanels","TABLE"
"SQLUser","ModelWebSpecs","TABLE"
"SQLUser","ModelWebTags","TABLE"
"SQLUser","ModelWebUpsellCodes","TABLE"
"SQLUser","OEM","TABLE"
"SQLUser","OrderCart","TABLE"
"SQLUser","OverrideAudit","TABLE"
"SQLUser","PDAEmails","TABLE"
"SQLUser","PDAPhysicalCountLog","TABLE"
"SQLUser","PDAPrizeDraw","TABLE"
"SQLUser","PDAQuote","TABLE"
"SQLUser","PDAScans","TABLE"
"SQLUser","PO","TABLE"
"SQLUser","POAddress","TABLE"
"SQLUser","POAuditTrail","TABLE"
"SQLUser","POAutoReserveAudit","TABLE"
"SQLUser","POBinLabel","TABLE"
"SQLUser","POCancelledOrders","TABLE"
"SQLUser","POComment","TABLE"
"SQLUser","PODocument","TABLE"
"SQLUser","POExceptions","TABLE"
"SQLUser","POFreight","TABLE"
"SQLUser","POItem","TABLE"
"SQLUser","POItemLabel","TABLE"
"SQLUser","POModel","TABLE"
"SQLUser","PONote","TABLE"
"SQLUser","PONumber","TABLE"
"SQLUser","POPriceChange","TABLE"
"SQLUser","POSerial","TABLE"
"SQLUser","POSerialLabel","TABLE"
"SQLUser","POSupplierInvoice","TABLE"
"SQLUser","POSupplierInvoiceDetail","TABLE"
"SQLUser","POSupplierInvoiceExceptions","TABLE"
"SQLUser","POTransferRequest","TABLE"
"SQLUser","Package","TABLE"
"SQLUser","PackageAIHub","TABLE"
"SQLUser","PackageComponent","TABLE"
"SQLUser","PassErr","TABLE"
"SQLUser","PassJobControl","TABLE"
"SQLUser","PassJobControlCU","TABLE"
"SQLUser","PassJobControlIIN","TABLE"
"SQLUser","PassJobControlINV","TABLE"
"SQLUser","PassUser","TABLE"
"SQLUser","PassUserHomeScreen","TABLE"
"SQLUser","PassUserSecurity","TABLE"
"SQLUser","PassUserSessionLog","TABLE"
"SQLUser","PaymentType","TABLE"
"SQLUser","PaymentTypeBranch","TABLE"
"SQLUser","PaymentTypeSwap","TABLE"
"SQLUser","Picker","TABLE"
"SQLUser","PickerBins","TABLE"
"SQLUser","PinPad","TABLE"
"SQLUser","PodiumExchange","TABLE"
"SQLUser","PodiumRules","TABLE"
"SQLUser","PostingBatchHistory","TABLE"
"SQLUser","PriceListTemplate","TABLE"
"SQLUser","PriceListTemplateList","TABLE"
"SQLUser","PrintFormTermsAndConditions","TABLE"
"SQLUser","Priority","TABLE"
"SQLUser","PriorityPerZoneDay","TABLE"
"SQLUser","Product","TABLE"
"SQLUser","ProductBrandSourceLinq","TABLE"
"SQLUser","ProductMajor","TABLE"
"SQLUser","ProductMinor","TABLE"
"SQLUser","ProductRetailDeck","TABLE"
"SQLUser","Project","TABLE"
"SQLUser","ProjectComponent","TABLE"
"SQLUser","ProjectForecast","TABLE"
"SQLUser","ProjectNote","TABLE"
"SQLUser","ProjectStatus","TABLE"
"SQLUser","Prompt","TABLE"
"SQLUser","QC","TABLE"
"SQLUser","QCAddress","TABLE"
"SQLUser","QCComment","TABLE"
"SQLUser","QCItem","TABLE"
"SQLUser","QCLabor","TABLE"
"SQLUser","QCMisc","TABLE"
"SQLUser","QCModel","TABLE"
"SQLUser","QCPackage","TABLE"
"SQLUser","QCPayment","TABLE"
"SQLUser","QCSerial","TABLE"
"SQLUser","QCTax","TABLE"
"SQLUser","QCWarranty","TABLE"
"SQLUser","Qualification","TABLE"
"SQLUser","RecordUnlocks","TABLE"
"SQLUser","Regions","TABLE"
"SQLUser","Repair","TABLE"
"SQLUser","ReportActions","TABLE"
"SQLUser","ReportAudit","TABLE"
"SQLUser","ReportBookmarkSchedule","TABLE"
"SQLUser","ReportBookmarkScheduleMonth","TABLE"
"SQLUser","ReportBookmarkScheduleWeek","TABLE"
"SQLUser","ReportBookmarks","TABLE"
"SQLUser","ReportBookmarksParams","TABLE"
"SQLUser","ReportBookmarksParamsItems","TABLE"
"SQLUser","ReportDashboard","TABLE"
"SQLUser","ReportDashboardSecurity","TABLE"
"SQLUser","ReportDashboardWidget","TABLE"
"SQLUser","ReportDashboardWidgetFilter","TABLE"
"SQLUser","ReportFavorites","TABLE"
"SQLUser","ReportFiles","TABLE"
"SQLUser","ReportGroups","TABLE"
"SQLUser","ReportHistory","TABLE"
"SQLUser","ReportLocks","TABLE"
"SQLUser","ReportLog","TABLE"
"SQLUser","ReportLogParams","TABLE"
"SQLUser","ReportLogParamsItems","TABLE"
"SQLUser","ReportMetaData","TABLE"
"SQLUser","ReportSecurity","TABLE"
"SQLUser","ReportStoreCrystal","TABLE"
"SQLUser","ReportStoreFiles","TABLE"
"SQLUser","ReportTeams","TABLE"
"SQLUser","ReportTeamsUsers","TABLE"
"SQLUser","ReportUserDashboard","TABLE"
"SQLUser","ReportWidget","TABLE"
"SQLUser","ReportWidgetGroup","TABLE"
"SQLUser","ReportWidgetGroupWidget","TABLE"
"SQLUser","Reports","TABLE"
"SQLUser","ReturnInitiatedBy","TABLE"
"SQLUser","ReturnOutcome","TABLE"
"SQLUser","ReturnReason","TABLE"
"SQLUser","Route","TABLE"
"SQLUser","RouteDepartment","TABLE"
"SQLUser","RouteQualifications","TABLE"
"SQLUser","SBError","TABLE"
"SQLUser","SBModel","TABLE"
"SQLUser","SBServiceJob","TABLE"
"SQLUser","SaleReferral","TABLE"
"SQLUser","SalesDivision","TABLE"
"SQLUser","SalesQueue","TABLE"
"SQLUser","Salesperson","TABLE"
"SQLUser","SalespersonCommission","TABLE"
"SQLUser","SalespersonDepartment","TABLE"
"SQLUser","SamsungError","TABLE"
"SQLUser","SamsungTicket","TABLE"
"SQLUser","ScheduledReports","TABLE"
"SQLUser","SchemaBrandProduct","TABLE"
"SQLUser","SecondaryResponseCodes","TABLE"
"SQLUser","SecurityOption","TABLE"
"SQLUser","Serial","TABLE"
"SQLUser","SerialBC","TABLE"
"SQLUser","SerialCostingExceptions","TABLE"
"SQLUser","SerialDeprec","TABLE"
"SQLUser","SerialDocument","TABLE"
"SQLUser","SerialID","TABLE"
"SQLUser","SerialIDImage","TABLE"
"SQLUser","SerialImage","TABLE"
"SQLUser","SerialPicture","TABLE"
"SQLUser","SerialSales","TABLE"
"SQLUser","SerialType","TABLE"
"SQLUser","SerialWirelessPhysical","TABLE"
"SQLUser","ServicePerformed","TABLE"
"SQLUser","ServicePower","TABLE"
"SQLUser","ServicePowerError","TABLE"
"SQLUser","ServiceRequest","TABLE"
"SQLUser","ShipVia","TABLE"
"SQLUser","ShippingMethod","TABLE"
"SQLUser","ShippingTier","TABLE"
"SQLUser","Supplier","TABLE"
"SQLUser","SupplierDiscount","TABLE"
"SQLUser","SupplierDocument","TABLE"
"SQLUser","SupplierEDIAccounts","TABLE"
"SQLUser","SupplierGLDist","TABLE"
"SQLUser","SupplierInvoiceTemplate","TABLE"
"SQLUser","SupplierNote","TABLE"
"SQLUser","SupplierPriceList","TABLE"
"SQLUser","SupplierPriceListFile","TABLE"
"SQLUser","SupplierType","TABLE"
"SQLUser","SvcReqAccounts","TABLE"
"SQLUser","Symptom","TABLE"
"SQLUser","System","TABLE"
"SQLUser","Table1","TABLE"
"SQLUser","Table1SalesDivision","TABLE"
"SQLUser","Table2","TABLE"
"SQLUser","TableType","TABLE"
"SQLUser","Tax","TABLE"
"SQLUser","Technician","TABLE"
"SQLUser","Terminal","TABLE"
"SQLUser","TerminalInvPrintEmailForm","TABLE"
"SQLUser","TerminalInvPrintForm","TABLE"
"SQLUser","TerminalTextFormats","TABLE"
"SQLUser","TextFormat","TABLE"
"SQLUser","TextMessage","TABLE"
"SQLUser","TextMessageMedia","TABLE"
"SQLUser","TextNumber","TABLE"
"SQLUser","TransferStatus","TABLE"
"SQLUser","TripCharge","TABLE"
"SQLUser","UPSalesperson","TABLE"
"SQLUser","UPTraffic","TABLE"
"SQLUser","UnitOfMeasure","TABLE"
"SQLUser","UpdateHistory","TABLE"
"SQLUser","UserFormDefaults","TABLE"
"SQLUser","UserLocation","TABLE"
"SQLUser","UserSearchDefaults","TABLE"
"SQLUser","UserTextNumber","TABLE"
"SQLUser","VarSE","TABLE"
"SQLUser","VersionInfo","TABLE"
"SQLUser","WCClaim","TABLE"
"SQLUser","WCReceive","TABLE"
"SQLUser","WMSBranchLocationPrinter","TABLE"
"SQLUser","WMSPrint","TABLE"
"SQLUser","WRCredit","TABLE"
"SQLUser","WRSale","TABLE"
"SQLUser","WarrantyType","TABLE"
"SQLUser","WebSession","TABLE"
"SQLUser","WebSessionVars","TABLE"
"SQLUser","WebStatistics","TABLE"
"SQLUser","WebTags","TABLE"
"SQLUser","WebsiteEmails","TABLE"
"SQLUser","WirelessLog","TABLE"
"SQLUser","WirelessTerminal","TABLE"
"SQLUser","XAPITransAudit","TABLE"
"SQLUser","XapiSession","TABLE"
"SQLUser","XapiSessionStatistics","TABLE"
"SQLUser","XapiSessionVars","TABLE"
"SQLUser","ePASSMessagesGroups","TABLE"
"SQLUser","ePassMessages","TABLE"
"SQLUser","ePassMessagesFolders","TABLE"
"SQLUser","ePassMessagesUsers","TABLE"
"SQLUser","varAP","TABLE"
"SQLUser","varAR","TABLE"
"SQLUser","varAppSettings","TABLE"
"SQLUser","varAppSettingsList","TABLE"
"SQLUser","varCompany","TABLE"
"SQLUser","varConfig","TABLE"
"SQLUser","varDS","TABLE"
"SQLUser","varDashboard","TABLE"
"SQLUser","varDashboardBankAccounts","TABLE"
"SQLUser","varEPASSPay","TABLE"
"SQLUser","varFIN","TABLE"
"SQLUser","varGL","TABLE"
"SQLUser","varIIN","TABLE"
"SQLUser","varINV","TABLE"
"SQLUser","varMES","TABLE"
"SQLUser","varMESEvents","TABLE"
"SQLUser","varPDA","TABLE"
"SQLUser","varPO","TABLE"
"SQLUser","varQC","TABLE"
"SQLUser","varSIN","TABLE"
"SQLUser","varSMTP","TABLE"
"SQLUser","varText","TABLE"
"SQLUser","varWI","TABLE"
"SQLUser","varWebsite","TABLE"
